halpha_e,obs_site,time,reference,time_system,FWHM,bisector,instr,star,airmass,exp_time,sig_to_noise_ratio_in_order_55,barycentric_earth_rv,uncert,halpha,rv,wavelength_calib_technique,source
0.000251118,La Silla Observatory,2400000.01,"Trifonov et al. (A&A 636, A74 (2020))",BJD,7.240392789,-0.025377829,HARPS,HD 201845,NaN,899.9949,300.7,26.85379617,0.696,0.432549791,-2.349,ThAr,Fake
0.000251118,La Silla Observatory,2400010.02,"Trifonov et al. (A&A 636, A74 (2020))",BJD,7.240392789,-0.025377829,HARPS,HD 201845,NaN,899.9949,300.7,26.85379617,0.696,0.432549791,-2.349,ThAr,Fake
0.000251118,La Silla Observatory,2400020.03,"Trifonov et al. (A&A 636, A74 (2020))",BJD,7.240392789,-0.025377829,HARPS,HD 201845,NaN,899.9949,300.7,26.85379617,0.696,0.432549791,-2.349,ThAr,Fake
0.000251118,La Silla Observatory,2400030.04,"Trifonov et al. (A&A 636, A74 (2020))",BJD,7.240392789,-0.025377829,HARPS,HD 201845,NaN,899.9949,300.7,26.85379617,0.696,0.432549791,-2.349,ThAr,Fake
0.000251118,La Silla Observatory,2400040.05,"Trifonov et al. (A&A 636, A74 (2020))",BJD,7.240392789,-0.025377829,HIRES,HD 201845,NaN,899.9949,300.7,26.85379617,0.696,0.432549791,-2.349,ThAr,Fake
0.000251118,La Silla Observatory,2400040.06,"Trifonov et al. (A&A 636, A74 (2020))",BJD,7.240392789,-0.025377829,HIRES,HD 201845,NaN,899.9949,300.7,26.85379617,0.696,0.432549791,-2.349,ThAr,Fake