Time,RV,Uncertainty,Observatory_Site,Star_Name,Time_Convention,Reference,Instrument,Wavelength_Calibration_Technique,Source,Halpha_Index,Halpha_Index_Error,Full_Width_Half_Maximum,Bisetor,Signal_to_noise_ratio_in_order_55,Exposure_Time,Airmass,Barycentric_Earth_Radial_Velocity
2400040.05,-2.349,0.696,La Silla Observatory,HD 201845,BJD,"Trifonov et al. (A&A 636, A74 (2020))",HIRES,ThAr,Fake,0.432549791,0.000251118,7.240392789,-0.025377829,300.7,899.9949,Nan,26.85379617,
2400040.06,-2.349,0.696,La Silla Observatory,HD 201845,BJD,"Trifonov et al. (A&A 636, A74 (2020))",HIRES,ThAr,Fake,0.432549791,0.000251118,7.240392789,-0.025377829,300.7,899.9949,Nan,26.85379617,
2400000.01
-2.349
0.696
La Silla Observatory
HD 201845
BJD
"Trifonov et al. (A&A 636, A74 (2020))"
HARPS
ThAr
Fake
0.432549791
0.000251118
7.240392789
-0.025377829
300.7
899.9949
NaN
26.85379617
2400010.02
-2.349
0.696
La Silla Observatory
HD 201845
BJD
"Trifonov et al. (A&A 636, A74 (2020))"
HARPS
ThAr
Fake
0.432549791
0.000251118
7.240392789
-0.025377829
300.7
899.9949
NaN
26.85379617
2400020.03
-2.349
0.696
La Silla Observatory
HD 201845
BJD
"Trifonov et al. (A&A 636, A74 (2020))"
HARPS
ThAr
Fake
0.432549791
0.000251118
7.240392789
-0.025377829
300.7
899.9949
NaN
26.85379617
2400030.04
-2.349
0.696
La Silla Observatory
HD 201845
BJD
"Trifonov et al. (A&A 636, A74 (2020))"
HARPS
ThAr
Fake
0.432549791
0.000251118
7.240392789
-0.025377829
300.7
899.9949
NaN
26.85379617
2400040.05
-2.349
0.696
La Silla Observatory
HD 201845
BJD
"Trifonov et al. (A&A 636, A74 (2020))"
HARPS
ThAr
Fake
0.432549791
0.000251118
7.240392789
-0.025377829
300.7
899.9949
NaN
26.85379617
2400040.06
-2.349
0.696
La Silla Observatory
HD 201845
BJD
"Trifonov et al. (A&A 636, A74 (2020))"
HARPS
ThAr
Fake
0.432549791
0.000251118
7.240392789
-0.025377829
300.7
899.9949
NaN
26.85379617
