Time,RV,Uncertainty,Observatory_Site,Star_Name,Time_Convention,Reference,Instrument,Wavelength_Calibration_Technique,Source,Halpha_Index,Halpha_Index_Error,Full_Width_Half_Maximum,Bisetor,Signal_to_noise_ratio_in_order_55,Exposure_Time,Airmass,Barycentric_Earth_Radial_Velocity
2453508.765,14903.264,2.966,"La Silla Observatory, Chile",HD152433,BJD,"Trifonov et al. (A&A 636, A74 (2020))",HARPS,ThAr,Trifonov,0.399417266,0.002394206,7.355846153,0.019678768,32.8,51.8022,,9.590093614
2453580.553,14911.033,2.556,"La Silla Observatory, Chile",HD152433,BJD,"Trifonov et al. (A&A 636, A74 (2020))",HARPS,ThAr,Trifonov,0.391792356,0.001960141,7.358835835,0.018124692,39.0,60.0003,,-22.25426679
2456177.536,14904.976,5.462,"La Silla Observatory, Chile",HD152433,BJD,"Trifonov et al. (A&A 636, A74 (2020))",HARPS,ThAr,Trifonov,0.402375872,0.005965055,7.384441473,0.02939595,15.7,494.9602,,-29.32988396
2456412.875,14909.621,1.466,"La Silla Observatory, Chile",HD152433,BJD,"Trifonov et al. (A&A 636, A74 (2020))",HARPS,ThAr,Trifonov,0.390891302,0.001006931,7.377827209,0.024389283,77.3,294.2601,,17.35921964
2456730.909,14899.8,1.75,"La Silla Observatory, Chile",HD152433,BJD,"Trifonov et al. (A&A 636, A74 (2020))",HARPS,ThAr,Trifonov,0.393280066,0.001406207,7.383874928,0.030384643,55.4,180.0004,,29.37022484
2456755.922,14903.417,1.329,"La Silla Observatory, Chile",HD152433,BJD,"Trifonov et al. (A&A 636, A74 (2020))",HARPS,ThAr,Trifonov,0.393986755,0.000786619,7.393380492,0.021956009,98.7,300.0014,,24.92097077
2457570.582,14916.781,3.641,"La Silla Observatory, Chile",HD152433,BJD,"Trifonov et al. (A&A 636, A74 (2020))",HARPS,ThAr,Trifonov,0.38873912,0.003246859,7.382265504,0.027050141,27.6,899.9983,,-11.34478232
2457622.468,14924.311,1.276,"La Silla Observatory, Chile",HD152433,BJD,"Trifonov et al. (A&A 636, A74 (2020))",HARPS,ThAr,Trifonov,0.395013844,0.001110444,7.405769583,0.034394398,71.6,119.9982,,-27.83523649
2457933.748,14919.863,2.025,"La Silla Observatory, Chile",HD152433,BJD,"Trifonov et al. (A&A 636, A74 (2020))",HARPS,ThAr,Trifonov,0.391800767,0.001659749,7.409961484,0.037645551,50.3,179.9982,,-10.74031053
