Time,RV,Uncertainty,Observatory_Site,Star_Name,Time_Convention,Reference,Instrument,Wavelength_Calibration_Technique,Source,Halpha_Index,Halpha_Index_Error,Full_Width_Half_Maximum,Bisetor,Signal_to_noise_ratio_in_order_55,Exposure_Time,Airmass,Barycentric_Earth_Radial_Velocity
2455043.848,-10611.537,6.305,"La Silla Observatory, Chile",GJ817,BJD,"Trifonov et al. (A&A 636, A74 (2020))",HARPS,ThAr,Trifonov,0.912401797,0.008130439,3.084566593,-0.016388856,11.0,299.9998,,2.342356771
2455054.748,-10609.81,5.175,"La Silla Observatory, Chile",GJ817,BJD,"Trifonov et al. (A&A 636, A74 (2020))",HARPS,ThAr,Trifonov,0.885197454,0.005922279,3.100826399,-0.006326526,15.3,899.9993,,-2.910283591
2455056.793,-10605.046,3.048,"La Silla Observatory, Chile",GJ817,BJD,"Trifonov et al. (A&A 636, A74 (2020))",HARPS,ThAr,Trifonov,0.898000516,0.003289956,3.104569891,-0.008072733,27.9,899.9996,,-4.03269573
2455516.542,-10602.906,2.483,"La Silla Observatory, Chile",GJ817,BJD,"Trifonov et al. (A&A 636, A74 (2020))",HARPS,ThAr,Trifonov,0.889145076,0.002711748,3.098590684,-0.007842444,33.3,900.0006,,-29.85919474
2455735.882,-10602.283,2.303,"La Silla Observatory, Chile",GJ817,BJD,"Trifonov et al. (A&A 636, A74 (2020))",HARPS,ThAr,Trifonov,0.886824647,0.002670713,3.118995356,-0.015437556,35.4,900.0002,,19.66806149
2455784.728,-10609.382,3.027,"La Silla Observatory, Chile",GJ817,BJD,"Trifonov et al. (A&A 636, A74 (2020))",HARPS,ThAr,Trifonov,0.903569966,0.003438477,3.099057132,-0.007366912,27.3,900.0001,,-2.602977958
2455815.682,-10606.142,2.327,"La Silla Observatory, Chile",GJ817,BJD,"Trifonov et al. (A&A 636, A74 (2020))",HARPS,ThAr,Trifonov,0.883745995,0.002718476,3.104012979,-0.011363382,33.8,899.9991,,-17.17757786
2455826.642,-10605.108,1.949,"La Silla Observatory, Chile",GJ817,BJD,"Trifonov et al. (A&A 636, A74 (2020))",HARPS,ThAr,Trifonov,0.896761189,0.002355491,3.106964571,-0.004808189,40.1,900.0057,,-21.43070179
2456055.864,-10612.047,2.406,"La Silla Observatory, Chile",GJ817,BJD,"Trifonov et al. (A&A 636, A74 (2020))",HARPS,ThAr,Trifonov,0.89755568,0.002725217,3.095762994,-0.015295801,34.1,899.9938,,29.64852974
