Time,RV,Uncertainty,Observatory_Name,Star_Name,Time_Convention,Reference,Instrument,Wavelength_Calibration_Technique,Source,Halpha_Index,Halpha_Index_Error,Full_Width_Half_Maximum,Bisetor,Signal_to_noise_ratio_in_order_55,Exposure_Time,Airmass,Barycentric_Earth_Radial_Velocity
2454542.719,100.293,2.089,La Silla Observatory,GJ594,BJD,"Trifonov et al. (A&A 636, A74 (2020))",HARPS,ThAr,Trifonov,0.527624839,0.000326723,43.22694935,34.06092715,274.0,161.8,,25.4494337
2454542.721,93.248,2.166,La Silla Observatory,GJ594,BJD,"Trifonov et al. (A&A 636, A74 (2020))",HARPS,ThAr,Trifonov,0.528394664,0.000338688,28.18513387,0.0,263.8,161.8,,25.44663824
2454542.761,36.108,1.716,La Silla Observatory,GJ594,BJD,"Trifonov et al. (A&A 636, A74 (2020))",HARPS,ThAr,Trifonov,0.527361722,0.00027034,21.49302777,0.285246965,335.3,161.8,,25.38820219
2454542.763,37.624,1.668,La Silla Observatory,GJ594,BJD,"Trifonov et al. (A&A 636, A74 (2020))",HARPS,ThAr,Trifonov,0.527290108,0.000256084,21.57598733,-0.429067899,351.6,161.8,,25.38457383
2454542.812,-48.776,1.753,La Silla Observatory,GJ594,BJD,"Trifonov et al. (A&A 636, A74 (2020))",HARPS,ThAr,Trifonov,0.526127675,0.000274229,23.81733621,-3.5274141,329.8,161.8,,25.29669643
2454542.815,-55.759,1.729,La Silla Observatory,GJ594,BJD,"Trifonov et al. (A&A 636, A74 (2020))",HARPS,ThAr,Trifonov,0.526621344,0.000272854,25.157455,-8.279711452,333.7,161.8,,25.29248238
2454546.721,-81.487,2.059,La Silla Observatory,GJ594,BJD,"Trifonov et al. (A&A 636, A74 (2020))",HARPS,ThAr,Trifonov,0.526549788,0.000263928,33.86609978,-13.74041229,343.6,123.0,,24.63052524
2454546.722,-66.748,2.116,La Silla Observatory,GJ594,BJD,"Trifonov et al. (A&A 636, A74 (2020))",HARPS,ThAr,Trifonov,0.526689192,0.000273748,200.7945102,0.0,331.6,123.0,,24.62797696
