Time,RV,Uncertainty,Observatory_Site,Star_Name,Time_Convention,Reference,Instrument,Wavelength_Calibration_Technique,Source,Halpha_Index,Halpha_Index_Error,Full_Width_Half_Maximum,Bisetor,Signal_to_noise_ratio_in_order_55,Exposure_Time,Airmass,Barycentric_Earth_Radial_Velocity
2454044.686,44330.687,1.205,"La Silla Observatory, Chile",HD28093,BJD,"Trifonov et al. (A&A 636, A74 (2020))",HARPS,ThAr,Trifonov,0.410788275,0.000728946,8.270700926,0.058551712,95.5,89.9981,,-3.350881117
2454370.798,44312.422,1.061,"La Silla Observatory, Chile",HD28093,BJD,"Trifonov et al. (A&A 636, A74 (2020))",HARPS,ThAr,Trifonov,0.412185312,0.000364154,8.301753025,0.061822213,190.8,90.0004,,0.172397595
2454371.781,44311.968,1.07,"La Silla Observatory, Chile",HD28093,BJD,"Trifonov et al. (A&A 636, A74 (2020))",HARPS,ThAr,Trifonov,0.409473743,0.000388778,8.301473329,0.064212971,177.4,90.0003,,0.093534109
2454684.902,44247.634,1.098,"La Silla Observatory, Chile",HD28093,BJD,"Trifonov et al. (A&A 636, A74 (2020))",HARPS,ThAr,Trifonov,0.413888353,0.000481873,8.290189993,0.054709779,147.0,45.0,,4.371570657
2454786.679,44263.693,1.116,"La Silla Observatory, Chile",HD28093,BJD,"Trifonov et al. (A&A 636, A74 (2020))",HARPS,ThAr,Trifonov,0.410757958,0.000516732,8.305426305,0.055243642,135.6,90.0,,-4.200842336
2454788.777,44253.94,1.057,"La Silla Observatory, Chile",HD28093,BJD,"Trifonov et al. (A&A 636, A74 (2020))",HARPS,ThAr,Trifonov,0.412372847,0.000357165,8.306436668,0.06058908,198.6,90.0,,-4.451845297
2454892.578,44249.854,1.094,"La Silla Observatory, Chile",HD28093,BJD,"Trifonov et al. (A&A 636, A74 (2020))",HARPS,ThAr,Trifonov,0.409214831,0.000464411,8.300067933,0.060999922,151.9,90.0,,-2.507499648
2454894.542,44239.288,1.072,"La Silla Observatory, Chile",HD28093,BJD,"Trifonov et al. (A&A 636, A74 (2020))",HARPS,ThAr,Trifonov,0.409972077,0.00040259,8.295111059,0.069071805,175.9,90.0,,-2.307433305
