Time,RV,Uncertainty,Observatory_Name,Star_Name,Time_Convention,Reference,Instrument,Wavelength_Calibration_Technique,Source,Halpha_Index,Halpha_Index_Error,Full_Width_Half_Maximum,Bisetor,Signal_to_noise_ratio_in_order_55,Exposure_Time,Airmass,Barycentric_Earth_Radial_Velocity
2452991.801,-9.04,1.943,La Silla Observatory,GJ2058,BJD,"Trifonov et al. (A&A 636, A74 (2020))",HARPS,ThAr,Trifonov,0.818055739,0.002392741,3.867741405,-0.013170733,37.7,397.4959,,11.71015996
2453006.814,-14.482,1.287,La Silla Observatory,GJ2058,BJD,"Trifonov et al. (A&A 636, A74 (2020))",HARPS,ThAr,Trifonov,0.820653053,0.001566053,3.874835554,-0.009875898,59.4,1617.7962,,5.929225189
2453377.728,-8.703,1.376,La Silla Observatory,GJ2058,BJD,"Trifonov et al. (A&A 636, A74 (2020))",HARPS,ThAr,Trifonov,0.787975988,0.001794211,3.873720112,-0.013392427,50.0,596.6772,,3.846718899
2456383.61,18.827,1.625,La Silla Observatory,GJ2058,BJD,"Trifonov et al. (A&A 636, A74 (2020))",HARPS,ThAr,Trifonov,0.788551914,0.001976264,3.884210027,-0.026996825,46.9,900.0004,,-22.40937291
2456398.505,7.731,0.948,La Silla Observatory,GJ2058,BJD,"Trifonov et al. (A&A 636, A74 (2020))",HARPS,ThAr,Trifonov,0.792068936,0.001377189,3.901834067,-0.025628548,68.9,899.9997,,-23.0833843
2457434.664,-0.659,0.525,La Silla Observatory,GJ2058,BJD,"Trifonov et al. (A&A 636, A74 (2020))",HARPS,ThAr,Trifonov,0.781652194,0.002974746,3.940330472,0.020750545,32.9,479.9983,,-11.65581431
2458017.862,1.399,0.766,La Silla Observatory,GJ2058,BJD,"Trifonov et al. (A&A 636, A74 (2020))",HARPS,ThAr,Trifonov,0.771732993,0.001966509,3.942620371,-0.005817491,48.8,899.9982,,20.72353489
