Time,RV,Uncertainty,Observatory_Site,Star_Name,Time_Convention,Reference,Instrument,Wavelength_Calibration_Technique,Source,Halpha_Index,Halpha_Index_Error,Full_Width_Half_Maximum,Bisetor,Signal_to_noise_ratio_in_order_55,Exposure_Time,Airmass,Barycentric_Earth_Radial_Velocity
2453201.791,-5533.391,1.337,"La Silla Observatory, Chile",HD199868,BJD,"Trifonov et al. (A&A 636, A74 (2020))",HARPS,ThAr,Trifonov,0.392621998,0.000789404,7.281227524,0.02792892,91.8,900.001,,0.181990261
2453520.897,-5534.51,2.429,"La Silla Observatory, Chile",HD199868,BJD,"Trifonov et al. (A&A 636, A74 (2020))",HARPS,ThAr,Trifonov,0.393191164,0.001755523,7.291460975,0.023283356,42.2,63.4949,,13.87900123
2454232.872,-5538.381,3.081,"La Silla Observatory, Chile",HD199868,BJD,"Trifonov et al. (A&A 636, A74 (2020))",HARPS,ThAr,Trifonov,0.395138446,0.002456467,7.290954428,0.019929885,32.8,100.0029,,17.57628735
2455830.549,-5533.965,1.457,"La Silla Observatory, Chile",HD199868,BJD,"Trifonov et al. (A&A 636, A74 (2020))",HARPS,ThAr,Trifonov,0.393269394,0.000985055,7.300835878,0.025468979,77.8,120.0056,,-18.45641509
2455877.514,-5536.588,1.764,"La Silla Observatory, Chile",HD199868,BJD,"Trifonov et al. (A&A 636, A74 (2020))",HARPS,ThAr,Trifonov,0.392147297,0.001433049,7.300684413,0.022507171,56.2,199.6052,,-18.00627897
2456176.652,-5530.889,2.049,"La Silla Observatory, Chile",HD199868,BJD,"Trifonov et al. (A&A 636, A74 (2020))",HARPS,ThAr,Trifonov,0.389742852,0.001574294,7.302722814,0.023156482,49.4,511.6799,,-15.21258508
2456208.639,-5533.513,2.548,"La Silla Observatory, Chile",HD199868,BJD,"Trifonov et al. (A&A 636, A74 (2020))",HARPS,ThAr,Trifonov,0.392015983,0.002065633,7.308872156,0.010468148,39.0,105.0803,,-19.69465125
2456502.763,-5535.623,2.13,"La Silla Observatory, Chile",HD199868,BJD,"Trifonov et al. (A&A 636, A74 (2020))",HARPS,ThAr,Trifonov,0.394375608,0.001657609,7.308809997,0.032009679,47.6,600.0011,,-4.284533004
