Time,RV,Uncertainty,Observatory_Site,Star_Name,Time_Convention,Reference,Instrument,Wavelength_Calibration_Technique,Source,Halpha_Index,Halpha_Index_Error,Full_Width_Half_Maximum,Bisetor,Signal_to_noise_ratio_in_order_55,Exposure_Time,Airmass,Barycentric_Earth_Radial_Velocity
2454365.662,-0.684,1.05,"La Silla Observatory, Chile",HD219011,BJD,"Trifonov et al. (A&A 636, A74 (2020))",HARPS,ThAr,Trifonov,0.422355615,0.000625183,7.470887997,-1.051488535,118.8,900.0004,,-12.87668871
2454724.66,3.609,0.792,"La Silla Observatory, Chile",HD219011,BJD,"Trifonov et al. (A&A 636, A74 (2020))",HARPS,ThAr,Trifonov,0.425463948,0.000646323,7.412412142,-0.016837214,116.6,900.0,,-11.20751226
2454725.649,2.435,0.948,"La Silla Observatory, Chile",HD219011,BJD,"Trifonov et al. (A&A 636, A74 (2020))",HARPS,ThAr,Trifonov,0.429908523,0.000777245,7.409207182,-0.015373741,96.7,900.0,,-11.46193691
2455787.823,-2.681,1.0,"La Silla Observatory, Chile",HD219011,BJD,"Trifonov et al. (A&A 636, A74 (2020))",HARPS,ThAr,Trifonov,0.425363784,0.000572728,7.405637685,-0.017090581,139.0,900.0003,,-1.316419436
2456063.941,0.082,1.312,"La Silla Observatory, Chile",HD219011,BJD,"Trifonov et al. (A&A 636, A74 (2020))",HARPS,ThAr,Trifonov,0.42659026,0.00106357,7.42433402,-0.014390116,72.7,899.9998,,19.14803243
2456183.672,-0.188,0.905,"La Silla Observatory, Chile",HD219011,BJD,"Trifonov et al. (A&A 636, A74 (2020))",HARPS,ThAr,Trifonov,0.430245055,0.000752774,7.413168911,-0.017189637,103.5,900.0,,-10.65834178
2456185.735,-1.689,1.131,"La Silla Observatory, Chile",HD219011,BJD,"Trifonov et al. (A&A 636, A74 (2020))",HARPS,ThAr,Trifonov,0.422666622,0.000723266,5.907392331,-0.141631149,106.3,899.999,,-11.312978
2456302.582,-1.404,1.285,"La Silla Observatory, Chile",HD219011,BJD,"Trifonov et al. (A&A 636, A74 (2020))",HARPS,ThAr,Trifonov,0.413973151,0.000856811,7.412697929,-0.017114201,88.5,900.0013,,-9.501737064
2456561.669,-2.88,1.013,"La Silla Observatory, Chile",HD219011,BJD,"Trifonov et al. (A&A 636, A74 (2020))",HARPS,ThAr,Trifonov,0.423242232,0.000821676,7.423631389,-0.02006945,94.0,900.0002,,-13.96697828
