Time,RV,Uncertainty,Observatory_Name,Star_Name,Time_Convention,Reference,Instrument,Wavelength_Calibration_Technique,Source,Halpha_Index,Halpha_Index_Error,Full_Width_Half_Maximum,Bisetor,Signal_to_noise_ratio_in_order_55,Exposure_Time,Airmass,Barycentric_Earth_Radial_Velocity
2454369.709,-0.332,1.284,La Silla Observatory,HD193690,BJD,"Trifonov et al. (A&A 636, A74 (2020))",HARPS,ThAr,Trifonov,0.448192105,0.001016072,7.173866096,-0.02608363,73.9,900.0005,,-26.32518403
2454724.574,-1.073,0.824,La Silla Observatory,HD193690,BJD,"Trifonov et al. (A&A 636, A74 (2020))",HARPS,ThAr,Trifonov,0.445608051,0.000783542,7.163687993,-0.022838519,101.2,900.0,,-23.07310428
2454725.551,-5.644,1.061,La Silla Observatory,HD193690,BJD,"Trifonov et al. (A&A 636, A74 (2020))",HARPS,ThAr,Trifonov,0.447619936,0.001071563,7.164500309,-0.019482636,73.0,900.0,,-23.33371216
2454726.545,-5.706,1.2,La Silla Observatory,HD193690,BJD,"Trifonov et al. (A&A 636, A74 (2020))",HARPS,ThAr,Trifonov,0.451549184,0.001032062,7.162001315,-0.022570155,77.0,900.0,,-23.63093478
2455788.664,5.674,1.214,La Silla Observatory,HD193690,BJD,"Trifonov et al. (A&A 636, A74 (2020))",HARPS,ThAr,Trifonov,0.443697736,0.001010605,7.177477905,-0.035123406,79.4,900.0002,,-10.31927961
2456063.896,4.331,1.17,La Silla Observatory,HD193690,BJD,"Trifonov et al. (A&A 636, A74 (2020))",HARPS,ThAr,Trifonov,0.448045024,0.001115361,7.18580752,-0.023178548,72.5,899.994,,26.90891644
2456184.621,-4.315,1.21,La Silla Observatory,HD193690,BJD,"Trifonov et al. (A&A 636, A74 (2020))",HARPS,ThAr,Trifonov,0.444585449,0.000992691,6.631068732,0.023401635,81.2,900.0004,,-22.86164495
2456444.847,9.245,1.662,La Silla Observatory,HD193690,BJD,"Trifonov et al. (A&A 636, A74 (2020))",HARPS,ThAr,Trifonov,0.440745614,0.001451684,7.179203966,-0.020622799,55.7,900.0014,,22.85819375
2456462.861,8.503,1.596,La Silla Observatory,HD193690,BJD,"Trifonov et al. (A&A 636, A74 (2020))",HARPS,ThAr,Trifonov,0.447043255,0.001394515,7.193302513,-0.037019432,57.6,900.0005,,16.14567372
