Time,RV,Uncertainty,Observatory_Site,Star_Name,Time_Convention,Reference,Instrument,Wavelength_Calibration_Technique,Source,Halpha_Index,Halpha_Index_Error,Full_Width_Half_Maximum,Bisetor,Signal_to_noise_ratio_in_order_55,Exposure_Time,Airmass,Barycentric_Earth_Radial_Velocity
2453049.744,28352.085,1.244,"La Silla Observatory, Chile",GJ9299,BJD,"Trifonov et al. (A&A 636, A74 (2020))",HARPS,ThAr,Trifonov,0.688988032,0.001302751,3.912173117,-0.034740568,65.7,632.697,,1.10655876
2453061.669,28336.291,1.771,"La Silla Observatory, Chile",GJ9299,BJD,"Trifonov et al. (A&A 636, A74 (2020))",HARPS,ThAr,Trifonov,0.691082977,0.001776434,3.896259571,-0.012550923,47.9,899.9954,,-4.689103403
2453372.8,28356.52,1.895,"La Silla Observatory, Chile",GJ9299,BJD,"Trifonov et al. (A&A 636, A74 (2020))",HARPS,ThAr,Trifonov,0.69196652,0.002039539,3.957482925,-0.018908528,43.5,343.3775,,20.16141207
2454135.759,28352.835,1.308,"La Silla Observatory, Chile",GJ9299,BJD,"Trifonov et al. (A&A 636, A74 (2020))",HARPS,ThAr,Trifonov,0.689699027,0.001261179,3.932668353,-0.030727498,69.6,345.2027,,5.945500558
2454255.482,28366.835,3.338,"La Silla Observatory, Chile",GJ9299,BJD,"Trifonov et al. (A&A 636, A74 (2020))",HARPS,ThAr,Trifonov,0.70531773,0.003036178,3.945351386,-0.04909448,28.9,600.0014,,-26.88304302
2454259.465,28347.014,1.432,"La Silla Observatory, Chile",GJ9299,BJD,"Trifonov et al. (A&A 636, A74 (2020))",HARPS,ThAr,Trifonov,0.692946408,0.001502378,3.940286714,-0.037580386,58.8,359.9999,,-26.29599498
2454902.753,28349.783,1.692,"La Silla Observatory, Chile",GJ9299,BJD,"Trifonov et al. (A&A 636, A74 (2020))",HARPS,ThAr,Trifonov,0.675076464,0.001818407,3.939526141,-0.04565599,49.1,345.2,,-11.87576193
2455682.534,28347.894,1.465,"La Silla Observatory, Chile",GJ9299,BJD,"Trifonov et al. (A&A 636, A74 (2020))",HARPS,ThAr,Trifonov,0.687977027,0.001436701,3.929869379,-0.024706904,61.6,414.3003,,-26.8013214
