Time,RV,Uncertainty,Observatory_Name,Star_Name,Time_Convention,Reference,Instrument,Wavelength_Calibration_Technique,Source,Halpha_Index,Halpha_Index_Error,Full_Width_Half_Maximum,Bisetor,Signal_to_noise_ratio_in_order_55,Exposure_Time,Airmass,Barycentric_Earth_Radial_Velocity
2453016.847,1965.179,2.06,La Silla Observatory,HIP54469,BJD,"Trifonov et al. (A&A 636, A74 (2020))",HARPS,ThAr,Trifonov,0.398480306,0.001589924,7.045061121,0.029737343,46.1,552.4011,,21.15887484
2453052.735,2172.91,1.955,La Silla Observatory,HIP54469,BJD,"Trifonov et al. (A&A 636, A74 (2020))",HARPS,ThAr,Trifonov,0.407197152,0.001554795,7.021410453,0.024591035,47.3,640.0967,,14.79623638
2453056.777,2201.053,1.55,La Silla Observatory,HIP54469,BJD,"Trifonov et al. (A&A 636, A74 (2020))",HARPS,ThAr,Trifonov,0.400926425,0.001132969,7.031469718,0.027398323,63.1,899.9967,,13.55659649
2453064.793,2232.436,1.83,La Silla Observatory,HIP54469,BJD,"Trifonov et al. (A&A 636, A74 (2020))",HARPS,ThAr,Trifonov,0.398387751,0.001379558,7.024968911,0.016236305,53.9,899.9955,,11.03162298
2453490.603,799.057,1.804,La Silla Observatory,HIP54469,BJD,"Trifonov et al. (A&A 636, A74 (2020))",HARPS,ThAr,Trifonov,0.401160749,0.001238969,7.040379048,0.018658785,57.5,899.9807,,-10.00775193
2453491.672,793.334,1.839,La Silla Observatory,HIP54469,BJD,"Trifonov et al. (A&A 636, A74 (2020))",HARPS,ThAr,Trifonov,0.401127512,0.001253466,7.036568379,0.025500637,57.0,551.0808,,-10.45664334
2453492.559,790.695,1.24,La Silla Observatory,HIP54469,BJD,"Trifonov et al. (A&A 636, A74 (2020))",HARPS,ThAr,Trifonov,0.399311588,0.000837245,7.033329564,0.020900988,83.9,826.5813,,-10.54846486
2453573.46,-7.698,2.555,La Silla Observatory,HIP54469,BJD,"Trifonov et al. (A&A 636, A74 (2020))",HARPS,ThAr,Trifonov,0.406438908,0.001787757,7.037694908,0.027029583,40.6,900.0023,,-19.92061586
2454173.744,-8286.878,1.516,La Silla Observatory,HIP54469,BJD,"Trifonov et al. (A&A 636, A74 (2020))",HARPS,ThAr,Trifonov,0.404366587,0.001139546,7.062027662,0.023213889,64.1,899.9949,,6.643720021
