Time,RV,Uncertainty,Observatory_Site,Star_Name,Time_Convention,Reference,Instrument,Wavelength_Calibration_Technique,Source,Halpha_Index,Halpha_Index_Error,Full_Width_Half_Maximum,Bisetor,Signal_to_noise_ratio_in_order_55,Exposure_Time,Airmass,Barycentric_Earth_Radial_Velocity
2453015.83,8167.053,1.082,"La Silla Observatory, Chile",HD98356,BJD,"Trifonov et al. (A&A 636, A74 (2020))",HARPS,ThAr,Trifonov,0.477135038,0.000581648,6.210214136,0.006201676,130.9,2357.4016,,26.6331302
2453046.725,8166.723,0.949,"La Silla Observatory, Chile",HD98356,BJD,"Trifonov et al. (A&A 636, A74 (2020))",HARPS,ThAr,Trifonov,0.477129937,0.000672683,6.212023651,0.011064945,112.8,899.9969,,16.30689341
2453412.757,8140.453,0.927,"La Silla Observatory, Chile",HD98356,BJD,"Trifonov et al. (A&A 636, A74 (2020))",HARPS,ThAr,Trifonov,0.478008121,0.000737129,6.218737721,0.008669087,104.6,900.001,,15.88927284
2453484.648,8133.962,1.078,"La Silla Observatory, Chile",HD98356,BJD,"Trifonov et al. (A&A 636, A74 (2020))",HARPS,ThAr,Trifonov,0.471670578,0.000562634,6.225333777,0.008613971,136.1,899.9831,,-18.08730276
2455289.756,7299.479,0.914,"La Silla Observatory, Chile",HD98356,BJD,"Trifonov et al. (A&A 636, A74 (2020))",HARPS,ThAr,Trifonov,0.473555085,0.000586863,6.238461629,0.012554487,135.7,900.0004,,-9.061696173
2455307.6,7270.719,0.709,"La Silla Observatory, Chile",HD98356,BJD,"Trifonov et al. (A&A 636, A74 (2020))",HARPS,ThAr,Trifonov,0.47187071,0.000490855,6.240274395,0.012688822,158.9,900.0067,,-16.66732919
2455322.634,7237.977,0.681,"La Silla Observatory, Chile",HD98356,BJD,"Trifonov et al. (A&A 636, A74 (2020))",HARPS,ThAr,Trifonov,0.471851501,0.000557689,6.239319041,0.00920437,141.2,900.0061,,-22.18024301
2455341.609,7203.681,0.767,"La Silla Observatory, Chile",HD98356,BJD,"Trifonov et al. (A&A 636, A74 (2020))",HARPS,ThAr,Trifonov,0.473578309,0.00071134,6.25335453,0.008658705,113.3,900.006,,-26.85701009
