Time,RV,Uncertainty,Observatory_Site,Star_Name,Time_Convention,Reference,Instrument,Wavelength_Calibration_Technique,Source,Halpha_Index,Halpha_Index_Error,Full_Width_Half_Maximum,Bisetor,Signal_to_noise_ratio_in_order_55,Exposure_Time,Airmass,Barycentric_Earth_Radial_Velocity
2453945.762,-0.419,1.066,"La Silla Observatory, Chile",HD201161,BJD,"Trifonov et al. (A&A 636, A74 (2020))",HARPS,ThAr,Trifonov,0.549715533,0.001471393,6.038330514,0.007233329,56.7,338.9017,,5.161093497
2453951.751,-1.91,1.599,"La Silla Observatory, Chile",HD201161,BJD,"Trifonov et al. (A&A 636, A74 (2020))",HARPS,ThAr,Trifonov,0.552458452,0.002146394,6.044859435,0.008512361,39.2,440.5999,,2.216642651
2456517.769,0.213,1.255,"La Silla Observatory, Chile",HD201161,BJD,"Trifonov et al. (A&A 636, A74 (2020))",HARPS,ThAr,Trifonov,0.546432559,0.001490425,6.0671563,0.003634002,57.2,1430.6212,,-2.426162894
2456555.681,2.993,1.172,"La Silla Observatory, Chile",HD201161,BJD,"Trifonov et al. (A&A 636, A74 (2020))",HARPS,ThAr,Trifonov,0.544852982,0.00119749,6.055454028,0.009833012,70.0,900.0003,,-19.68300922
2456556.526,5.256,2.517,"La Silla Observatory, Chile",HD201161,BJD,"Trifonov et al. (A&A 636, A74 (2020))",HARPS,ThAr,Trifonov,0.542705401,0.002970226,6.062811042,-0.014319796,29.4,900.001,,-19.63546852
2456582.644,-0.017,1.09,"La Silla Observatory, Chile",HD201161,BJD,"Trifonov et al. (A&A 636, A74 (2020))",HARPS,ThAr,Trifonov,0.544274524,0.001037603,6.064704756,0.000147849,80.2,900.001,,-27.78198876
2456968.616,-3.699,1.355,"La Silla Observatory, Chile",HD201161,BJD,"Trifonov et al. (A&A 636, A74 (2020))",HARPS,ThAr,Trifonov,0.545547889,0.001531733,6.04861965,-0.000759845,56.1,899.9943,,-30.14709891
2457583.793,2.377,0.745,"La Silla Observatory, Chile",HD201161,BJD,"Trifonov et al. (A&A 636, A74 (2020))",HARPS,ThAr,Trifonov,0.549123821,0.001769751,6.06660934,0.022259245,51.1,899.9983,,11.98304435
2457586.708,-3.083,0.848,"La Silla Observatory, Chile",HD201161,BJD,"Trifonov et al. (A&A 636, A74 (2020))",HARPS,ThAr,Trifonov,0.551270792,0.001928851,6.069188083,0.020141882,46.1,299.9983,,10.86048133
