Time,RV,Uncertainty,Observatory_Site,Star_Name,Time_Convention,Reference,Instrument,Wavelength_Calibration_Technique,Source,Halpha_Index,Halpha_Index_Error,Full_Width_Half_Maximum,Bisetor,Signal_to_noise_ratio_in_order_55,Exposure_Time,Airmass,Barycentric_Earth_Radial_Velocity
2454578.737,-4874.998,2.465,"La Silla Observatory, Chile",HIP59341,BJD,"Trifonov et al. (A&A 636, A74 (2020))",HARPS,ThAr,Trifonov,0.42427236,0.000657392,7.202978919,0.12007409,113.8,1000.0,,-3.580984771
2454579.766,-4874.026,2.578,"La Silla Observatory, Chile",HIP59341,BJD,"Trifonov et al. (A&A 636, A74 (2020))",HARPS,ThAr,Trifonov,0.421730974,0.000746996,7.202324725,0.122559279,100.7,1000.0,,-4.021589115
2455649.696,-231.68,1.597,"La Silla Observatory, Chile",HIP59341,BJD,"Trifonov et al. (A&A 636, A74 (2020))",HARPS,ThAr,Trifonov,0.418824896,0.000661773,7.900617646,-0.058809464,117.0,900.0064,,6.422534819
2455788.508,10.656,2.154,"La Silla Observatory, Chile",HIP59341,BJD,"Trifonov et al. (A&A 636, A74 (2020))",HARPS,ThAr,Trifonov,0.418869088,0.001070246,7.646842825,-0.051865848,70.7,900.0003,,-20.32437205
2456442.626,1101.123,1.919,"La Silla Observatory, Chile",HIP59341,BJD,"Trifonov et al. (A&A 636, A74 (2020))",HARPS,ThAr,Trifonov,0.419475063,0.001081074,8.60525504,-0.106070545,73.4,900.0013,,-16.46994431
2456443.632,1124.416,2.036,"La Silla Observatory, Chile",HIP59341,BJD,"Trifonov et al. (A&A 636, A74 (2020))",HARPS,ThAr,Trifonov,0.4156242,0.001127294,8.598839389,-0.099806279,70.3,900.0005,,-16.75545063
2456444.637,1118.95,2.147,"La Silla Observatory, Chile",HIP59341,BJD,"Trifonov et al. (A&A 636, A74 (2020))",HARPS,ThAr,Trifonov,0.413024134,0.001175913,8.617350104,-0.11486083,65.7,900.0016,,-17.03384828
2456461.598,1164.696,1.626,"La Silla Observatory, Chile",HIP59341,BJD,"Trifonov et al. (A&A 636, A74 (2020))",HARPS,ThAr,Trifonov,0.423292569,0.000743396,8.665227875,-0.135194451,104.3,900.0001,,-20.75420834
2456462.606,1162.754,1.771,"La Silla Observatory, Chile",HIP59341,BJD,"Trifonov et al. (A&A 636, A74 (2020))",HARPS,ThAr,Trifonov,0.419056422,0.000868201,8.67859094,-0.142516314,88.4,899.9998,,-20.93479999
