Time,RV,Uncertainty,Observatory_Name,Star_Name,Time_Convention,Reference,Instrument,Wavelength_Calibration_Technique,Source,Halpha_Index,Halpha_Index_Error,Full_Width_Half_Maximum,Bisetor,Signal_to_noise_ratio_in_order_55,Exposure_Time,Airmass,Barycentric_Earth_Radial_Velocity
2452943.776,-20.891,2.148,La Silla Observatory,HD28969,BJD,"Trifonov et al. (A&A 636, A74 (2020))",HARPS,ThAr,Trifonov,0.400379171,0.0014778,9.007050287,0.034964889,50.1,75.9962,,11.87444727
2453373.71,-17.737,2.025,La Silla Observatory,HD28969,BJD,"Trifonov et al. (A&A 636, A74 (2020))",HARPS,ThAr,Trifonov,0.394616551,0.001407341,9.024441655,0.02535614,53.1,188.7808,,-16.3311996
2454902.52,8.103,1.851,La Silla Observatory,HD28969,BJD,"Trifonov et al. (A&A 636, A74 (2020))",HARPS,ThAr,Trifonov,0.407737785,0.001341605,9.061817631,0.023531053,58.1,75.5,,-25.416322
2454902.524,9.39,1.973,La Silla Observatory,HD28969,BJD,"Trifonov et al. (A&A 636, A74 (2020))",HARPS,ThAr,Trifonov,0.41000523,0.001431419,9.067337059,0.046556816,54.8,75.5,,-25.42493713
2455428.912,-2.096,2.856,La Silla Observatory,HD28969,BJD,"Trifonov et al. (A&A 636, A74 (2020))",HARPS,ThAr,Trifonov,0.410341025,0.001873276,9.05494127,0.042699492,42.5,90.0005,,25.56538032
2455437.873,3.794,1.908,La Silla Observatory,HD28969,BJD,"Trifonov et al. (A&A 636, A74 (2020))",HARPS,ThAr,Trifonov,0.411665301,0.001274353,9.013320476,0.030561384,61.8,120.0006,,25.85394695
2455460.9,12.961,1.759,La Silla Observatory,HD28969,BJD,"Trifonov et al. (A&A 636, A74 (2020))",HARPS,ThAr,Trifonov,0.404038464,0.001229836,9.034852668,0.031686474,64.9,900.0005,,23.58456202
2455531.794,-26.478,2.67,La Silla Observatory,HD28969,BJD,"Trifonov et al. (A&A 636, A74 (2020))",HARPS,ThAr,Trifonov,0.398749076,0.001617738,9.031150608,0.040324529,47.3,98.1996,,-2.119768503
2455928.589,9.694,1.856,La Silla Observatory,HD28969,BJD,"Trifonov et al. (A&A 636, A74 (2020))",HARPS,ThAr,Trifonov,0.399260774,0.001320508,9.066566863,0.028311418,59.6,755.2001,,-15.35035548
