Time,RV,Uncertainty,Observatory_Name,Star_Name,Time_Convention,Reference,Instrument,Wavelength_Calibration_Technique,Source,Halpha_Index,Halpha_Index_Error,Full_Width_Half_Maximum,Bisetor,Signal_to_noise_ratio_in_order_55,Exposure_Time,Airmass,Barycentric_Earth_Radial_Velocity
2453145.729,-12.997,2.744,La Silla Observatory,HIP69224,BJD,"Trifonov et al. (A&A 636, A74 (2020))",HARPS,ThAr,Trifonov,0.508310536,0.003570839,1.34548437,-0.225705893,22.4,541.9995,,-5.568318175
2453153.609,3.795,1.548,La Silla Observatory,HIP69224,BJD,"Trifonov et al. (A&A 636, A74 (2020))",HARPS,ThAr,Trifonov,0.512098175,0.001852604,3.436542204,0.246906521,40.7,444.5011,,-8.677922924
2453159.674,3.429,1.34,La Silla Observatory,HIP69224,BJD,"Trifonov et al. (A&A 636, A74 (2020))",HARPS,ThAr,Trifonov,0.517368928,0.001487099,9.294026335,1.220199736,50.8,495.4004,,-11.21276583
2453921.522,-0.513,1.412,La Silla Observatory,HIP69224,BJD,"Trifonov et al. (A&A 636, A74 (2020))",HARPS,ThAr,Trifonov,0.512935666,0.001691426,6.648245531,-0.037389588,46.8,311.9997,,-21.14299812
2455664.799,0.481,1.527,La Silla Observatory,HIP69224,BJD,"Trifonov et al. (A&A 636, A74 (2020))",HARPS,ThAr,Trifonov,0.50773023,0.001836879,6.641539301,-0.035213607,45.4,310.3074,,10.65976151
2456467.544,-0.197,1.482,La Silla Observatory,HIP69224,BJD,"Trifonov et al. (A&A 636, A74 (2020))",HARPS,ThAr,Trifonov,0.507564551,0.002047141,6.631634948,-0.038359545,41.2,600.0007,,-18.20944142
2456525.48,0.126,1.729,La Silla Observatory,HIP69224,BJD,"Trifonov et al. (A&A 636, A74 (2020))",HARPS,ThAr,Trifonov,0.506063644,0.00218758,6.698624309,-0.052968729,38.4,299.9996,,-25.16193701
2456732.733,-3.525,1.453,La Silla Observatory,HIP69224,BJD,"Trifonov et al. (A&A 636, A74 (2020))",HARPS,ThAr,Trifonov,0.506372829,0.001899197,6.694857942,-0.038604478,43.6,490.7302,,20.64422711
