Time,RV,Uncertainty,Observatory_Site,Star_Name,Time_Convention,Reference,Instrument,Wavelength_Calibration_Technique,Source,Halpha_Index,Halpha_Index_Error,Full_Width_Half_Maximum,Bisetor,Signal_to_noise_ratio_in_order_55,Exposure_Time,Airmass,Barycentric_Earth_Radial_Velocity
2453006.785,0.103,1.075,"La Silla Observatory, Chile",HIP35937,BJD,"Trifonov et al. (A&A 636, A74 (2020))",HARPS,ThAr,Trifonov,0.6625324,0.001125993,7.021059014,-0.006130972,74.5,2012.3956,,3.249697532
2453059.618,-1.539,1.334,"La Silla Observatory, Chile",HIP35937,BJD,"Trifonov et al. (A&A 636, A74 (2020))",HARPS,ThAr,Trifonov,0.668825466,0.0017126,3.762558458,-0.02353525,49.8,759.9952,,7.457464315
2453377.757,-1.468,1.358,"La Silla Observatory, Chile",HIP35937,BJD,"Trifonov et al. (A&A 636, A74 (2020))",HARPS,ThAr,Trifonov,0.672316033,0.001727269,3.73558774,-0.017912314,47.8,487.277,,3.927980358
2453691.721,-6.33,2.168,"La Silla Observatory, Chile",HIP35937,BJD,"Trifonov et al. (A&A 636, A74 (2020))",HARPS,ThAr,Trifonov,0.666872447,0.002700829,3.761948732,-0.034713961,31.3,900.0015,,-2.609306915
2453787.603,3.135,1.538,"La Silla Observatory, Chile",HIP35937,BJD,"Trifonov et al. (A&A 636, A74 (2020))",HARPS,ThAr,Trifonov,0.664598375,0.001863367,3.755584869,-0.02755734,44.8,489.9005,,7.38995022
2453788.589,-0.314,1.297,"La Silla Observatory, Chile",HIP35937,BJD,"Trifonov et al. (A&A 636, A74 (2020))",HARPS,ThAr,Trifonov,0.666962942,0.001477041,3.747264842,-0.009959556,56.5,489.9016,,7.425526921
2453836.488,1.745,1.176,"La Silla Observatory, Chile",HIP35937,BJD,"Trifonov et al. (A&A 636, A74 (2020))",HARPS,ThAr,Trifonov,0.669864035,0.001554193,3.749929896,-0.022155342,54.2,489.8988,,6.237344309
2454143.608,1.104,1.457,"La Silla Observatory, Chile",HIP35937,BJD,"Trifonov et al. (A&A 636, A74 (2020))",HARPS,ThAr,Trifonov,0.663950445,0.002016525,3.733773923,-0.022135464,42.4,489.8975,,7.01260807
