Time,RV,Uncertainty,Observatory_Site,Star_Name,Time_Convention,Reference,Instrument,Wavelength_Calibration_Technique,Source,Halpha_Index,Halpha_Index_Error,Full_Width_Half_Maximum,Bisetor,Signal_to_noise_ratio_in_order_55,Exposure_Time,Airmass,Barycentric_Earth_Radial_Velocity
2456452.567,-29214.746,1.167,"La Silla Observatory, Chile",CD-546003,BJD,"Trifonov et al. (A&A 636, A74 (2020))",HARPS,ThAr,Trifonov,0.424579286,0.000893693,8.639055077,0.062697951,79.9,600.0016,,-7.080580416
2456468.604,-29190.499,1.336,"La Silla Observatory, Chile",CD-546003,BJD,"Trifonov et al. (A&A 636, A74 (2020))",HARPS,ThAr,Trifonov,0.437249802,0.001115921,8.63018888,0.063110721,66.0,600.0002,,-13.01953865
2456509.485,-29209.837,0.924,"La Silla Observatory, Chile",CD-546003,BJD,"Trifonov et al. (A&A 636, A74 (2020))",HARPS,ThAr,Trifonov,0.430582757,0.000768357,8.667642005,0.070941409,93.2,1200.0009,,-22.86001072
2456535.523,-29228.531,1.749,"La Silla Observatory, Chile",CD-546003,BJD,"Trifonov et al. (A&A 636, A74 (2020))",HARPS,ThAr,Trifonov,0.424160671,0.001398484,8.653694386,0.065324871,51.9,600.0006,,-23.97209477
2456733.687,-29207.098,1.646,"La Silla Observatory, Chile",CD-546003,BJD,"Trifonov et al. (A&A 636, A74 (2020))",HARPS,ThAr,Trifonov,0.41756427,0.001289001,8.643366713,0.068874198,55.4,600.0027,,22.270285
2456734.7,-29195.166,1.279,"La Silla Observatory, Chile",CD-546003,BJD,"Trifonov et al. (A&A 636, A74 (2020))",HARPS,ThAr,Trifonov,0.424608133,0.000891664,8.651580346,0.067513689,79.2,600.0019,,22.06724606
2456735.688,-29188.648,1.505,"La Silla Observatory, Chile",CD-546003,BJD,"Trifonov et al. (A&A 636, A74 (2020))",HARPS,ThAr,Trifonov,0.425546088,0.001154887,8.653546024,0.063152852,61.4,600.0018,,21.88609152
