Time,RV,Uncertainty,Observatory_Site,Star_Name,Time_Convention,Reference,Instrument,Wavelength_Calibration_Technique,Source,Halpha_Index,Halpha_Index_Error,Full_Width_Half_Maximum,Bisetor,Signal_to_noise_ratio_in_order_55,Exposure_Time,Airmass,Barycentric_Earth_Radial_Velocity
2454346.631,37404.128,2.456,"La Silla Observatory, Chile",TYC5126-2775-1,BJD,"Trifonov et al. (A&A 636, A74 (2020))",HARPS,ThAr,Trifonov,0.453313987,0.001801207,9.0739198,0.101007779,39.4,899.9982,,-24.13021367
2454391.525,37414.687,5.43,"La Silla Observatory, Chile",TYC5126-2775-1,BJD,"Trifonov et al. (A&A 636, A74 (2020))",HARPS,ThAr,Trifonov,0.45832889,0.004691157,8.992749925,0.143230019,16.9,549.997,,-28.30804476
2454616.886,37435.289,2.923,"La Silla Observatory, Chile",TYC5126-2775-1,BJD,"Trifonov et al. (A&A 636, A74 (2020))",HARPS,ThAr,Trifonov,0.450979905,0.002138216,9.01740724,0.094940657,33.9,900.0,,15.79082991
2454645.729,37408.799,3.033,"La Silla Observatory, Chile",TYC5126-2775-1,BJD,"Trifonov et al. (A&A 636, A74 (2020))",HARPS,ThAr,Trifonov,0.449668003,0.002136855,9.032390764,0.098716066,33.9,1000.0,,3.22168149
2454679.756,37371.881,5.02,"La Silla Observatory, Chile",TYC5126-2775-1,BJD,"Trifonov et al. (A&A 636, A74 (2020))",HARPS,ThAr,Trifonov,0.455632424,0.003935568,9.05031025,0.095056044,19.3,888.0,,-12.79614098
2454706.651,37381.939,5.841,"La Silla Observatory, Chile",TYC5126-2775-1,BJD,"Trifonov et al. (A&A 636, A74 (2020))",HARPS,ThAr,Trifonov,0.461851615,0.005381771,9.018340652,0.094837414,14.7,1080.7,,-22.67723439
2455049.657,37428.809,3.47,"La Silla Observatory, Chile",TYC5126-2775-1,BJD,"Trifonov et al. (A&A 636, A74 (2020))",HARPS,ThAr,Trifonov,0.452996437,0.002606253,9.025069041,0.1083663,28.9,899.9994,,-14.55050089
2455096.559,37413.055,2.972,"La Silla Observatory, Chile",TYC5126-2775-1,BJD,"Trifonov et al. (A&A 636, A74 (2020))",HARPS,ThAr,Trifonov,0.445783564,0.002124063,8.999436661,0.097591337,34.0,899.9992,,-27.86417177
