Time,RV,Uncertainty,Observatory_Name,Star_Name,Time_Convention,Reference,Instrument,Wavelength_Calibration_Technique,Source,Halpha_Index,Halpha_Index_Error,Full_Width_Half_Maximum,Bisetor,Signal_to_noise_ratio_in_order_55,Exposure_Time,Airmass,Barycentric_Earth_Radial_Velocity
2453545.742,-19809.786,2.944,La Silla Observatory,HD197746,BJD,"Trifonov et al. (A&A 636, A74 (2020))",HARPS,ThAr,Trifonov,0.404812191,0.000980877,23.62328457,-0.855150099,79.3,300.0016,,16.44092296
2455017.913,12603.346,3.178,La Silla Observatory,HD197746,BJD,"Trifonov et al. (A&A 636, A74 (2020))",HARPS,ThAr,Trifonov,0.406008367,0.001111616,17.0196712,0.0,72.8,89.9993,,11.24119261
2456582.589,8582.993,1.823,La Silla Observatory,HD197746,BJD,"Trifonov et al. (A&A 636, A74 (2020))",HARPS,ThAr,Trifonov,0.397705525,0.000584644,19.5236481,-2.944933572,135.1,300.3407,,-29.07015921
2456762.92,850.041,1.776,La Silla Observatory,HD197746,BJD,"Trifonov et al. (A&A 636, A74 (2020))",HARPS,ThAr,Trifonov,0.395149322,0.000582994,24.05522563,-0.22600518,134.9,358.581,,28.81201353
2456763.874,-3340.694,1.356,La Silla Observatory,HD197746,BJD,"Trifonov et al. (A&A 636, A74 (2020))",HARPS,ThAr,Trifonov,0.39661358,0.000432678,24.67610442,-0.508668731,181.8,358.5798,,28.98543065
2458024.63,-186.312,2.242,La Silla Observatory,HD197746,BJD,"Trifonov et al. (A&A 636, A74 (2020))",HARPS,ThAr,Trifonov,0.403421168,0.003748432,16.24645012,0.0,25.6,59.9982,,-25.41137551
2458024.634,37.816,1.01,La Silla Observatory,HD197746,BJD,"Trifonov et al. (A&A 636, A74 (2020))",HARPS,ThAr,Trifonov,0.403766794,0.00107947,16.8793667,0.0,77.0,299.9982,,-25.41958195
