Time,RV,Uncertainty,Observatory_Site,Star_Name,Time_Convention,Reference,Instrument,Wavelength_Calibration_Technique,Source,Halpha_Index,Halpha_Index_Error,Full_Width_Half_Maximum,Bisetor,Signal_to_noise_ratio_in_order_55,Exposure_Time,Airmass,Barycentric_Earth_Radial_Velocity
2454044.652,-28.204,1.097,"La Silla Observatory, Chile",HD10615,BJD,"Trifonov et al. (A&A 636, A74 (2020))",HARPS,ThAr,Trifonov,0.480636428,0.000846526,7.755243933,0.094542527,88.3,90.0017,,-12.46352082
2454370.706,28.991,0.937,"La Silla Observatory, Chile",HD10615,BJD,"Trifonov et al. (A&A 636, A74 (2020))",HARPS,ThAr,Trifonov,0.488412704,0.000469848,7.759797004,0.088776589,160.6,90.0002,,-5.561584305
2454371.665,15.101,0.962,"La Silla Observatory, Chile",HD10615,BJD,"Trifonov et al. (A&A 636, A74 (2020))",HARPS,ThAr,Trifonov,0.487651387,0.000541938,7.755805284,0.094789395,138.2,90.0006,,-5.725988223
2454622.911,19.243,0.957,"La Silla Observatory, Chile",HD10615,BJD,"Trifonov et al. (A&A 636, A74 (2020))",HARPS,ThAr,Trifonov,0.486220717,0.000522516,7.745937448,0.097501951,145.1,90.0,,13.84263876
2454684.746,-15.728,0.936,"La Silla Observatory, Chile",HD10615,BJD,"Trifonov et al. (A&A 636, A74 (2020))",HARPS,ThAr,Trifonov,0.480648702,0.000455194,7.755523288,0.096225106,165.0,90.0,,6.194477105
2454785.634,-19.613,1.065,"La Silla Observatory, Chile",HD10615,BJD,"Trifonov et al. (A&A 636, A74 (2020))",HARPS,ThAr,Trifonov,0.482852455,0.000834166,7.749586768,0.088930959,91.3,90.0,,-13.46948597
2454787.599,1.263,0.952,"La Silla Observatory, Chile",HD10615,BJD,"Trifonov et al. (A&A 636, A74 (2020))",HARPS,ThAr,Trifonov,0.483235903,0.000519933,7.732080226,0.088871216,146.3,90.0,,-13.572423
2454788.612,-18.845,0.948,"La Silla Observatory, Chile",HD10615,BJD,"Trifonov et al. (A&A 636, A74 (2020))",HARPS,ThAr,Trifonov,0.480989938,0.000517016,7.750512565,0.090739327,148.2,90.0,,-13.65784985
2454892.514,7.685,0.986,"La Silla Observatory, Chile",HD10615,BJD,"Trifonov et al. (A&A 636, A74 (2020))",HARPS,ThAr,Trifonov,0.482771664,0.000593272,7.748428458,0.1021564,127.9,90.0,,-0.186303587
