Time,RV,Uncertainty,Observatory_Name,Star_Name,Time_Convention,Reference,Instrument,Wavelength_Calibration_Technique,Source,Halpha_Index,Halpha_Index_Error,Full_Width_Half_Maximum,Bisetor,Signal_to_noise_ratio_in_order_55,Exposure_Time,Airmass,Barycentric_Earth_Radial_Velocity
2453034.709,5.614,1.663,La Silla Observatory,HD66168,BJD,"Trifonov et al. (A&A 636, A74 (2020))",HARPS,ThAr,Trifonov,0.400569027,0.001238763,8.764575819,0.024690498,61.3,150.0008,,5.977955011
2453036.689,4.26,1.773,La Silla Observatory,HD66168,BJD,"Trifonov et al. (A&A 636, A74 (2020))",HARPS,ThAr,Trifonov,0.401137432,0.001213478,8.775594097,0.01530026,61.1,180.0007,,5.989481902
2453054.62,2.0,2.252,La Silla Observatory,HD66168,BJD,"Trifonov et al. (A&A 636, A74 (2020))",HARPS,ThAr,Trifonov,0.401907154,0.001537442,8.768007171,0.018034161,49.6,119.996,,5.692542814
2453374.768,6.263,1.708,La Silla Observatory,HD66168,BJD,"Trifonov et al. (A&A 636, A74 (2020))",HARPS,ThAr,Trifonov,0.40080101,0.001056171,8.799067963,0.015124127,68.5,261.6767,,5.339386155
2454049.824,-3.084,1.485,La Silla Observatory,HD66168,BJD,"Trifonov et al. (A&A 636, A74 (2020))",HARPS,ThAr,Trifonov,0.401551841,0.000921574,8.787629692,0.035041268,79.3,263.0999,,0.835022306
2455876.851,-13.043,1.516,La Silla Observatory,HD66168,BJD,"Trifonov et al. (A&A 636, A74 (2020))",HARPS,ThAr,Trifonov,0.402906352,0.001022982,8.793703408,0.029908393,77.1,261.7051,,0.891241756
2455967.775,7.884,3.015,La Silla Observatory,HD66168,BJD,"Trifonov et al. (A&A 636, A74 (2020))",HARPS,ThAr,Trifonov,0.406004304,0.001943192,8.797463661,0.011684529,41.9,131.5052,,5.828150264
2455968.678,1.399,2.241,La Silla Observatory,HD66168,BJD,"Trifonov et al. (A&A 636, A74 (2020))",HARPS,ThAr,Trifonov,0.405017732,0.001373687,8.81930092,0.020771654,57.3,131.5,,5.874701543
