Time,RV,Uncertainty,Observatory_Site,Star_Name,Time_Convention,Reference,Instrument,Wavelength_Calibration_Technique,Source,Halpha_Index,Halpha_Index_Error,Full_Width_Half_Maximum,Bisetor,Signal_to_noise_ratio_in_order_55,Exposure_Time,Airmass,Barycentric_Earth_Radial_Velocity
2454045.511,-11652.631,1.06,"La Silla Observatory, Chile",HD198232,BJD,"Trifonov et al. (A&A 636, A74 (2020))",HARPS,ThAr,Trifonov,0.406314291,0.000333028,8.881609511,0.049644921,207.1,120.0011,,-28.77634287
2454370.614,-12115.858,1.031,"La Silla Observatory, Chile",HD198232,BJD,"Trifonov et al. (A&A 636, A74 (2020))",HARPS,ThAr,Trifonov,0.40543787,0.000238499,8.876621729,0.046995818,292.4,119.9996,,-24.6248496
2454371.604,-12131.905,1.05,"La Silla Observatory, Chile",HD198232,BJD,"Trifonov et al. (A&A 636, A74 (2020))",HARPS,ThAr,Trifonov,0.406312823,0.000306166,8.859094982,0.051806922,226.8,120.0009,,-24.86450696
2454622.803,-12835.544,1.042,"La Silla Observatory, Chile",HD198232,BJD,"Trifonov et al. (A&A 636, A74 (2020))",HARPS,ThAr,Trifonov,0.408902845,0.000286741,8.870324837,0.054420332,247.5,120.0,,22.17737603
2454623.859,-12840.747,1.046,"La Silla Observatory, Chile",HD198232,BJD,"Trifonov et al. (A&A 636, A74 (2020))",HARPS,ThAr,Trifonov,0.404312543,0.00029469,8.869959613,0.053328818,238.6,120.0,,21.73085739
2454684.601,-13045.215,1.097,"La Silla Observatory, Chile",HD198232,BJD,"Trifonov et al. (A&A 636, A74 (2020))",HARPS,ThAr,Trifonov,0.400348801,0.000449692,8.871653029,0.044410526,156.7,45.0,,-4.128130499
2454685.714,-13046.948,1.062,"La Silla Observatory, Chile",HD198232,BJD,"Trifonov et al. (A&A 636, A74 (2020))",HARPS,ThAr,Trifonov,0.404924047,0.00034377,8.89399492,0.04998519,204.3,45.0,,-4.889889075
2454786.509,-13429.54,1.146,"La Silla Observatory, Chile",HD198232,BJD,"Trifonov et al. (A&A 636, A74 (2020))",HARPS,ThAr,Trifonov,0.389013896,0.000549437,8.87506104,0.053181178,126.2,45.0,,-27.63943079
2454788.524,-13439.313,1.062,"La Silla Observatory, Chile",HD198232,BJD,"Trifonov et al. (A&A 636, A74 (2020))",HARPS,ThAr,Trifonov,0.38910352,0.0003417,8.881830491,0.055645198,202.7,45.0,,-27.34244786
