Time,RV,Uncertainty,Observatory_Site,Star_Name,Time_Convention,Reference,Instrument,Wavelength_Calibration_Technique,Source,Halpha_Index,Halpha_Index_Error,Full_Width_Half_Maximum,Bisetor,Signal_to_noise_ratio_in_order_55,Exposure_Time,Airmass,Barycentric_Earth_Radial_Velocity
2454565.899,65319.501,2.44,"La Silla Observatory, Chile",GJ618.4,BJD,"Trifonov et al. (A&A 636, A74 (2020))",HARPS,ThAr,Trifonov,0.81317668,0.002658747,3.108164115,-0.006035852,31.0,600.0,,21.23264631
2454658.579,35942.532,2.865,"La Silla Observatory, Chile",GJ618.4,BJD,"Trifonov et al. (A&A 636, A74 (2020))",HARPS,ThAr,Trifonov,0.835235487,0.002898084,3.043402973,2.919262438,28.2,900.0,,-15.69608778
2454660.637,65323.333,3.096,"La Silla Observatory, Chile",GJ618.4,BJD,"Trifonov et al. (A&A 636, A74 (2020))",HARPS,ThAr,Trifonov,0.822091548,0.003143748,3.10483072,-0.015033055,25.7,900.0,,-16.51791083
2454661.723,65324.589,2.996,"La Silla Observatory, Chile",GJ618.4,BJD,"Trifonov et al. (A&A 636, A74 (2020))",HARPS,ThAr,Trifonov,0.819548785,0.003053397,3.10053305,-0.008608709,26.5,900.0,,-17.00353869
2454663.62,65321.992,1.86,"La Silla Observatory, Chile",GJ618.4,BJD,"Trifonov et al. (A&A 636, A74 (2020))",HARPS,ThAr,Trifonov,0.833923981,0.002090537,3.099113456,-0.011882892,39.5,900.0,,-17.50684741
2454664.729,65326.788,4.541,"La Silla Observatory, Chile",GJ618.4,BJD,"Trifonov et al. (A&A 636, A74 (2020))",HARPS,ThAr,Trifonov,0.826073011,0.004429403,3.101334494,-0.002968866,17.9,900.0,,-18.01192145
2454665.737,65322.16,2.827,"La Silla Observatory, Chile",GJ618.4,BJD,"Trifonov et al. (A&A 636, A74 (2020))",HARPS,ThAr,Trifonov,0.828578252,0.002879018,3.110192082,-0.011839316,28.1,900.0,,-18.34497316
2454666.595,65325.703,2.097,"La Silla Observatory, Chile",GJ618.4,BJD,"Trifonov et al. (A&A 636, A74 (2020))",HARPS,ThAr,Trifonov,0.822279084,0.002371246,3.101971998,-0.011866841,34.3,900.0,,-18.4384331
