Time,RV,Uncertainty,Observatory_Site,Star_Name,Time_Convention,Reference,Instrument,Wavelength_Calibration_Technique,Source,Halpha_Index,Halpha_Index_Error,Full_Width_Half_Maximum,Bisetor,Signal_to_noise_ratio_in_order_55,Exposure_Time,Airmass,Barycentric_Earth_Radial_Velocity
2454045.661,294.287,0.971,"La Silla Observatory, Chile",HD8705,BJD,"Trifonov et al. (A&A 636, A74 (2020))",HARPS,ThAr,Trifonov,0.433303865,0.000476047,7.492708404,0.101449695,147.1,59.9999,,-14.15438742
2454085.575,661.255,0.913,"La Silla Observatory, Chile",HD8705,BJD,"Trifonov et al. (A&A 636, A74 (2020))",HARPS,ThAr,Trifonov,0.437152558,0.000321769,7.533328712,0.08869732,220.9,60.0023,,-26.56216898
2454370.694,3152.967,0.92,"La Silla Observatory, Chile",HD8705,BJD,"Trifonov et al. (A&A 636, A74 (2020))",HARPS,ThAr,Trifonov,0.445973666,0.000341169,7.509695229,0.105887188,209.1,60.0005,,4.629107693
2454371.663,3160.103,0.943,"La Silla Observatory, Chile",HD8705,BJD,"Trifonov et al. (A&A 636, A74 (2020))",HARPS,ThAr,Trifonov,0.442447519,0.000411074,7.520180834,0.107508684,173.6,60.0002,,4.24444853
2454622.896,-2980.679,0.959,"La Silla Observatory, Chile",HD8705,BJD,"Trifonov et al. (A&A 636, A74 (2020))",HARPS,ThAr,Trifonov,0.435693564,0.000432256,7.515646058,0.102277344,163.7,60.0,,24.05835817
2454623.898,-2920.361,1.089,"La Silla Observatory, Chile",HD8705,BJD,"Trifonov et al. (A&A 636, A74 (2020))",HARPS,ThAr,Trifonov,0.441986398,0.000710874,7.512517071,0.088883231,100.6,60.0,,24.27228271
2454684.769,-1754.482,0.937,"La Silla Observatory, Chile",HD8705,BJD,"Trifonov et al. (A&A 636, A74 (2020))",HARPS,ThAr,Trifonov,0.437475047,0.000381081,7.495329769,0.095084855,187.2,60.0,,23.71740695
2454786.562,-307.995,0.966,"La Silla Observatory, Chile",HD8705,BJD,"Trifonov et al. (A&A 636, A74 (2020))",HARPS,ThAr,Trifonov,0.441599634,0.000475174,7.51402297,0.101314633,151.1,60.0,,-18.11759458
2454787.592,-322.828,0.958,"La Silla Observatory, Chile",HD8705,BJD,"Trifonov et al. (A&A 636, A74 (2020))",HARPS,ThAr,Trifonov,0.43877021,0.000458038,7.514802836,0.093951646,157.4,60.0,,-18.57869522
