Time,RV,Uncertainty,Observatory_Site,Star_Name,Time_Convention,Reference,Instrument,Wavelength_Calibration_Technique,Source,Halpha_Index,Halpha_Index_Error,Full_Width_Half_Maximum,Bisetor,Signal_to_noise_ratio_in_order_55,Exposure_Time,Airmass,Barycentric_Earth_Radial_Velocity
2453463.754,-3814.669,1.677,"La Silla Observatory, Chile",HD118551,BJD,"Trifonov et al. (A&A 636, A74 (2020))",HARPS,ThAr,Trifonov,0.733588046,0.001058725,24.05472474,1.098313275,101.1,900.0003,,12.722503
2453464.732,-17878.92,2.218,"La Silla Observatory, Chile",HD118551,BJD,"Trifonov et al. (A&A 636, A74 (2020))",HARPS,ThAr,Trifonov,0.764247102,0.001856308,19.13848663,3.864544765,59.8,1199.977,,12.48750388
2453581.549,-13581.88,1.646,"La Silla Observatory, Chile",HD118551,BJD,"Trifonov et al. (A&A 636, A74 (2020))",HARPS,ThAr,Trifonov,0.84816758,0.00113136,24.41575565,4.23089804,104.2,1199.9983,,-18.78424516
2453582.571,4765.259,1.714,"La Silla Observatory, Chile",HD118551,BJD,"Trifonov et al. (A&A 636, A74 (2020))",HARPS,ThAr,Trifonov,0.875674209,0.001282946,22.29866013,-0.892310136,90.8,1199.9998,,-18.89263905
2453583.542,22198.594,1.652,"La Silla Observatory, Chile",HD118551,BJD,"Trifonov et al. (A&A 636, A74 (2020))",HARPS,ThAr,Trifonov,0.909539151,0.001184131,27.25642082,27.6233577,102.0,1200.0016,,-18.95706983
2453827.781,-28949.859,1.753,"La Silla Observatory, Chile",HD118551,BJD,"Trifonov et al. (A&A 636, A74 (2020))",HARPS,ThAr,Trifonov,0.781358756,0.001285283,21.29385142,0.0,86.1,1199.9999,,13.01003223
2454223.589,-23360.689,1.793,"La Silla Observatory, Chile",HD118551,BJD,"Trifonov et al. (A&A 636, A74 (2020))",HARPS,ThAr,Trifonov,0.783631774,0.00134057,10.00938999,0.0,84.2,1199.9998,,3.996419392
