Time,RV,Uncertainty,Observatory_Name,Star_Name,Time_Convention,Reference,Instrument,Wavelength_Calibration_Technique,Source,Halpha_Index,Halpha_Index_Error,Full_Width_Half_Maximum,Bisetor,Signal_to_noise_ratio_in_order_55,Exposure_Time,Airmass,Barycentric_Earth_Radial_Velocity
2455460.586,-73.066,2.791,La Silla Observatory,TYC534-2183-1,BJD,"Trifonov et al. (A&A 636, A74 (2020))",HARPS,ThAr,Trifonov,0.851673504,0.005538886,3.097280182,-0.001028179,15.0,900.0005,,-17.3070429
2455464.503,-39.375,1.875,La Silla Observatory,TYC534-2183-1,BJD,"Trifonov et al. (A&A 636, A74 (2020))",HARPS,ThAr,Trifonov,0.852918826,0.003848342,3.086618428,-0.019742985,21.3,900.0006,,-18.56712811
2455676.902,51.359,1.282,La Silla Observatory,TYC534-2183-1,BJD,"Trifonov et al. (A&A 636, A74 (2020))",HARPS,ThAr,Trifonov,0.833412173,0.003202442,3.088941225,0.000184766,26.1,900.0003,,26.85846562
2455716.934,70.276,1.726,La Silla Observatory,TYC534-2183-1,BJD,"Trifonov et al. (A&A 636, A74 (2020))",HARPS,ThAr,Trifonov,0.864810996,0.003935122,3.092909857,3.18e-05,21.7,900.0005,,25.35251169
2455735.906,46.799,1.51,La Silla Observatory,TYC534-2183-1,BJD,"Trifonov et al. (A&A 636, A74 (2020))",HARPS,ThAr,Trifonov,0.883132856,0.003435079,3.095921526,0.004471405,25.3,900.0003,,20.62666698
2455783.692,18.55,1.942,La Silla Observatory,TYC534-2183-1,BJD,"Trifonov et al. (A&A 636, A74 (2020))",HARPS,ThAr,Trifonov,0.901332505,0.004526811,3.106264467,-0.008186996,19.2,900.0007,,1.340174136
2455816.628,-243.78,2.021,La Silla Observatory,TYC534-2183-1,BJD,"Trifonov et al. (A&A 636, A74 (2020))",HARPS,ThAr,Trifonov,0.87870532,0.00404969,3.110476628,-0.006121064,21.0,900.0002,,-13.66675657
