Time,RV,Uncertainty,Observatory_Site,Star_Name,Time_Convention,Reference,Instrument,Wavelength_Calibration_Technique,Source,Halpha_Index,Halpha_Index_Error,Full_Width_Half_Maximum,Bisetor,Signal_to_noise_ratio_in_order_55,Exposure_Time,Airmass,Barycentric_Earth_Radial_Velocity
2454724.826,11861.621,0.904,"La Silla Observatory, Chile",HD18754,BJD,"Trifonov et al. (A&A 636, A74 (2020))",HARPS,ThAr,Trifonov,0.420734686,0.000573845,7.608310801,0.003518029,130.8,900.0,,3.890515979
2454725.81,11861.274,0.994,"La Silla Observatory, Chile",HD18754,BJD,"Trifonov et al. (A&A 636, A74 (2020))",HARPS,ThAr,Trifonov,0.421294151,0.00047739,7.612519967,0.001548309,156.5,900.0,,3.70106044
2454726.77,11863.967,1.081,"La Silla Observatory, Chile",HD18754,BJD,"Trifonov et al. (A&A 636, A74 (2020))",HARPS,ThAr,Trifonov,0.422459115,0.000458002,7.611035541,0.006001018,162.9,900.0,,3.549581162
2455883.663,11860.444,1.133,"La Silla Observatory, Chile",HD18754,BJD,"Trifonov et al. (A&A 636, A74 (2020))",HARPS,ThAr,Trifonov,0.420170767,0.000602044,7.616326263,0.001166073,128.0,900.005,,-9.493112669
2456184.692,11866.498,1.181,"La Silla Observatory, Chile",HD18754,BJD,"Trifonov et al. (A&A 636, A74 (2020))",HARPS,ThAr,Trifonov,0.42116098,0.00069809,7.614751286,0.000871725,108.1,900.0007,,4.332649856
2456185.819,11864.051,1.095,"La Silla Observatory, Chile",HD18754,BJD,"Trifonov et al. (A&A 636, A74 (2020))",HARPS,ThAr,Trifonov,0.421962985,0.000560561,7.666731897,0.001451452,135.9,900.0,,3.920549079
2456561.851,11863.87,1.095,"La Silla Observatory, Chile",HD18754,BJD,"Trifonov et al. (A&A 636, A74 (2020))",HARPS,ThAr,Trifonov,0.423372567,0.000484457,7.668323462,-0.001720723,159.7,900.0007,,1.458339379
2456562.646,11864.673,1.096,"La Silla Observatory, Chile",HD18754,BJD,"Trifonov et al. (A&A 636, A74 (2020))",HARPS,ThAr,Trifonov,0.424162833,0.00060451,7.624617475,-0.001002649,124.8,900.0011,,1.555710559
