Time,RV,Uncertainty,Observatory_Site,Star_Name,Time_Convention,Reference,Instrument,Wavelength_Calibration_Technique,Source,Halpha_Index,Halpha_Index_Error,Full_Width_Half_Maximum,Bisetor,Signal_to_noise_ratio_in_order_55,Exposure_Time,Airmass,Barycentric_Earth_Radial_Velocity
2454594.561,40661.012,7.908,"La Silla Observatory, Chile",HIP58285,BJD,"Trifonov et al. (A&A 636, A74 (2020))",HARPS,ThAr,Trifonov,6.867609695,0.04007262,2.078572214,0.0,6.9,900.0,,3.864801114
2454594.576,5867.267,7.24,"La Silla Observatory, Chile",HIP58285,BJD,"Trifonov et al. (A&A 636, A74 (2020))",HARPS,ThAr,Trifonov,6.95484054,0.029838397,20.06380668,0.812780786,9.9,1500.0,,3.85450308
2454594.598,33627.067,7.045,"La Silla Observatory, Chile",HIP58285,BJD,"Trifonov et al. (A&A 636, A74 (2020))",HARPS,ThAr,Trifonov,7.409792173,0.032734533,45.33425091,1.924009711,9.2,1500.0,,3.839321253
2454594.751,5453.555,6.707,"La Silla Observatory, Chile",HIP58285,BJD,"Trifonov et al. (A&A 636, A74 (2020))",HARPS,ThAr,Trifonov,3.260076447,0.01547561,26.42623608,17.19684577,12.0,1200.0,,3.752787465
2454595.526,14163.382,3.728,"La Silla Observatory, Chile",HIP58285,BJD,"Trifonov et al. (A&A 636, A74 (2020))",HARPS,ThAr,Trifonov,1.122393367,0.003206651,20.39300205,3.618891732,33.6,1500.0,,3.67745938
2454595.646,8950.738,3.648,"La Silla Observatory, Chile",HIP58285,BJD,"Trifonov et al. (A&A 636, A74 (2020))",HARPS,ThAr,Trifonov,1.093753749,0.003147684,21.27287064,-0.716024152,34.2,1500.0,,3.5980871
2454595.755,13954.515,4.162,"La Silla Observatory, Chile",HIP58285,BJD,"Trifonov et al. (A&A 636, A74 (2020))",HARPS,ThAr,Trifonov,0.787396446,0.003163911,41.31503852,9.858772711,29.0,1500.0,,3.541695695
2454596.544,16505.015,3.02,"La Silla Observatory, Chile",HIP58285,BJD,"Trifonov et al. (A&A 636, A74 (2020))",HARPS,ThAr,Trifonov,0.718769055,0.002024328,14.85868162,0.988249745,42.1,1500.0,,3.454519675
2454596.661,21297.685,4.813,"La Silla Observatory, Chile",HIP58285,BJD,"Trifonov et al. (A&A 636, A74 (2020))",HARPS,ThAr,Trifonov,0.806895036,0.003759177,26.79710085,1.572588873,23.9,900.0,,3.378067011
