Time,RV,Uncertainty,Observatory_Site,Star_Name,Time_Convention,Reference,Instrument,Wavelength_Calibration_Technique,Source,Halpha_Index,Halpha_Index_Error,Full_Width_Half_Maximum,Bisetor,Signal_to_noise_ratio_in_order_55,Exposure_Time,Airmass,Barycentric_Earth_Radial_Velocity
2453776.888,-218608.482,1.176,"La Silla Observatory, Chile",HD130109,BJD,"Trifonov et al. (A&A 636, A74 (2020))",HARPS,ThAr,Trifonov,0.789884199,0.000397612,214.8954558,0.0,322.7,72.6013,,28.26576788
2453776.889,-28532.045,1.189,"La Silla Observatory, Chile",HD130109,BJD,"Trifonov et al. (A&A 636, A74 (2020))",HARPS,ThAr,Trifonov,0.791208516,0.000418979,50.22338089,585.3097682,306.9,72.6013,,28.26263783
2453777.864,-35648.91,1.191,"La Silla Observatory, Chile",HD130109,BJD,"Trifonov et al. (A&A 636, A74 (2020))",HARPS,ThAr,Trifonov,0.790163652,0.00041942,68.11407639,0.0,308.7,50.7004,,28.2042851
2453780.872,3967.876,1.209,"La Silla Observatory, Chile",HD130109,BJD,"Trifonov et al. (A&A 636, A74 (2020))",HARPS,ThAr,Trifonov,0.791709211,0.000455477,0.79932123,0.0,283.8,48.4001,,27.76697641
2453780.872,-32113.781,1.201,"La Silla Observatory, Chile",HD130109,BJD,"Trifonov et al. (A&A 636, A74 (2020))",HARPS,ThAr,Trifonov,0.79191264,0.000445122,43.40607759,0.0,291.8,48.3993,,27.7645156
2453806.92,-286878.176,1.223,"La Silla Observatory, Chile",HD130109,BJD,"Trifonov et al. (A&A 636, A74 (2020))",HARPS,ThAr,Trifonov,0.790016045,0.000457352,243.5231032,0.0,286.2,36.8011,,21.02791625
2453806.921,-31527.732,1.241,"La Silla Observatory, Chile",HD130109,BJD,"Trifonov et al. (A&A 636, A74 (2020))",HARPS,ThAr,Trifonov,0.789953253,0.000478852,63.37357359,10.56998648,270.0,36.7986,,21.02574066
2453807.92,-647836.149,1.279,"La Silla Observatory, Chile",HD130109,BJD,"Trifonov et al. (A&A 636, A74 (2020))",HARPS,ThAr,Trifonov,0.791460429,0.0005272,787.2972202,0.0,241.7,48.4001,,20.68255442
2453807.921,-203371.051,1.302,"La Silla Observatory, Chile",HD130109,BJD,"Trifonov et al. (A&A 636, A74 (2020))",HARPS,ThAr,Trifonov,0.792168539,0.000557899,207.3024499,0.0,229.5,48.4007,,20.67998537
