Time,RV,Uncertainty,Observatory_Site,Star_Name,Time_Convention,Reference,Instrument,Wavelength_Calibration_Technique,Source,Halpha_Index,Halpha_Index_Error,Full_Width_Half_Maximum,Bisetor,Signal_to_noise_ratio_in_order_55,Exposure_Time,Airmass,Barycentric_Earth_Radial_Velocity
2453509.9,37205.226,0.708,"La Silla Observatory, Chile",HD200962,BJD,"Trifonov et al. (A&A 636, A74 (2020))",HARPS,ThAr,Trifonov,0.405439308,0.000438253,7.341181793,6.38e-05,162.7,899.9997,,25.88019359
2453510.911,37209.096,1.082,"La Silla Observatory, Chile",HD200962,BJD,"Trifonov et al. (A&A 636, A74 (2020))",HARPS,ThAr,Trifonov,0.404622266,0.000989666,7.343011776,-0.006613313,73.7,180.0016,,25.80043343
2453930.694,37210.652,0.824,"La Silla Observatory, Chile",HD200962,BJD,"Trifonov et al. (A&A 636, A74 (2020))",HARPS,ThAr,Trifonov,0.400841554,0.000487247,7.342634198,-0.000533637,148.1,900.0005,,13.77889011
2453931.733,37204.212,0.776,"La Silla Observatory, Chile",HD200962,BJD,"Trifonov et al. (A&A 636, A74 (2020))",HARPS,ThAr,Trifonov,0.40324709,0.000596304,7.341188796,-0.002420224,121.8,900.0012,,13.29827317
2453932.701,37202.008,0.961,"La Silla Observatory, Chile",HD200962,BJD,"Trifonov et al. (A&A 636, A74 (2020))",HARPS,ThAr,Trifonov,0.405857019,0.000787202,7.347102148,-0.001207287,92.1,900.0011,,13.00568255
2453933.699,37201.487,0.795,"La Silla Observatory, Chile",HD200962,BJD,"Trifonov et al. (A&A 636, A74 (2020))",HARPS,ThAr,Trifonov,0.401419233,0.00055497,7.339907186,-0.003277266,129.5,900.0,,12.62697816
2453934.703,37203.888,0.651,"La Silla Observatory, Chile",HD200962,BJD,"Trifonov et al. (A&A 636, A74 (2020))",HARPS,ThAr,Trifonov,0.40268639,0.000458447,7.341063913,-0.002800377,156.7,899.9999,,12.22825554
2453935.705,37203.906,0.728,"La Silla Observatory, Chile",HD200962,BJD,"Trifonov et al. (A&A 636, A74 (2020))",HARPS,ThAr,Trifonov,0.402002696,0.000513882,7.343566724,-0.00397797,141.6,899.9993,,11.82959942
2453936.696,37207.938,0.958,"La Silla Observatory, Chile",HD200962,BJD,"Trifonov et al. (A&A 636, A74 (2020))",HARPS,ThAr,Trifonov,0.403326944,0.000505385,7.344095817,-0.001581495,143.0,900.0001,,11.45841843
