Time,RV,Uncertainty,Observatory_Site,Star_Name,Time_Convention,Reference,Instrument,Wavelength_Calibration_Technique,Source,Halpha_Index,Halpha_Index_Error,Full_Width_Half_Maximum,Bisetor,Signal_to_noise_ratio_in_order_55,Exposure_Time,Airmass,Barycentric_Earth_Radial_Velocity
2453501.454,66337.535,0.857,"La Silla Observatory, Chile",HD50060,BJD,"Trifonov et al. (A&A 636, A74 (2020))",HARPS,ThAr,Trifonov,0.383176428,0.000537931,7.940953106,0.052710967,126.5,899.9994,,-23.42786327
2453502.466,66341.898,0.673,"La Silla Observatory, Chile",HD50060,BJD,"Trifonov et al. (A&A 636, A74 (2020))",HARPS,ThAr,Trifonov,0.38420057,0.000354313,7.936679239,0.047673264,191.6,900.0008,,-23.14847246
2453503.456,66334.563,0.572,"La Silla Observatory, Chile",HD50060,BJD,"Trifonov et al. (A&A 636, A74 (2020))",HARPS,ThAr,Trifonov,0.382455584,0.000290885,7.93247311,0.051679676,235.9,900.0014,,-22.82950105
2453504.458,66339.329,0.85,"La Silla Observatory, Chile",HD50060,BJD,"Trifonov et al. (A&A 636, A74 (2020))",HARPS,ThAr,Trifonov,0.387051643,0.000486372,7.9382509,0.051571384,138.4,900.0016,,-22.52092825
2453506.459,66342.514,1.06,"La Silla Observatory, Chile",HD50060,BJD,"Trifonov et al. (A&A 636, A74 (2020))",HARPS,ThAr,Trifonov,0.387906676,0.000740821,7.938149777,0.045522138,91.2,900.0022,,-21.88338547
2453509.456,66338.347,0.726,"La Silla Observatory, Chile",HD50060,BJD,"Trifonov et al. (A&A 636, A74 (2020))",HARPS,ThAr,Trifonov,0.388801811,0.000380884,7.936137829,0.057404079,175.9,900.0004,,-20.87718595
2453709.691,66341.308,0.885,"La Silla Observatory, Chile",HD50060,BJD,"Trifonov et al. (A&A 636, A74 (2020))",HARPS,ThAr,Trifonov,0.385189016,0.000393279,7.931966698,0.047874602,175.7,899.9985,,14.78994762
2453710.686,66342.846,0.702,"La Silla Observatory, Chile",HD50060,BJD,"Trifonov et al. (A&A 636, A74 (2020))",HARPS,ThAr,Trifonov,0.385409064,0.000477324,7.935971525,0.049757702,144.8,900.0005,,14.34470164
