Time,RV,Uncertainty,Observatory_Name,Star_Name,Time_Convention,Reference,Instrument,Wavelength_Calibration_Technique,Source,Halpha_Index,Halpha_Index_Error,Full_Width_Half_Maximum,Bisetor,Signal_to_noise_ratio_in_order_55,Exposure_Time,Airmass,Barycentric_Earth_Radial_Velocity
2453834.845,-0.156,1.129,La Silla Observatory,HD137010,BJD,"Trifonov et al. (A&A 636, A74 (2020))",HARPS,ThAr,Trifonov,0.566262818,0.001356995,5.967887819,0.006196227,60.9,459.2998,,17.11418201
2453835.792,-0.745,0.983,La Silla Observatory,HD137010,BJD,"Trifonov et al. (A&A 636, A74 (2020))",HARPS,ThAr,Trifonov,0.569227378,0.0013137,5.971853782,0.013209426,63.9,459.2995,,16.83405947
2453979.535,-3.619,1.504,La Silla Observatory,HD137010,BJD,"Trifonov et al. (A&A 636, A74 (2020))",HARPS,ThAr,Trifonov,0.565682377,0.001833012,5.986440469,0.019521503,44.9,459.3009,,-28.73166941
2453982.497,-5.457,1.298,La Silla Observatory,HD137010,BJD,"Trifonov et al. (A&A 636, A74 (2020))",HARPS,ThAr,Trifonov,0.571058088,0.001385148,5.980586791,0.006773986,59.5,459.3011,,-28.26236193
2455268.899,0.242,0.939,La Silla Observatory,HD137010,BJD,"Trifonov et al. (A&A 636, A74 (2020))",HARPS,ThAr,Trifonov,0.569543027,0.001180858,6.014801225,0.0183522,71.9,688.9072,,26.42720655
2455298.763,0.477,1.413,La Silla Observatory,HD137010,BJD,"Trifonov et al. (A&A 636, A74 (2020))",HARPS,ThAr,Trifonov,0.571237247,0.001743864,6.027299533,0.013481755,49.9,459.3067,,16.09305453
2455306.778,4.103,1.26,La Silla Observatory,HD137010,BJD,"Trifonov et al. (A&A 636, A74 (2020))",HARPS,ThAr,Trifonov,0.572467876,0.001456004,6.021005,0.010509564,59.3,600.0066,,12.37917338
2455307.786,2.566,0.987,La Silla Observatory,HD137010,BJD,"Trifonov et al. (A&A 636, A74 (2020))",HARPS,ThAr,Trifonov,0.57153097,0.001157563,6.029986304,0.018904665,73.3,600.0072,,11.88346003
