Time,RV,Uncertainty,Observatory_Site,Star_Name,Time_Convention,Reference,Instrument,Wavelength_Calibration_Technique,Source,Halpha_Index,Halpha_Index_Error,Full_Width_Half_Maximum,Bisetor,Signal_to_noise_ratio_in_order_55,Exposure_Time,Airmass,Barycentric_Earth_Radial_Velocity
2453702.644,53991.745,0.869,"La Silla Observatory, Chile",HD14651,BJD,"Trifonov et al. (A&A 636, A74 (2020))",HARPS,ThAr,Trifonov,0.452755307,0.000379629,6.709784496,-0.0410077,198.2,900.0016,,-15.7285691
2453704.682,53915.34,0.618,"La Silla Observatory, Chile",HD14651,BJD,"Trifonov et al. (A&A 636, A74 (2020))",HARPS,ThAr,Trifonov,0.451625844,0.000407621,6.713901474,-0.043634925,180.4,899.999,,-16.73682441
2453705.651,53872.603,1.166,"La Silla Observatory, Chile",HD14651,BJD,"Trifonov et al. (A&A 636, A74 (2020))",HARPS,ThAr,Trifonov,0.448819647,0.00096837,6.715704395,-0.042915815,76.9,179.9982,,-17.09200945
2453706.673,53827.451,0.916,"La Silla Observatory, Chile",HD14651,BJD,"Trifonov et al. (A&A 636, A74 (2020))",HARPS,ThAr,Trifonov,0.451784291,0.000907468,6.715867021,-0.044544373,82.1,180.0029,,-17.59145214
2453707.661,53781.219,0.92,"La Silla Observatory, Chile",HD14651,BJD,"Trifonov et al. (A&A 636, A74 (2020))",HARPS,ThAr,Trifonov,0.447844257,0.000906129,6.715628455,-0.040387127,82.6,179.9981,,-17.99054149
2453708.675,53730.825,0.884,"La Silla Observatory, Chile",HD14651,BJD,"Trifonov et al. (A&A 636, A74 (2020))",HARPS,ThAr,Trifonov,0.452705417,0.000943905,6.712916316,-0.04146014,79.6,180.0018,,-18.45422875
2453709.66,53676.933,1.294,"La Silla Observatory, Chile",HD14651,BJD,"Trifonov et al. (A&A 636, A74 (2020))",HARPS,ThAr,Trifonov,0.447275741,0.001294616,6.716027355,-0.045095057,58.7,180.0002,,-18.83353089
2453710.66,53623.621,1.02,"La Silla Observatory, Chile",HD14651,BJD,"Trifonov et al. (A&A 636, A74 (2020))",HARPS,ThAr,Trifonov,0.451950394,0.001134092,6.713906001,-0.047154905,66.8,180.0014,,-19.24641136
