Time,RV,Uncertainty,Observatory_Site,Star_Name,Time_Convention,Reference,Instrument,Wavelength_Calibration_Technique,Source,Halpha_Index,Halpha_Index_Error,Full_Width_Half_Maximum,Bisetor,Signal_to_noise_ratio_in_order_55,Exposure_Time,Airmass,Barycentric_Earth_Radial_Velocity
2457300.574,0.36,0.862,"La Silla Observatory, Chile",HD183877,BJD,"Trifonov et al. (A&A 636, A74 (2020))",HARPS,ThAr,Trifonov,0.432178074,0.00039825,6.654682158,-0.01929135,196.6,699.9983,,-29.51175203
2457301.589,-0.67,1.231,"La Silla Observatory, Chile",HD183877,BJD,"Trifonov et al. (A&A 636, A74 (2020))",HARPS,ThAr,Trifonov,0.433032455,0.000824539,6.656704076,-0.02167495,95.6,699.9983,,-29.62366231
2457303.578,0.629,0.702,"La Silla Observatory, Chile",HD183877,BJD,"Trifonov et al. (A&A 636, A74 (2020))",HARPS,ThAr,Trifonov,0.428575067,0.000529341,6.657275884,-0.023111946,148.3,699.9983,,-29.74554848
2457307.515,0.607,0.515,"La Silla Observatory, Chile",HD183877,BJD,"Trifonov et al. (A&A 636, A74 (2020))",HARPS,ThAr,Trifonov,0.426941963,0.000256057,6.654948366,-0.019947005,308.6,699.9983,,-29.80046958
2457312.514,-0.248,0.845,"La Silla Observatory, Chile",HD183877,BJD,"Trifonov et al. (A&A 636, A74 (2020))",HARPS,ThAr,Trifonov,0.431462664,0.000379509,6.649501857,-0.02049214,206.4,699.9983,,-29.81520576
2457318.495,-1.777,0.655,"La Silla Observatory, Chile",HD183877,BJD,"Trifonov et al. (A&A 636, A74 (2020))",HARPS,ThAr,Trifonov,0.430841064,0.000313882,6.652436138,-0.021420714,249.7,699.9983,,-29.49596905
2457318.508,-0.004,0.68,"La Silla Observatory, Chile",HD183877,BJD,"Trifonov et al. (A&A 636, A74 (2020))",HARPS,ThAr,Trifonov,0.431408308,0.000359251,6.647287949,-0.019651066,218.0,599.9983,,-29.52027562
2457324.52,2.093,0.704,"La Silla Observatory, Chile",HD183877,BJD,"Trifonov et al. (A&A 636, A74 (2020))",HARPS,ThAr,Trifonov,0.427978046,0.000293427,6.655734177,-0.019516145,266.3,699.9983,,-28.94787327
2457327.55,-2.433,0.853,"La Silla Observatory, Chile",HD183877,BJD,"Trifonov et al. (A&A 636, A74 (2020))",HARPS,ThAr,Trifonov,0.432241641,0.000510124,6.653861569,-0.021629136,153.5,699.9983,,-28.58034195
