Time,RV,Uncertainty,Observatory_Site,Star_Name,Time_Convention,Reference,Instrument,Wavelength_Calibration_Technique,Source,Halpha_Index,Halpha_Index_Error,Full_Width_Half_Maximum,Bisetor,Signal_to_noise_ratio_in_order_55,Exposure_Time,Airmass,Barycentric_Earth_Radial_Velocity
2457866.603,2.027,1.916,"La Silla Observatory, Chile",BD-053461,BJD,"Trifonov et al. (A&A 636, A74 (2020))",HARPS,ThAr,Trifonov,0.397653344,0.00140177,7.019835619,0.046406794,54.9,899.9983,,-12.79143737
2457868.591,6.241,3.949,"La Silla Observatory, Chile",BD-053461,BJD,"Trifonov et al. (A&A 636, A74 (2020))",HARPS,ThAr,Trifonov,0.393560569,0.00317938,7.036494362,0.090340059,26.6,899.9982,,-13.66979285
2457869.582,6.178,2.141,"La Silla Observatory, Chile",BD-053461,BJD,"Trifonov et al. (A&A 636, A74 (2020))",HARPS,ThAr,Trifonov,0.393944709,0.001703939,7.023301617,0.052250916,46.5,899.9983,,-14.0950845
2457869.594,4.866,2.044,"La Silla Observatory, Chile",BD-053461,BJD,"Trifonov et al. (A&A 636, A74 (2020))",HARPS,ThAr,Trifonov,0.397617207,0.001606308,7.019754041,0.052200549,49.4,899.9983,,-14.12881351
2457870.638,0.898,1.702,"La Silla Observatory, Chile",BD-053461,BJD,"Trifonov et al. (A&A 636, A74 (2020))",HARPS,ThAr,Trifonov,0.39641791,0.001234699,7.018251954,0.050353576,62.1,899.9982,,-14.70653502
2457870.65,-5.099,1.769,"La Silla Observatory, Chile",BD-053461,BJD,"Trifonov et al. (A&A 636, A74 (2020))",HARPS,ThAr,Trifonov,0.396417474,0.001308149,7.021753337,0.05087216,59.1,899.9983,,-14.74127126
2457871.602,-5.76,2.69,"La Silla Observatory, Chile",BD-053461,BJD,"Trifonov et al. (A&A 636, A74 (2020))",HARPS,ThAr,Trifonov,0.397021297,0.002166547,7.00691309,0.049017123,37.5,899.9983,,-15.03999443
2457871.694,-2.918,1.875,"La Silla Observatory, Chile",BD-053461,BJD,"Trifonov et al. (A&A 636, A74 (2020))",HARPS,ThAr,Trifonov,0.397650487,0.001330421,7.003194794,0.055021063,57.5,899.9983,,-15.30580456
2457871.777,-1.963,1.942,"La Silla Observatory, Chile",BD-053461,BJD,"Trifonov et al. (A&A 636, A74 (2020))",HARPS,ThAr,Trifonov,0.396173427,0.001284451,7.019778376,0.055436644,57.8,899.9983,,-15.4910924
