Time,RV,Uncertainty,Observatory_Site,Star_Name,Time_Convention,Reference,Instrument,Wavelength_Calibration_Technique,Source,Halpha_Index,Halpha_Index_Error,Full_Width_Half_Maximum,Bisetor,Signal_to_noise_ratio_in_order_55,Exposure_Time,Airmass,Barycentric_Earth_Radial_Velocity
2457067.836,-9793.233,2.008,"La Silla Observatory, Chile",BD-073537,BJD,"Trifonov et al. (A&A 636, A74 (2020))",HARPS,ThAr,Trifonov,0.805058868,0.002010253,7.041176564,-0.014192737,57.0,1200.0022,,24.24219524
2457068.882,-6530.382,1.73,"La Silla Observatory, Chile",BD-073537,BJD,"Trifonov et al. (A&A 636, A74 (2020))",HARPS,ThAr,Trifonov,0.717131397,0.001524601,11.225319,2.061031998,70.6,1200.002,,23.78426565
2457070.878,-9683.984,1.836,"La Silla Observatory, Chile",BD-073537,BJD,"Trifonov et al. (A&A 636, A74 (2020))",HARPS,ThAr,Trifonov,0.65787234,0.001650796,6.248482598,0.14883882,62.9,1200.0019,,23.11883875
2457071.906,-9787.182,1.695,"La Silla Observatory, Chile",BD-073537,BJD,"Trifonov et al. (A&A 636, A74 (2020))",HARPS,ThAr,Trifonov,0.755742214,0.001489809,6.66246708,0.019159271,74.6,1200.0002,,22.69048731
2457072.904,-9755.279,1.899,"La Silla Observatory, Chile",BD-073537,BJD,"Trifonov et al. (A&A 636, A74 (2020))",HARPS,ThAr,Trifonov,0.791076292,0.001755954,7.028466887,-0.057294384,63.7,1200.0025,,22.33874875
2457118.701,-10141.844,1.974,"La Silla Observatory, Chile",BD-073537,BJD,"Trifonov et al. (A&A 636, A74 (2020))",HARPS,ThAr,Trifonov,0.799909843,0.001976105,7.005056348,-0.118455602,57.5,1200.0004,,1.5561228
2457119.726,-5600.557,5.342,"La Silla Observatory, Chile",BD-073537,BJD,"Trifonov et al. (A&A 636, A74 (2020))",HARPS,ThAr,Trifonov,0.695361091,0.007699735,11.90605294,3.756419258,14.9,1200.0006,,0.964038589
2457119.743,-9623.577,2.649,"La Silla Observatory, Chile",BD-073537,BJD,"Trifonov et al. (A&A 636, A74 (2020))",HARPS,ThAr,Trifonov,0.738151104,0.002787621,7.412801031,0.32179264,39.4,1200.0005,,0.91285986
2457120.777,-10070.573,1.989,"La Silla Observatory, Chile",BD-073537,BJD,"Trifonov et al. (A&A 636, A74 (2020))",HARPS,ThAr,Trifonov,0.831811263,0.001753826,6.908549966,0.008800695,63.9,1200.0004,,0.299681219
