Time,RV,Uncertainty,Observatory_Site,Star_Name,Time_Convention,Reference,Instrument,Wavelength_Calibration_Technique,Source,Halpha_Index,Halpha_Index_Error,Full_Width_Half_Maximum,Bisetor,Signal_to_noise_ratio_in_order_55,Exposure_Time,Airmass,Barycentric_Earth_Radial_Velocity
2454198.549,24936.806,1.788,"La Silla Observatory, Chile",HD49212,BJD,"Trifonov et al. (A&A 636, A74 (2020))",HARPS,ThAr,Trifonov,0.392513894,0.001575491,9.034355016,0.121950982,46.5,45.2023,,-21.75644265
2454225.519,23830.548,1.488,"La Silla Observatory, Chile",HD49212,BJD,"Trifonov et al. (A&A 636, A74 (2020))",HARPS,ThAr,Trifonov,0.392982628,0.001048895,9.091537195,0.12728094,65.2,120.0012,,-19.15399739
2454385.852,20913.489,2.914,"La Silla Observatory, Chile",HD49212,BJD,"Trifonov et al. (A&A 636, A74 (2020))",HARPS,ThAr,Trifonov,0.396189468,0.002204661,9.04434699,0.129527291,33.7,59.9964,,21.71203325
2454422.768,20638.01,2.129,"La Silla Observatory, Chile",HD49212,BJD,"Trifonov et al. (A&A 636, A74 (2020))",HARPS,ThAr,Trifonov,0.397441336,0.00168449,9.061327896,0.13441907,42.9,34.7983,,16.58509857
2454446.798,20465.545,1.755,"La Silla Observatory, Chile",HD49212,BJD,"Trifonov et al. (A&A 636, A74 (2020))",HARPS,ThAr,Trifonov,0.39445988,0.001332391,9.061209135,0.12459009,53.1,52.2,,9.159096322
2454480.625,20334.411,1.568,"La Silla Observatory, Chile",HD49212,BJD,"Trifonov et al. (A&A 636, A74 (2020))",HARPS,ThAr,Trifonov,0.392549443,0.001338533,9.06364141,0.127918368,53.1,60.0,,-3.300467766
2454521.611,20205.708,2.729,"La Silla Observatory, Chile",HD49212,BJD,"Trifonov et al. (A&A 636, A74 (2020))",HARPS,ThAr,Trifonov,0.401217764,0.002075383,9.124935276,0.087520445,35.6,34.6,,-16.77547913
2454549.605,20145.784,4.252,"La Silla Observatory, Chile",HD49212,BJD,"Trifonov et al. (A&A 636, A74 (2020))",HARPS,ThAr,Trifonov,0.395908918,0.003305305,9.140589036,0.13572276,23.3,30.0,,-21.3815315
2454566.507,20113.551,1.594,"La Silla Observatory, Chile",HD49212,BJD,"Trifonov et al. (A&A 636, A74 (2020))",HARPS,ThAr,Trifonov,0.397643295,0.001372696,9.068116508,0.137570157,51.8,45.0,,-21.63097538
