Time,RV,Uncertainty,Observatory_Site,Star_Name,Time_Convention,Reference,Instrument,Wavelength_Calibration_Technique,Source,Halpha_Index,Halpha_Index_Error,Full_Width_Half_Maximum,Bisetor,Signal_to_noise_ratio_in_order_55,Exposure_Time,Airmass,Barycentric_Earth_Radial_Velocity
2453343.577,5619.776,1.341,"La Silla Observatory, Chile",HD212231,BJD,"Trifonov et al. (A&A 636, A74 (2020))",HARPS,ThAr,Trifonov,0.404052166,0.000836625,6.91338912,0.006385552,84.2,300.0003,,-28.58703149
2453918.866,5614.914,1.701,"La Silla Observatory, Chile",HD212231,BJD,"Trifonov et al. (A&A 636, A74 (2020))",HARPS,ThAr,Trifonov,0.409904913,0.001500299,6.908609366,-0.008041873,50.6,61.7019,,20.97310602
2453919.882,5619.838,1.662,"La Silla Observatory, Chile",HD212231,BJD,"Trifonov et al. (A&A 636, A74 (2020))",HARPS,ThAr,Trifonov,0.40443342,0.001375288,6.912613095,-0.010189523,55.9,184.9986,,20.59860492
2455090.685,5620.266,1.374,"La Silla Observatory, Chile",HD212231,BJD,"Trifonov et al. (A&A 636, A74 (2020))",HARPS,ThAr,Trifonov,0.407633567,0.001091354,6.911252383,-0.00044775,69.4,123.2993,,-12.70770387
2455429.84,5614.289,2.208,"La Silla Observatory, Chile",HD212231,BJD,"Trifonov et al. (A&A 636, A74 (2020))",HARPS,ThAr,Trifonov,0.414106611,0.001761816,6.912478793,0.015089958,45.1,61.7005,,-0.568148133
2455822.689,5621.192,1.011,"La Silla Observatory, Chile",HD212231,BJD,"Trifonov et al. (A&A 636, A74 (2020))",HARPS,ThAr,Trifonov,0.408464209,0.001000605,6.919301797,-0.006671752,79.1,250.0062,,-13.36487301
2456506.893,5618.453,1.215,"La Silla Observatory, Chile",HD212231,BJD,"Trifonov et al. (A&A 636, A74 (2020))",HARPS,ThAr,Trifonov,0.40799703,0.000919808,6.930597511,-0.006209051,82.7,700.0012,,8.33663185
