Time,RV,Uncertainty,Observatory_Site,Star_Name,Time_Convention,Reference,Instrument,Wavelength_Calibration_Technique,Source,Halpha_Index,Halpha_Index_Error,Full_Width_Half_Maximum,Bisetor,Signal_to_noise_ratio_in_order_55,Exposure_Time,Airmass,Barycentric_Earth_Radial_Velocity
2457067.53,26796.496,3.72,"La Silla Observatory, Chile",TYC7047-1324-1,BJD,"Trifonov et al. (A&A 636, A74 (2020))",HARPS,ThAr,Trifonov,0.444712498,0.003396781,7.249031004,-0.016721468,26.2,1200.0017,,-17.65979403
2457068.545,26814.325,4.726,"La Silla Observatory, Chile",TYC7047-1324-1,BJD,"Trifonov et al. (A&A 636, A74 (2020))",HARPS,ThAr,Trifonov,0.45071647,0.005006585,7.222601647,0.024270697,19.5,1200.0018,,-17.784642
2457068.604,26809.816,3.966,"La Silla Observatory, Chile",TYC7047-1324-1,BJD,"Trifonov et al. (A&A 636, A74 (2020))",HARPS,ThAr,Trifonov,0.438648204,0.003898178,7.202678078,-0.035743631,24.1,1200.0022,,-17.9082059
2457069.535,26810.007,3.661,"La Silla Observatory, Chile",TYC7047-1324-1,BJD,"Trifonov et al. (A&A 636, A74 (2020))",HARPS,ThAr,Trifonov,0.449039391,0.003466091,7.197752614,-0.024026292,26.5,1200.0021,,-17.84636565
2457069.6,26816.479,3.037,"La Silla Observatory, Chile",TYC7047-1324-1,BJD,"Trifonov et al. (A&A 636, A74 (2020))",HARPS,ThAr,Trifonov,0.435284701,0.002777505,7.219689076,-0.028599815,31.9,1500.0028,,-17.9825167
2457070.525,26841.394,4.0,"La Silla Observatory, Chile",TYC7047-1324-1,BJD,"Trifonov et al. (A&A 636, A74 (2020))",HARPS,ThAr,Trifonov,0.444767701,0.003744265,7.184569313,-0.024726866,24.2,1500.0017,,-17.90072881
2457070.605,26842.971,3.703,"La Silla Observatory, Chile",TYC7047-1324-1,BJD,"Trifonov et al. (A&A 636, A74 (2020))",HARPS,ThAr,Trifonov,0.44956751,0.003422701,7.197684908,-0.00904382,26.2,1500.0006,,-18.06959706
2457071.533,26854.551,3.122,"La Silla Observatory, Chile",TYC7047-1324-1,BJD,"Trifonov et al. (A&A 636, A74 (2020))",HARPS,ThAr,Trifonov,0.437647875,0.002813732,7.203133896,0.008239999,31.1,1200.0022,,-17.99321377
2457072.54,26873.111,3.889,"La Silla Observatory, Chile",TYC7047-1324-1,BJD,"Trifonov et al. (A&A 636, A74 (2020))",HARPS,ThAr,Trifonov,0.440633886,0.003669129,7.204025801,-0.016811543,24.7,1200.0007,,-18.07359117
