Time,RV,Uncertainty,Observatory_Site,Star_Name,Time_Convention,Reference,Instrument,Wavelength_Calibration_Technique,Source,Halpha_Index,Halpha_Index_Error,Full_Width_Half_Maximum,Bisetor,Signal_to_noise_ratio_in_order_55,Exposure_Time,Airmass,Barycentric_Earth_Radial_Velocity
2453375.853,-7678.022,1.347,"La Silla Observatory, Chile",HIP52997,BJD,"Trifonov et al. (A&A 636, A74 (2020))",HARPS,ThAr,Trifonov,0.611772864,0.00126058,6.253260966,0.02719045,66.5,916.3771,,25.21611169
2453408.734,-7681.147,1.447,"La Silla Observatory, Chile",HIP52997,BJD,"Trifonov et al. (A&A 636, A74 (2020))",HARPS,ThAr,Trifonov,0.622062071,0.001469158,6.201718102,0.023550747,58.0,900.0007,,15.58344848
2453781.829,-7675.803,1.308,"La Silla Observatory, Chile",HIP52997,BJD,"Trifonov et al. (A&A 636, A74 (2020))",HARPS,ThAr,Trifonov,0.625508769,0.001231204,6.220191961,0.026778479,69.9,900.001,,12.109534
2454142.793,-7681.455,1.268,"La Silla Observatory, Chile",HIP52997,BJD,"Trifonov et al. (A&A 636, A74 (2020))",HARPS,ThAr,Trifonov,0.614648521,0.001293442,6.192907504,0.028682872,66.4,900.0015,,14.0132051
2456382.748,-7679.999,1.696,"La Silla Observatory, Chile",HIP52997,BJD,"Trifonov et al. (A&A 636, A74 (2020))",HARPS,ThAr,Trifonov,0.613634032,0.001937891,6.227783916,0.028317333,46.4,900.0011,,-8.018266425
2456755.756,-7673.182,3.776,"La Silla Observatory, Chile",HIP52997,BJD,"Trifonov et al. (A&A 636, A74 (2020))",HARPS,ThAr,Trifonov,0.601982567,0.00373996,6.186410018,0.052718864,24.1,900.0014,,-11.39916634
2456755.766,-7686.344,4.493,"La Silla Observatory, Chile",HIP52997,BJD,"Trifonov et al. (A&A 636, A74 (2020))",HARPS,ThAr,Trifonov,0.605445275,0.004220813,6.279444597,0.026039874,21.6,900.0006,,-11.41824196
