Time,RV,Uncertainty,Observatory_Site,Star_Name,Time_Convention,Reference,Instrument,Wavelength_Calibration_Technique,Source,Halpha_Index,Halpha_Index_Error,Full_Width_Half_Maximum,Bisetor,Signal_to_noise_ratio_in_order_55,Exposure_Time,Airmass,Barycentric_Earth_Radial_Velocity
2453287.556,-6.662,2.195,"La Silla Observatory, Chile",HD206116,BJD,"Trifonov et al. (A&A 636, A74 (2020))",HARPS,ThAr,Trifonov,0.389789153,0.002111876,8.448528709,0.003746273,36.1,59.9781,,-23.74231412
2453918.835,-2.915,1.564,"La Silla Observatory, Chile",HD206116,BJD,"Trifonov et al. (A&A 636, A74 (2020))",HARPS,ThAr,Trifonov,0.396549361,0.001608506,8.457713598,0.028875206,47.8,59.9989,,20.21960229
2454228.885,-4.402,1.739,"La Silla Observatory, Chile",HD206116,BJD,"Trifonov et al. (A&A 636, A74 (2020))",HARPS,ThAr,Trifonov,0.397119771,0.001648854,8.474169701,0.017220843,46.8,60.0021,,29.38397439
2456189.651,4.242,1.554,"La Silla Observatory, Chile",HD206116,BJD,"Trifonov et al. (A&A 636, A74 (2020))",HARPS,ThAr,Trifonov,0.391091136,0.001430467,8.470417301,0.026676755,53.9,600.0002,,-16.33848415
2456556.603,3.911,1.312,"La Silla Observatory, Chile",HD206116,BJD,"Trifonov et al. (A&A 636, A74 (2020))",HARPS,ThAr,Trifonov,0.392316702,0.001147711,8.46348435,0.019051418,66.8,382.521,,-16.92880675
2457583.818,-1.004,1.086,"La Silla Observatory, Chile",HD206116,BJD,"Trifonov et al. (A&A 636, A74 (2020))",HARPS,ThAr,Trifonov,0.396872112,0.001442286,8.496931516,0.030312625,56.7,199.9983,,15.34110343
2457848.919,0.502,1.31,"La Silla Observatory, Chile",HD206116,BJD,"Trifonov et al. (A&A 636, A74 (2020))",HARPS,ThAr,Trifonov,0.39202698,0.001598128,8.502908101,0.042733893,51.6,119.9983,,23.24463275
2458070.524,0.656,1.084,"La Silla Observatory, Chile",HD206116,BJD,"Trifonov et al. (A&A 636, A74 (2020))",HARPS,ThAr,Trifonov,0.398208658,0.000813735,8.498544939,0.025705245,95.1,119.9982,,-30.1691581
