Time,RV,Uncertainty,Observatory_Site,Star_Name,Time_Convention,Reference,Instrument,Wavelength_Calibration_Technique,Source,Halpha_Index,Halpha_Index_Error,Full_Width_Half_Maximum,Bisetor,Signal_to_noise_ratio_in_order_55,Exposure_Time,Airmass,Barycentric_Earth_Radial_Velocity
2453062.895,-1.664,1.67,"La Silla Observatory, Chile",HD140785,BJD,"Trifonov et al. (A&A 636, A74 (2020))",HARPS,ThAr,Trifonov,0.412558027,0.001804426,7.223738101,-0.004796667,43.9,179.9951,,27.94499323
2453506.662,2.322,2.292,"La Silla Observatory, Chile",HD140785,BJD,"Trifonov et al. (A&A 636, A74 (2020))",HARPS,ThAr,Trifonov,0.412565493,0.002275769,7.219943232,0.004857261,33.9,39.3014,,4.600478101
2453506.792,-4.928,2.74,"La Silla Observatory, Chile",HD140785,BJD,"Trifonov et al. (A&A 636, A74 (2020))",HARPS,ThAr,Trifonov,0.406587511,0.002768533,7.212018059,-0.004476263,28.9,39.3022,,4.301740736
2454255.807,-0.047,1.408,"La Silla Observatory, Chile",HD140785,BJD,"Trifonov et al. (A&A 636, A74 (2020))",HARPS,ThAr,Trifonov,0.407514136,0.001249069,7.225812578,-0.003987693,59.5,119.998,,-4.313403472
2455299.776,2.741,1.414,"La Silla Observatory, Chile",HD140785,BJD,"Trifonov et al. (A&A 636, A74 (2020))",HARPS,ThAr,Trifonov,0.407046539,0.001355914,7.227292845,0.002246867,58.0,200.0003,,18.52776187
2455710.634,0.843,1.722,"La Silla Observatory, Chile",HD140785,BJD,"Trifonov et al. (A&A 636, A74 (2020))",HARPS,ThAr,Trifonov,0.407333039,0.001793503,7.222980669,0.002343889,45.5,900.0003,,-1.136333275
2455755.618,0.46,1.315,"La Silla Observatory, Chile",HD140785,BJD,"Trifonov et al. (A&A 636, A74 (2020))",HARPS,ThAr,Trifonov,0.40881097,0.001157585,7.240070491,0.004104417,67.1,785.4003,,-19.76526349
2456504.631,-3.257,1.732,"La Silla Observatory, Chile",HD140785,BJD,"Trifonov et al. (A&A 636, A74 (2020))",HARPS,ThAr,Trifonov,0.406551136,0.001539008,7.244717025,0.005543307,50.7,400.0009,,-24.75906269
