Time,RV,Uncertainty,Observatory_Site,Star_Name,Time_Convention,Reference,Instrument,Wavelength_Calibration_Technique,Source,Halpha_Index,Halpha_Index_Error,Full_Width_Half_Maximum,Bisetor,Signal_to_noise_ratio_in_order_55,Exposure_Time,Airmass,Barycentric_Earth_Radial_Velocity
2454370.49,-7362.775,1.009,"La Silla Observatory, Chile",HD160635,BJD,"Trifonov et al. (A&A 636, A74 (2020))",HARPS,ThAr,Trifonov,0.413064856,0.000124631,8.639162726,0.12907232,563.9,119.9998,,-22.23654433
2454370.493,-7362.405,1.011,"La Silla Observatory, Chile",HD160635,BJD,"Trifonov et al. (A&A 636, A74 (2020))",HARPS,ThAr,Trifonov,0.399068399,0.000137372,8.660773493,0.130667617,493.7,90.0004,,-22.23869767
2454622.72,-7408.374,1.029,"La Silla Observatory, Chile",HD160635,BJD,"Trifonov et al. (A&A 636, A74 (2020))",HARPS,ThAr,Trifonov,0.405751592,0.000255308,8.652370461,0.139147004,274.0,60.0,,5.217857859
2454623.807,-7413.066,1.035,"La Silla Observatory, Chile",HD160635,BJD,"Trifonov et al. (A&A 636, A74 (2020))",HARPS,ThAr,Trifonov,0.40139711,0.000277206,8.634983554,0.141931064,248.0,60.0,,4.723393855
2454684.559,-7369.799,1.024,"La Silla Observatory, Chile",HD160635,BJD,"Trifonov et al. (A&A 636, A74 (2020))",HARPS,ThAr,Trifonov,0.39905763,0.000221872,8.644673214,0.133097555,305.2,45.0,,-15.95925687
2454684.67,-7381.959,1.035,"La Silla Observatory, Chile",HD160635,BJD,"Trifonov et al. (A&A 636, A74 (2020))",HARPS,ThAr,Trifonov,0.39842919,0.00025163,8.644080616,0.134251772,260.9,45.0,,-16.101139
2454684.671,-7379.019,1.083,"La Silla Observatory, Chile",HD160635,BJD,"Trifonov et al. (A&A 636, A74 (2020))",HARPS,ThAr,Trifonov,0.399335227,0.000395107,8.639230203,0.135532045,164.0,20.0,,-16.10226118
2454685.67,-7380.805,1.068,"La Silla Observatory, Chile",HD160635,BJD,"Trifonov et al. (A&A 636, A74 (2020))",HARPS,ThAr,Trifonov,0.398230055,0.0003762,8.628620074,0.137605076,177.5,20.0,,-16.35979876
2454891.844,-7381.805,1.028,"La Silla Observatory, Chile",HD160635,BJD,"Trifonov et al. (A&A 636, A74 (2020))",HARPS,ThAr,Trifonov,0.40767881,0.0002505,8.638323352,0.135330167,279.0,45.0,,21.62682085
