Time,RV,Uncertainty,Observatory_Site,Star_Name,Time_Convention,Reference,Instrument,Wavelength_Calibration_Technique,Source,Halpha_Index,Halpha_Index_Error,Full_Width_Half_Maximum,Bisetor,Signal_to_noise_ratio_in_order_55,Exposure_Time,Airmass,Barycentric_Earth_Radial_Velocity
2454085.715,15435.869,1.403,"La Silla Observatory, Chile",HD75168,BJD,"Trifonov et al. (A&A 636, A74 (2020))",HARPS,ThAr,Trifonov,0.400727711,0.000699446,11.39139538,0.002687282,99.9,120.0021,,11.82278985
2454085.717,15436.646,1.339,"La Silla Observatory, Chile",HD75168,BJD,"Trifonov et al. (A&A 636, A74 (2020))",HARPS,ThAr,Trifonov,0.400723421,0.000623284,11.38060561,0.005119521,112.4,119.9993,,11.82063794
2454371.884,15462.494,1.434,"La Silla Observatory, Chile",HD75168,BJD,"Trifonov et al. (A&A 636, A74 (2020))",HARPS,ThAr,Trifonov,0.407881815,0.000726491,11.38999903,-0.000703052,96.2,120.0004,,3.366041766
2454622.524,15426.918,1.593,"La Silla Observatory, Chile",HD75168,BJD,"Trifonov et al. (A&A 636, A74 (2020))",HARPS,ThAr,Trifonov,0.393921768,0.000899393,11.41412925,0.037583226,77.8,120.0,,-11.49160253
2454787.825,15429.3,1.97,"La Silla Observatory, Chile",HD75168,BJD,"Trifonov et al. (A&A 636, A74 (2020))",HARPS,ThAr,Trifonov,0.398077846,0.001265237,11.41734921,-0.016473284,57.3,45.0,,10.76789346
2454892.749,15488.909,2.133,"La Silla Observatory, Chile",HD75168,BJD,"Trifonov et al. (A&A 636, A74 (2020))",HARPS,ThAr,Trifonov,0.400639105,0.001402921,11.3961661,0.023877171,52.5,45.0,,1.628627949
2454894.666,15485.689,2.816,"La Silla Observatory, Chile",HD75168,BJD,"Trifonov et al. (A&A 636, A74 (2020))",HARPS,ThAr,Trifonov,0.401985242,0.001897732,11.40396072,-0.021350123,39.7,45.0,,1.339053691
