Time,RV,Uncertainty,Observatory_Site,Star_Name,Time_Convention,Reference,Instrument,Wavelength_Calibration_Technique,Source,Halpha_Index,Halpha_Index_Error,Full_Width_Half_Maximum,Bisetor,Signal_to_noise_ratio_in_order_55,Exposure_Time,Airmass,Barycentric_Earth_Radial_Velocity
2456517.482,41314.898,5.143,"La Silla Observatory, Chile",TYC6296-1556-1,BJD,"Trifonov et al. (A&A 636, A74 (2020))",HARPS,ThAr,Trifonov,0.371337403,0.004789975,12.82342414,-0.073733101,18.3,1200.0001,,-15.32003336
2456804.853,41353.975,3.495,"La Silla Observatory, Chile",TYC6296-1556-1,BJD,"Trifonov et al. (A&A 636, A74 (2020))",HARPS,ThAr,Trifonov,0.37649494,0.002594522,12.89400423,0.031997275,32.0,1200.0014,,20.02271944
2456808.872,41348.029,2.453,"La Silla Observatory, Chile",TYC6296-1556-1,BJD,"Trifonov et al. (A&A 636, A74 (2020))",HARPS,ThAr,Trifonov,0.377096475,0.001684682,12.83019283,0.008290411,46.4,1200.001,,18.43580214
2456809.842,41350.632,2.22,"La Silla Observatory, Chile",TYC6296-1556-1,BJD,"Trifonov et al. (A&A 636, A74 (2020))",HARPS,ThAr,Trifonov,0.380015044,0.001537556,12.84787379,0.006423745,50.8,1200.001,,18.12111017
2456829.778,41343.886,3.315,"La Silla Observatory, Chile",TYC6296-1556-1,BJD,"Trifonov et al. (A&A 636, A74 (2020))",HARPS,ThAr,Trifonov,0.380880293,0.002519062,12.87014446,-0.012553823,33.2,1200.0007,,9.531072363
2456832.796,41364.713,4.311,"La Silla Observatory, Chile",TYC6296-1556-1,BJD,"Trifonov et al. (A&A 636, A74 (2020))",HARPS,ThAr,Trifonov,0.373298329,0.003484139,12.78296061,-0.037356752,24.8,1200.0011,,8.044298723
2456835.874,41353.082,3.17,"La Silla Observatory, Chile",TYC6296-1556-1,BJD,"Trifonov et al. (A&A 636, A74 (2020))",HARPS,ThAr,Trifonov,0.378319714,0.0021789,12.89760869,0.046683985,36.3,1200.0012,,6.389882045
2456836.753,41342.518,2.834,"La Silla Observatory, Chile",TYC6296-1556-1,BJD,"Trifonov et al. (A&A 636, A74 (2020))",HARPS,ThAr,Trifonov,0.380312834,0.002054594,12.83973785,0.035852535,39.3,1200.0011,,6.220712455
