Time,RV,Uncertainty,Observatory_Site,Star_Name,Time_Convention,Reference,Instrument,Wavelength_Calibration_Technique,Source,Halpha_Index,Halpha_Index_Error,Full_Width_Half_Maximum,Bisetor,Signal_to_noise_ratio_in_order_55,Exposure_Time,Airmass,Barycentric_Earth_Radial_Velocity
2453917.782,-9.216,1.376,"La Silla Observatory, Chile",HD170958,BJD,"Trifonov et al. (A&A 636, A74 (2020))",HARPS,ThAr,Trifonov,0.523999789,0.001131014,10.15414378,0.030320322,73.7,845.701,,-1.136417283
2453919.762,-3.31,2.788,"La Silla Observatory, Chile",HD170958,BJD,"Trifonov et al. (A&A 636, A74 (2020))",HARPS,ThAr,Trifonov,0.531603798,0.002565386,10.25777123,-0.012071085,34.8,281.899,,-2.084245955
2453921.693,8.117,2.091,"La Silla Observatory, Chile",HD170958,BJD,"Trifonov et al. (A&A 636, A74 (2020))",HARPS,ThAr,Trifonov,0.52744391,0.001791793,10.32597992,-0.011153756,47.5,281.8981,,-2.892012035
2453944.634,51.972,7.817,"La Silla Observatory, Chile",HD170958,BJD,"Trifonov et al. (A&A 636, A74 (2020))",HARPS,ThAr,Trifonov,0.530027509,0.006322307,10.27172007,-0.033598077,14.9,338.3013,,-13.66904907
2453976.535,18.806,1.552,"La Silla Observatory, Chile",HD170958,BJD,"Trifonov et al. (A&A 636, A74 (2020))",HARPS,ThAr,Trifonov,0.529006822,0.001389258,10.23569833,-0.03737006,61.3,358.7013,,-25.10586662
2453979.634,1.468,4.314,"La Silla Observatory, Chile",HD170958,BJD,"Trifonov et al. (A&A 636, A74 (2020))",HARPS,ThAr,Trifonov,0.5320428,0.003562595,10.2035032,-0.005072284,24.5,216.1009,,-26.10224743
2454174.909,-16.474,1.912,"La Silla Observatory, Chile",HD170958,BJD,"Trifonov et al. (A&A 636, A74 (2020))",HARPS,ThAr,Trifonov,0.534158391,0.001663918,10.25614559,0.014718845,51.7,281.9017,,29.06128
2454229.866,29.463,2.529,"La Silla Observatory, Chile",HD170958,BJD,"Trifonov et al. (A&A 636, A74 (2020))",HARPS,ThAr,Trifonov,0.525344316,0.002190252,10.18386292,-0.059373638,39.9,280.4005,,22.3456086
2454231.86,-30.424,2.373,"La Silla Observatory, Chile",HD170958,BJD,"Trifonov et al. (A&A 636, A74 (2020))",HARPS,ThAr,Trifonov,0.527422185,0.001986184,10.21958453,0.053276005,43.4,299.9945,,21.68776514
