Time,RV,Uncertainty,Observatory_Site,Star_Name,Time_Convention,Reference,Instrument,Wavelength_Calibration_Technique,Source,Halpha_Index,Halpha_Index_Error,Full_Width_Half_Maximum,Bisetor,Signal_to_noise_ratio_in_order_55,Exposure_Time,Airmass,Barycentric_Earth_Radial_Velocity
2453920.842,-20309.614,1.311,"La Silla Observatory, Chile",HIP102495,BJD,"Trifonov et al. (A&A 636, A74 (2020))",HARPS,ThAr,Trifonov,0.686285885,0.001378471,12.84198185,0.0,63.9,859.2,,12.48893633
2454985.92,-20826.825,1.686,"La Silla Observatory, Chile",HIP102495,BJD,"Trifonov et al. (A&A 636, A74 (2020))",HARPS,ThAr,Trifonov,0.678890304,0.001835715,12.89601807,0.0,50.2,859.2,,23.96022687
2456169.56,-19470.5,1.921,"La Silla Observatory, Chile",HIP102495,BJD,"Trifonov et al. (A&A 636, A74 (2020))",HARPS,ThAr,Trifonov,0.678915567,0.001888482,27.20698776,518635.1734,47.5,900.0005,,-14.47955886
2456521.621,-45311.889,1.842,"La Silla Observatory, Chile",HIP102495,BJD,"Trifonov et al. (A&A 636, A74 (2020))",HARPS,ThAr,Trifonov,0.673660036,0.002074053,6.097341791,0.024526465,43.0,600.002,,-8.482609512
2456522.77,-45196.889,1.595,"La Silla Observatory, Chile",HIP102495,BJD,"Trifonov et al. (A&A 636, A74 (2020))",HARPS,ThAr,Trifonov,0.675226779,0.0016708,6.112472528,0.023978875,55.1,900.0003,,-9.364800063
2456543.652,-43118.972,1.741,"La Silla Observatory, Chile",HIP102495,BJD,"Trifonov et al. (A&A 636, A74 (2020))",HARPS,ThAr,Trifonov,0.685680204,0.001938883,6.123549616,0.032665278,47.8,900.0004,,-18.46413949
2456582.58,-40885.771,1.577,"La Silla Observatory, Chile",HIP102495,BJD,"Trifonov et al. (A&A 636, A74 (2020))",HARPS,ThAr,Trifonov,0.676670774,0.00159714,6.12411768,0.030815869,54.9,900.0021,,-29.16420818
2456763.865,-46348.366,1.513,"La Silla Observatory, Chile",HIP102495,BJD,"Trifonov et al. (A&A 636, A74 (2020))",HARPS,ThAr,Trifonov,0.681978114,0.001496662,6.10907526,0.040462769,59.8,900.0013,,29.11927226
2456968.592,-45847.038,1.838,"La Silla Observatory, Chile",HIP102495,BJD,"Trifonov et al. (A&A 636, A74 (2020))",HARPS,ThAr,Trifonov,0.675172003,0.00191749,6.110934839,0.031193642,47.4,900.0013,,-29.98639483
