Time,RV,Uncertainty,Observatory_Site,Star_Name,Time_Convention,Reference,Instrument,Wavelength_Calibration_Technique,Source,Halpha_Index,Halpha_Index_Error,Full_Width_Half_Maximum,Bisetor,Signal_to_noise_ratio_in_order_55,Exposure_Time,Airmass,Barycentric_Earth_Radial_Velocity
2454396.695,-25709.562,1.244,"La Silla Observatory, Chile",GJ70,BJD,"Trifonov et al. (A&A 636, A74 (2020))",HARPS,ThAr,Trifonov,0.942983505,0.001629772,3.06207847,-0.008449625,54.3,899.9967,,-2.452684365
2454397.719,-25708.544,1.278,"La Silla Observatory, Chile",GJ70,BJD,"Trifonov et al. (A&A 636, A74 (2020))",HARPS,ThAr,Trifonov,0.940950679,0.001717522,3.061923001,-0.007294225,51.9,899.9969,,-3.042860038
2454398.708,-25709.299,1.252,"La Silla Observatory, Chile",GJ70,BJD,"Trifonov et al. (A&A 636, A74 (2020))",HARPS,ThAr,Trifonov,0.935578294,0.001730395,3.060697899,-0.009464001,51.4,899.997,,-3.527756551
2454399.795,-25709.337,1.287,"La Silla Observatory, Chile",GJ70,BJD,"Trifonov et al. (A&A 636, A74 (2020))",HARPS,ThAr,Trifonov,0.941961982,0.001633882,3.055645377,-0.009674152,53.8,899.9982,,-4.284339806
2454400.605,-25707.001,1.698,"La Silla Observatory, Chile",GJ70,BJD,"Trifonov et al. (A&A 636, A74 (2020))",HARPS,ThAr,Trifonov,0.911619762,0.002194577,3.057580749,-0.006108559,39.1,899.9978,,-4.249711269
2454402.654,-25705.591,1.26,"La Silla Observatory, Chile",GJ70,BJD,"Trifonov et al. (A&A 636, A74 (2020))",HARPS,ThAr,Trifonov,0.928771125,0.001711578,3.062566392,-0.008666452,52.0,899.9963,,-5.424555336
2454403.776,-25706.492,1.151,"La Silla Observatory, Chile",GJ70,BJD,"Trifonov et al. (A&A 636, A74 (2020))",HARPS,ThAr,Trifonov,0.932371884,0.001722409,3.055457179,-0.013347178,50.5,899.9972,,-6.28900443
2455931.544,-25702.408,1.637,"La Silla Observatory, Chile",GJ70,BJD,"Trifonov et al. (A&A 636, A74 (2020))",HARPS,ThAr,Trifonov,0.907874011,0.001990878,3.058638725,-0.013269308,44.0,900.0055,,-29.64582581
2456159.832,-25709.133,2.047,"La Silla Observatory, Chile",GJ70,BJD,"Trifonov et al. (A&A 636, A74 (2020))",HARPS,ThAr,Trifonov,0.941931302,0.002575164,3.065086683,-0.003516308,34.8,900.0004,,24.72683085
