Time,RV,Uncertainty,Observatory_Name,Star_Name,Time_Convention,Reference,Instrument,Wavelength_Calibration_Technique,Source,Halpha_Index,Halpha_Index_Error,Full_Width_Half_Maximum,Bisetor,Signal_to_noise_ratio_in_order_55,Exposure_Time,Airmass,Barycentric_Earth_Radial_Velocity
2457300.565,-36.942,1.039,La Silla Observatory,HD181544,BJD,"Trifonov et al. (A&A 636, A74 (2020))",HARPS,ThAr,Trifonov,0.392923737,0.00037752,9.755182495,0.046862896,198.3,699.9983,,-29.59461942
2457301.58,-33.071,1.34,La Silla Observatory,HD181544,BJD,"Trifonov et al. (A&A 636, A74 (2020))",HARPS,ThAr,Trifonov,0.394088569,0.000530913,9.750105054,0.053541669,142.0,699.9983,,-29.6834667
2457303.568,-18.493,1.081,La Silla Observatory,HD181544,BJD,"Trifonov et al. (A&A 636, A74 (2020))",HARPS,ThAr,Trifonov,0.390364391,0.000510477,9.764468546,0.047040301,148.2,699.9983,,-29.76037977
2457307.506,-11.283,0.592,La Silla Observatory,HD181544,BJD,"Trifonov et al. (A&A 636, A74 (2020))",HARPS,ThAr,Trifonov,0.388338326,0.000234365,9.754918343,0.040877364,326.4,699.9983,,-29.72675172
2457311.527,5.69,0.822,La Silla Observatory,HD181544,BJD,"Trifonov et al. (A&A 636, A74 (2020))",HARPS,ThAr,Trifonov,0.391305806,0.000374766,9.753861926,0.045360429,205.4,699.9983,,-29.70987594
2457312.523,6.278,0.99,La Silla Observatory,HD181544,BJD,"Trifonov et al. (A&A 636, A74 (2020))",HARPS,ThAr,Trifonov,0.389890379,0.000357829,9.752610227,0.049873473,211.0,699.9983,,-29.66458337
2457325.513,57.868,0.821,La Silla Observatory,HD181544,BJD,"Trifonov et al. (A&A 636, A74 (2020))",HARPS,ThAr,Trifonov,0.392872668,0.000310588,9.759177133,0.043478274,241.9,699.9983,,-28.35102915
