Time,RV,Uncertainty,Observatory_Site,Star_Name,Time_Convention,Reference,Instrument,Wavelength_Calibration_Technique,Source,Halpha_Index,Halpha_Index_Error,Full_Width_Half_Maximum,Bisetor,Signal_to_noise_ratio_in_order_55,Exposure_Time,Airmass,Barycentric_Earth_Radial_Velocity
2454899.821,2.161,1.625,"La Silla Observatory, Chile",HD160617,BJD,"Trifonov et al. (A&A 636, A74 (2020))",HARPS,ThAr,Trifonov,0.41162945,0.000491755,6.802107684,0.075835717,150.6,2700.0,,28.61564254
2454900.843,5.37,1.378,"La Silla Observatory, Chile",HD160617,BJD,"Trifonov et al. (A&A 636, A74 (2020))",HARPS,ThAr,Trifonov,0.411176559,0.000366398,6.801194985,0.074215412,200.1,1800.0,,28.64835617
2454900.864,2.576,1.364,"La Silla Observatory, Chile",HD160617,BJD,"Trifonov et al. (A&A 636, A74 (2020))",HARPS,ThAr,Trifonov,0.411118772,0.000362028,6.786903183,0.074038939,202.9,1800.0,,28.61816519
2454900.885,5.779,1.402,"La Silla Observatory, Chile",HD160617,BJD,"Trifonov et al. (A&A 636, A74 (2020))",HARPS,ThAr,Trifonov,0.410495458,0.000380111,6.792374597,0.072210095,193.4,1800.0,,28.58524041
2454900.907,1.568,1.356,"La Silla Observatory, Chile",HD160617,BJD,"Trifonov et al. (A&A 636, A74 (2020))",HARPS,ThAr,Trifonov,0.410467054,0.000364421,6.791781211,0.081407059,202.5,1800.0,,28.54853584
2456085.614,-3.166,1.219,"La Silla Observatory, Chile",HD160617,BJD,"Trifonov et al. (A&A 636, A74 (2020))",HARPS,ThAr,Trifonov,0.407239982,0.000321476,6.808715627,0.080372314,227.0,3600.0059,,5.300789442
2456086.745,-1.879,1.264,"La Silla Observatory, Chile",HD160617,BJD,"Trifonov et al. (A&A 636, A74 (2020))",HARPS,ThAr,Trifonov,0.409676315,0.000305467,6.842295429,0.076495467,244.2,3600.006,,4.53040833
2456086.786,-3.559,1.452,"La Silla Observatory, Chile",HD160617,BJD,"Trifonov et al. (A&A 636, A74 (2020))",HARPS,ThAr,Trifonov,0.407467735,0.000381847,6.841162796,0.081742256,195.5,3600.0,,4.434198192
2456086.838,-9.381,1.565,"La Silla Observatory, Chile",HD160617,BJD,"Trifonov et al. (A&A 636, A74 (2020))",HARPS,ThAr,Trifonov,0.406974086,0.00041905,6.816589319,0.083368006,177.9,3599.9945,,4.322323089
