Time,RV,Uncertainty,Observatory_Site,Star_Name,Time_Convention,Reference,Instrument,Wavelength_Calibration_Technique,Source,Halpha_Index,Halpha_Index_Error,Full_Width_Half_Maximum,Bisetor,Signal_to_noise_ratio_in_order_55,Exposure_Time,Airmass,Barycentric_Earth_Radial_Velocity
2454370.603,-51299.782,1.038,"La Silla Observatory, Chile",HD189005,BJD,"Trifonov et al. (A&A 636, A74 (2020))",HARPS,ThAr,Trifonov,0.394974437,0.000258388,8.394526265,0.068066003,266.9,120.0018,,-27.58048315
2454371.596,-51284.488,1.045,"La Silla Observatory, Chile",HD189005,BJD,"Trifonov et al. (A&A 636, A74 (2020))",HARPS,ThAr,Trifonov,0.393524908,0.000278092,8.396641602,0.069517129,246.0,120.0004,,-27.76436006
2454622.794,-48347.577,1.039,"La Silla Observatory, Chile",HD189005,BJD,"Trifonov et al. (A&A 636, A74 (2020))",HARPS,ThAr,Trifonov,0.387308647,0.000270964,8.382418106,0.070366005,258.7,120.0,,19.68794262
2454623.85,-48338.949,1.034,"La Silla Observatory, Chile",HD189005,BJD,"Trifonov et al. (A&A 636, A74 (2020))",HARPS,ThAr,Trifonov,0.393587659,0.000243093,8.391888014,0.066409258,286.8,200.0,,19.15719203
2454684.594,-48018.485,1.125,"La Silla Observatory, Chile",HD189005,BJD,"Trifonov et al. (A&A 636, A74 (2020))",HARPS,ThAr,Trifonov,0.387681487,0.000519689,8.38463495,0.06716379,135.8,45.0,,-8.804598461
2454685.615,-48016.728,1.096,"La Silla Observatory, Chile",HD189005,BJD,"Trifonov et al. (A&A 636, A74 (2020))",HARPS,ThAr,Trifonov,0.393711208,0.000445925,8.381957775,0.069152224,157.7,45.0,,-9.338387841
2454787.509,-47872.813,1.177,"La Silla Observatory, Chile",HD189005,BJD,"Trifonov et al. (A&A 636, A74 (2020))",HARPS,ThAr,Trifonov,0.389285153,0.000610112,8.391987947,0.065846567,114.4,45.0,,-26.4884392
2454788.515,-47885.992,1.115,"La Silla Observatory, Chile",HD189005,BJD,"Trifonov et al. (A&A 636, A74 (2020))",HARPS,ThAr,Trifonov,0.394174563,0.000475617,8.388119973,0.070040336,145.9,45.0,,-26.2505184
