Time,RV,Uncertainty,Observatory_Site,Star_Name,Time_Convention,Reference,Instrument,Wavelength_Calibration_Technique,Source,Halpha_Index,Halpha_Index_Error,Full_Width_Half_Maximum,Bisetor,Signal_to_noise_ratio_in_order_55,Exposure_Time,Airmass,Barycentric_Earth_Radial_Velocity
2453016.77,28291.493,2.413,"La Silla Observatory, Chile",HD76440,BJD,"Trifonov et al. (A&A 636, A74 (2020))",HARPS,ThAr,Trifonov,0.421961171,0.002130175,6.858564986,-0.035380188,37.2,107.1012,,10.95372039
2453047.675,28288.374,2.271,"La Silla Observatory, Chile",HD76440,BJD,"Trifonov et al. (A&A 636, A74 (2020))",HARPS,ThAr,Trifonov,0.42076913,0.00178343,6.872069442,-0.031893392,42.2,214.1962,,5.511464883
2453788.713,28288.021,1.862,"La Silla Observatory, Chile",HD76440,BJD,"Trifonov et al. (A&A 636, A74 (2020))",HARPS,ThAr,Trifonov,0.420633681,0.00158496,6.866455952,-0.024960783,48.3,102.2998,,3.115669238
2454141.701,28289.874,1.285,"La Silla Observatory, Chile",HD76440,BJD,"Trifonov et al. (A&A 636, A74 (2020))",HARPS,ThAr,Trifonov,0.42224451,0.001279985,6.871084928,-0.026464334,58.7,203.6012,,5.851660776
2455664.586,28287.527,2.559,"La Silla Observatory, Chile",HD76440,BJD,"Trifonov et al. (A&A 636, A74 (2020))",HARPS,ThAr,Trifonov,0.415532082,0.002135305,6.873333726,-0.03850915,37.6,102.2996,,-7.624531868
2455968.733,28288.678,1.359,"La Silla Observatory, Chile",HD76440,BJD,"Trifonov et al. (A&A 636, A74 (2020))",HARPS,ThAr,Trifonov,0.420839695,0.001062902,6.886204813,-0.027223251,74.6,204.6998,,5.630685185
2456316.716,28290.167,1.716,"La Silla Observatory, Chile",HD76440,BJD,"Trifonov et al. (A&A 636, A74 (2020))",HARPS,ThAr,Trifonov,0.421827369,0.001441004,6.891647165,-0.041401838,55.0,188.5009,,9.04366022
