Time,RV,Uncertainty,Observatory_Name,Star_Name,Time_Convention,Reference,Instrument,Wavelength_Calibration_Technique,Source,Halpha_Index,Halpha_Index_Error,Full_Width_Half_Maximum,Bisetor,Signal_to_noise_ratio_in_order_55,Exposure_Time,Airmass,Barycentric_Earth_Radial_Velocity
2453701.63,-0.181,0.959,La Silla Observatory,HD7355,BJD,"Trifonov et al. (A&A 636, A74 (2020))",HARPS,ThAr,Trifonov,0.370047769,0.000306246,8.48939663,0.084792759,234.3,900.0006,,-22.01224603
2453703.594,5.466,0.735,La Silla Observatory,HD7355,BJD,"Trifonov et al. (A&A 636, A74 (2020))",HARPS,ThAr,Trifonov,0.369925924,0.000287798,8.492435688,0.080892759,246.9,899.9992,,-22.64874138
2453705.604,-1.988,0.798,La Silla Observatory,HD7355,BJD,"Trifonov et al. (A&A 636, A74 (2020))",HARPS,ThAr,Trifonov,0.370126849,0.000358688,8.493274897,0.078517968,199.0,900.0013,,-23.38827148
2453706.593,-1.839,0.823,La Silla Observatory,HD7355,BJD,"Trifonov et al. (A&A 636, A74 (2020))",HARPS,ThAr,Trifonov,0.37005029,0.000416456,8.492018542,0.082817517,171.7,900.0017,,-23.70102284
2453707.603,-3.488,0.641,La Silla Observatory,HD7355,BJD,"Trifonov et al. (A&A 636, A74 (2020))",HARPS,ThAr,Trifonov,0.369185057,0.000317881,8.493517175,0.082301916,219.6,900.0009,,-24.06455847
2453708.615,2.026,0.697,La Silla Observatory,HD7355,BJD,"Trifonov et al. (A&A 636, A74 (2020))",HARPS,ThAr,Trifonov,0.368491026,0.000358092,8.491655976,0.085129446,196.2,900.0021,,-24.42745621
2453709.616,0.323,0.85,La Silla Observatory,HD7355,BJD,"Trifonov et al. (A&A 636, A74 (2020))",HARPS,ThAr,Trifonov,0.36960171,0.000372911,8.492873455,0.08010543,189.4,900.0021,,-24.74770646
2453710.615,-0.196,0.973,La Silla Observatory,HD7355,BJD,"Trifonov et al. (A&A 636, A74 (2020))",HARPS,ThAr,Trifonov,0.370185807,0.000360692,8.495186861,0.084139174,195.9,900.0023,,-25.05664003
