Time,RV,Uncertainty,Observatory_Site,Star_Name,Time_Convention,Reference,Instrument,Wavelength_Calibration_Technique,Source,Halpha_Index,Halpha_Index_Error,Full_Width_Half_Maximum,Bisetor,Signal_to_noise_ratio_in_order_55,Exposure_Time,Airmass,Barycentric_Earth_Radial_Velocity
2456396.725,-29240.477,0.89,"La Silla Observatory, Chile",CD-535820,BJD,"Trifonov et al. (A&A 636, A74 (2020))",HARPS,ThAr,Trifonov,0.435256264,0.000870597,8.475264232,0.044534673,83.8,900.0003,,14.56428324
2456451.601,-29251.974,1.594,"La Silla Observatory, Chile",CD-535820,BJD,"Trifonov et al. (A&A 636, A74 (2020))",HARPS,ThAr,Trifonov,0.431322509,0.001270055,8.444032177,0.060710042,57.8,600.001,,-6.891223117
2456468.62,-29244.029,1.427,"La Silla Observatory, Chile",CD-535820,BJD,"Trifonov et al. (A&A 636, A74 (2020))",HARPS,ThAr,Trifonov,0.432446801,0.001210166,8.46658656,0.056922365,61.8,600.0007,,-13.1873135
2456509.516,-29233.874,1.028,"La Silla Observatory, Chile",CD-535820,BJD,"Trifonov et al. (A&A 636, A74 (2020))",HARPS,ThAr,Trifonov,0.433450516,0.000917879,8.466722416,0.055278637,79.9,1200.0011,,-22.9969723
2456541.467,-29206.287,1.408,"La Silla Observatory, Chile",CD-535820,BJD,"Trifonov et al. (A&A 636, A74 (2020))",HARPS,ThAr,Trifonov,0.434411665,0.001213741,8.471937194,0.052195821,61.4,600.0008,,-23.52782824
2456733.695,-29175.625,1.843,"La Silla Observatory, Chile",CD-535820,BJD,"Trifonov et al. (A&A 636, A74 (2020))",HARPS,ThAr,Trifonov,0.426795038,0.001458449,8.475638697,0.042516436,50.2,600.0008,,22.25365024
2456734.708,-29169.522,1.374,"La Silla Observatory, Chile",CD-535820,BJD,"Trifonov et al. (A&A 636, A74 (2020))",HARPS,ThAr,Trifonov,0.433067871,0.001017844,8.476514831,0.048904637,71.1,600.0023,,22.04727348
2456735.696,-29170.368,1.551,"La Silla Observatory, Chile",CD-535820,BJD,"Trifonov et al. (A&A 636, A74 (2020))",HARPS,ThAr,Trifonov,0.435415696,0.001222316,8.460754604,0.05640277,60.0,600.002,,21.8637984
