Time,RV,Uncertainty,Observatory_Site,Star_Name,Time_Convention,Reference,Instrument,Wavelength_Calibration_Technique,Source,Halpha_Index,Halpha_Index_Error,Full_Width_Half_Maximum,Bisetor,Signal_to_noise_ratio_in_order_55,Exposure_Time,Airmass,Barycentric_Earth_Radial_Velocity
2454570.795,-32328.31,3.656,"La Silla Observatory, Chile",HIP74190,BJD,"Trifonov et al. (A&A 636, A74 (2020))",HARPS,ThAr,Trifonov,0.907436277,0.004085982,3.041230372,-0.016005774,20.6,350.0,,9.632252448
2454583.852,-32326.732,1.59,"La Silla Observatory, Chile",HIP74190,BJD,"Trifonov et al. (A&A 636, A74 (2020))",HARPS,ThAr,Trifonov,0.929234805,0.002173176,3.028727822,-0.003288558,38.6,900.0,,3.393121744
2454587.826,-32327.794,2.614,"La Silla Observatory, Chile",HIP74190,BJD,"Trifonov et al. (A&A 636, A74 (2020))",HARPS,ThAr,Trifonov,0.872878372,0.002851563,3.036400923,-0.007001207,28.3,900.0,,1.542528188
2454588.828,-32328.735,1.423,"La Silla Observatory, Chile",HIP74190,BJD,"Trifonov et al. (A&A 636, A74 (2020))",HARPS,ThAr,Trifonov,0.867688188,0.001875785,3.037658238,-0.007940818,43.8,900.0,,1.056449005
2454589.803,-32332.155,1.922,"La Silla Observatory, Chile",HIP74190,BJD,"Trifonov et al. (A&A 636, A74 (2020))",HARPS,ThAr,Trifonov,0.868215608,0.002366976,3.032914503,-0.004774894,34.8,900.0,,0.639599813
2454590.809,-32330.419,1.847,"La Silla Observatory, Chile",HIP74190,BJD,"Trifonov et al. (A&A 636, A74 (2020))",HARPS,ThAr,Trifonov,0.862581407,0.002330411,3.034683026,-0.005404785,35.0,900.0,,0.143959519
2454591.804,-32331.285,2.932,"La Silla Observatory, Chile",HIP74190,BJD,"Trifonov et al. (A&A 636, A74 (2020))",HARPS,ThAr,Trifonov,0.867889626,0.003288471,3.041424091,-0.018599881,25.0,900.0,,-0.325228309
2454592.801,-32329.646,1.169,"La Silla Observatory, Chile",HIP74190,BJD,"Trifonov et al. (A&A 636, A74 (2020))",HARPS,ThAr,Trifonov,0.870217633,0.001665321,3.036066224,-0.006927748,49.6,900.0,,-0.799432728
2455954.862,-32331.27,2.969,"La Silla Observatory, Chile",HIP74190,BJD,"Trifonov et al. (A&A 636, A74 (2020))",HARPS,ThAr,Trifonov,0.916407055,0.003278508,3.031131757,0.003458007,25.8,900.0001,,28.48938178
