Time,RV,Uncertainty,Observatory_Site,Star_Name,Time_Convention,Reference,Instrument,Wavelength_Calibration_Technique,Source,Halpha_Index,Halpha_Index_Error,Full_Width_Half_Maximum,Bisetor,Signal_to_noise_ratio_in_order_55,Exposure_Time,Airmass,Barycentric_Earth_Radial_Velocity
2452946.868,-11.485,0.954,"La Silla Observatory, Chile",GJ327,BJD,"Trifonov et al. (A&A 636, A74 (2020))",HARPS,ThAr,Trifonov,0.423853439,0.000387117,6.929697191,-0.018875214,185.7,275.9959,,27.87450107
2453000.813,-11.457,1.121,"La Silla Observatory, Chile",GJ327,BJD,"Trifonov et al. (A&A 636, A74 (2020))",HARPS,ThAr,Trifonov,0.426944025,0.000836173,6.920113078,-0.017865256,91.3,90.2961,,18.97480975
2453048.646,-17.164,0.925,"La Silla Observatory, Chile",GJ327,BJD,"Trifonov et al. (A&A 636, A74 (2020))",HARPS,ThAr,Trifonov,0.420528329,0.000275576,6.924016021,-0.02215777,263.0,374.4969,,-2.519214665
2455288.567,3.626,0.633,"La Silla Observatory, Chile",GJ327,BJD,"Trifonov et al. (A&A 636, A74 (2020))",HARPS,ThAr,Trifonov,0.423901832,0.000223545,6.943692448,-0.012113585,343.6,399.9988,,-22.23788249
2455288.572,4.31,0.633,"La Silla Observatory, Chile",GJ327,BJD,"Trifonov et al. (A&A 636, A74 (2020))",HARPS,ThAr,Trifonov,0.423953459,0.000225179,6.943208211,-0.012305621,340.9,399.999,,-22.25209061
2455299.568,6.74,0.799,"La Silla Observatory, Chile",GJ327,BJD,"Trifonov et al. (A&A 636, A74 (2020))",HARPS,ThAr,Trifonov,0.424713128,0.00023719,6.948335252,-0.010252803,326.2,450.0059,,-24.96019646
2455299.574,6.083,0.799,"La Silla Observatory, Chile",GJ327,BJD,"Trifonov et al. (A&A 636, A74 (2020))",HARPS,ThAr,Trifonov,0.424973781,0.000236018,6.948559244,-0.010124428,328.6,450.0073,,-24.9746924
2455305.52,4.552,0.568,"La Silla Observatory, Chile",GJ327,BJD,"Trifonov et al. (A&A 636, A74 (2020))",HARPS,ThAr,Trifonov,0.421852374,0.000156077,6.951679843,-0.012657402,473.6,900.0075,,-25.93250484
2456256.854,-10.204,0.912,"La Silla Observatory, Chile",GJ327,BJD,"Trifonov et al. (A&A 636, A74 (2020))",HARPS,ThAr,Trifonov,0.423333527,0.000190391,6.945683936,-0.017895154,405.5,899.9993,,26.95475405
