Time,RV,Uncertainty,Observatory_Name,Star_Name,Time_Convention,Reference,Instrument,Wavelength_Calibration_Technique,Source,Halpha_Index,Halpha_Index_Error,Full_Width_Half_Maximum,Bisetor,Signal_to_noise_ratio_in_order_55,Exposure_Time,Airmass,Barycentric_Earth_Radial_Velocity
2453049.744,-0.354,1.065,La Silla Observatory,GJ9299,BJD,"Trifonov et al. (A&A 636, A74 (2020))",HARPS,ThAr,Trifonov,0.688988032,0.001302751,3.912173117,-0.034740568,65.7,632.697,,1.10655876
2453061.669,-3.248,1.417,La Silla Observatory,GJ9299,BJD,"Trifonov et al. (A&A 636, A74 (2020))",HARPS,ThAr,Trifonov,0.691082977,0.001776434,3.896259571,-0.012550923,47.9,899.9954,,-4.689103403
2453372.8,7.407,1.438,La Silla Observatory,GJ9299,BJD,"Trifonov et al. (A&A 636, A74 (2020))",HARPS,ThAr,Trifonov,0.69196652,0.002039539,3.957482925,-0.018908528,43.5,343.3775,,20.16141207
2454135.759,4.197,1.148,La Silla Observatory,GJ9299,BJD,"Trifonov et al. (A&A 636, A74 (2020))",HARPS,ThAr,Trifonov,0.689699027,0.001261179,3.932668353,-0.030727498,69.6,345.2027,,5.945500558
2454255.482,1.482,2.53,La Silla Observatory,GJ9299,BJD,"Trifonov et al. (A&A 636, A74 (2020))",HARPS,ThAr,Trifonov,0.70531773,0.003036178,3.945351386,-0.04909448,28.9,600.0014,,-26.88304302
2454259.465,-7.983,1.305,La Silla Observatory,GJ9299,BJD,"Trifonov et al. (A&A 636, A74 (2020))",HARPS,ThAr,Trifonov,0.692946408,0.001502378,3.940286714,-0.037580386,58.8,359.9999,,-26.29599498
2454902.753,-2.217,1.338,La Silla Observatory,GJ9299,BJD,"Trifonov et al. (A&A 636, A74 (2020))",HARPS,ThAr,Trifonov,0.675076464,0.001818407,3.939526141,-0.04565599,49.1,345.2,,-11.87576193
2455682.534,1.414,1.282,La Silla Observatory,GJ9299,BJD,"Trifonov et al. (A&A 636, A74 (2020))",HARPS,ThAr,Trifonov,0.687977027,0.001436701,3.929869379,-0.024706904,61.6,414.3003,,-26.8013214
