Time,RV,Uncertainty,Observatory_Name,Star_Name,Time_Convention,Reference,Instrument,Wavelength_Calibration_Technique,Source,Halpha_Index,Halpha_Index_Error,Full_Width_Half_Maximum,Bisetor,Signal_to_noise_ratio_in_order_55,Exposure_Time,Airmass,Barycentric_Earth_Radial_Velocity
2457131.867,-11.214,1.147,La Silla Observatory,HD175128,BJD,"Trifonov et al. (A&A 636, A74 (2020))",HARPS,ThAr,Trifonov,0.390454802,0.000627942,9.408892295,0.025490505,123.1,1064.9996,,28.20106562
2457131.88,-10.143,1.177,La Silla Observatory,HD175128,BJD,"Trifonov et al. (A&A 636, A74 (2020))",HARPS,ThAr,Trifonov,0.390496545,0.000640053,9.408655855,0.028300425,120.4,1065.0006,,28.17180184
2457132.827,-4.508,1.406,La Silla Observatory,HD175128,BJD,"Trifonov et al. (A&A 636, A74 (2020))",HARPS,ThAr,Trifonov,0.39065581,0.000746924,9.412242457,0.029950636,102.8,1065.0007,,28.129741
2457132.84,-2.968,1.525,La Silla Observatory,HD175128,BJD,"Trifonov et al. (A&A 636, A74 (2020))",HARPS,ThAr,Trifonov,0.38908502,0.000819076,9.421358121,0.02901956,94.0,1065.0009,,28.10219831
2457133.851,6.341,1.077,La Silla Observatory,HD175128,BJD,"Trifonov et al. (A&A 636, A74 (2020))",HARPS,ThAr,Trifonov,0.393102927,0.00054629,9.421111999,0.033437512,138.7,1200.0002,,27.91304825
2457133.865,3.76,1.041,La Silla Observatory,HD175128,BJD,"Trifonov et al. (A&A 636, A74 (2020))",HARPS,ThAr,Trifonov,0.393956932,0.000522877,9.425401136,0.032908573,145.2,1200.0006,,27.88104993
2457133.88,3.045,1.078,La Silla Observatory,HD175128,BJD,"Trifonov et al. (A&A 636, A74 (2020))",HARPS,ThAr,Trifonov,0.393562561,0.000547551,9.413584894,0.036809744,138.9,1200.0009,,27.84864149
2457134.778,11.154,1.192,La Silla Observatory,HD175128,BJD,"Trifonov et al. (A&A 636, A74 (2020))",HARPS,ThAr,Trifonov,0.392773566,0.000626289,9.420415054,0.034195568,120.3,1200.0005,,27.88354997
