Time,RV,Uncertainty,Observatory_Name,Star_Name,Time_Convention,Reference,Instrument,Wavelength_Calibration_Technique,Source,Halpha_Index,Halpha_Index_Error,Full_Width_Half_Maximum,Bisetor,Signal_to_noise_ratio_in_order_55,Exposure_Time,Airmass,Barycentric_Earth_Radial_Velocity
2454045.803,623.24,0.979,La Silla Observatory,HD46568,BJD,"Trifonov et al. (A&A 636, A74 (2020))",HARPS,ThAr,Trifonov,0.413110946,0.000441854,7.946821616,0.050876587,156.7,90.0008,,12.63022121
2454085.77,567.484,0.919,La Silla Observatory,HD46568,BJD,"Trifonov et al. (A&A 636, A74 (2020))",HARPS,ThAr,Trifonov,0.411996908,0.000312025,7.955867574,0.043364422,222.2,89.9999,,4.714431347
2454370.857,128.018,0.958,La Silla Observatory,HD46568,BJD,"Trifonov et al. (A&A 636, A74 (2020))",HARPS,ThAr,Trifonov,0.413295024,0.000397837,7.957187195,0.051027611,175.0,90.0008,,14.53714711
2454622.444,-341.745,0.964,La Silla Observatory,HD46568,BJD,"Trifonov et al. (A&A 636, A74 (2020))",HARPS,ThAr,Trifonov,0.418452633,0.000377717,7.947191151,0.051585673,182.7,90.0,,-7.259876951
2454685.917,-414.171,0.966,La Silla Observatory,HD46568,BJD,"Trifonov et al. (A&A 636, A74 (2020))",HARPS,ThAr,Trifonov,0.415529204,0.000400302,7.947880306,0.050083562,173.6,90.0,,7.997877081
2454786.758,-659.216,1.007,La Silla Observatory,HD46568,BJD,"Trifonov et al. (A&A 636, A74 (2020))",HARPS,ThAr,Trifonov,0.419699153,0.000498454,7.947772327,0.052912568,141.7,90.0,,11.10586705
