Time,RV,Uncertainty,Observatory_Site,Star_Name,Time_Convention,Reference,Instrument,Wavelength_Calibration_Technique,Source,Halpha_Index,Halpha_Index_Error,Full_Width_Half_Maximum,Bisetor,Signal_to_noise_ratio_in_order_55,Exposure_Time,Airmass,Barycentric_Earth_Radial_Velocity
2453016.729,41518.695,2.252,"La Silla Observatory, Chile",HD68287,BJD,"Trifonov et al. (A&A 636, A74 (2020))",HARPS,ThAr,Trifonov,0.386642718,0.001518009,9.428967918,0.037653301,48.4,92.2014,,7.37000638
2453035.716,41520.863,2.071,"La Silla Observatory, Chile",HD68287,BJD,"Trifonov et al. (A&A 636, A74 (2020))",HARPS,ThAr,Trifonov,0.385460872,0.00131659,9.40754542,0.04278763,54.8,120.0015,,-1.732536816
2453787.65,41516.629,2.235,"La Silla Observatory, Chile",HD68287,BJD,"Trifonov et al. (A&A 636, A74 (2020))",HARPS,ThAr,Trifonov,0.389473529,0.001641475,9.431231544,0.029045769,46.7,62.7994,,-11.48047651
2455532.806,41515.913,1.777,"La Silla Observatory, Chile",HD68287,BJD,"Trifonov et al. (A&A 636, A74 (2020))",HARPS,ThAr,Trifonov,0.386853517,0.001156833,9.447460013,0.034988046,65.9,87.5052,,22.82280418
2456259.777,41517.814,1.425,"La Silla Observatory, Chile",HD68287,BJD,"Trifonov et al. (A&A 636, A74 (2020))",HARPS,ThAr,Trifonov,0.387618635,0.000893854,9.460802555,0.037873542,84.6,300.0084,,23.77121938
2456382.589,41522.63,0.89,"La Silla Observatory, Chile",HD68287,BJD,"Trifonov et al. (A&A 636, A74 (2020))",HARPS,ThAr,Trifonov,0.389173196,0.000504065,9.445206824,0.032740499,149.5,542.4,,-24.10471056
2456395.515,41521.899,1.056,"La Silla Observatory, Chile",HD68287,BJD,"Trifonov et al. (A&A 636, A74 (2020))",HARPS,ThAr,Trifonov,0.390073044,0.000509555,9.447894204,0.030174159,148.0,900.0001,,-26.07531067
2456453.452,41517.797,4.256,"La Silla Observatory, Chile",HD68287,BJD,"Trifonov et al. (A&A 636, A74 (2020))",HARPS,ThAr,Trifonov,0.382078576,0.003613682,9.430993906,0.068726945,24.2,120.0008,,-20.01762213
2456725.606,41521.117,1.3,"La Silla Observatory, Chile",HD68287,BJD,"Trifonov et al. (A&A 636, A74 (2020))",HARPS,ThAr,Trifonov,0.38677917,0.000961111,9.463123406,0.027777975,80.5,200.0015,,-17.74139966
