Time,RV,Uncertainty,Observatory_Site,Star_Name,Time_Convention,Reference,Instrument,Wavelength_Calibration_Technique,Source,Halpha_Index,Halpha_Index_Error,Full_Width_Half_Maximum,Bisetor,Signal_to_noise_ratio_in_order_55,Exposure_Time,Airmass,Barycentric_Earth_Radial_Velocity
2454045.609,25489.189,1.257,"La Silla Observatory, Chile",HD12438,BJD,"Trifonov et al. (A&A 636, A74 (2020))",HARPS,ThAr,Trifonov,0.396840519,0.000714627,7.843096831,0.053404349,94.4,90.0009,,-11.2124189
2454370.735,25492.215,1.06,"La Silla Observatory, Chile",HD12438,BJD,"Trifonov et al. (A&A 636, A74 (2020))",HARPS,ThAr,Trifonov,0.392187608,0.000315984,7.849707653,0.063923983,214.8,89.9965,,4.285897095
2454371.682,25472.734,1.085,"La Silla Observatory, Chile",HD12438,BJD,"Trifonov et al. (A&A 636, A74 (2020))",HARPS,ThAr,Trifonov,0.392386575,0.000378742,7.843524449,0.064351184,178.3,90.0005,,4.022316787
2454622.936,25493.615,1.084,"La Silla Observatory, Chile",HD12438,BJD,"Trifonov et al. (A&A 636, A74 (2020))",HARPS,ThAr,Trifonov,0.391420147,0.000377999,7.82796939,0.064961536,180.0,120.0,,19.84465446
2454684.761,25515.77,1.083,"La Silla Observatory, Chile",HD12438,BJD,"Trifonov et al. (A&A 636, A74 (2020))",HARPS,ThAr,Trifonov,0.39499915,0.000372041,7.865424195,0.068586736,182.8,90.0,,20.08757797
2454786.598,25505.488,1.125,"La Silla Observatory, Chile",HD12438,BJD,"Trifonov et al. (A&A 636, A74 (2020))",HARPS,ThAr,Trifonov,0.389389635,0.000472483,7.839845256,0.077601296,144.3,90.0,,-14.77829641
2454788.65,25482.741,1.051,"La Silla Observatory, Chile",HD12438,BJD,"Trifonov et al. (A&A 636, A74 (2020))",HARPS,ThAr,Trifonov,0.396482785,0.000299862,7.843424741,0.074968408,231.9,90.0,,-15.54478495
2454891.535,25551.77,1.192,"La Silla Observatory, Chile",HD12438,BJD,"Trifonov et al. (A&A 636, A74 (2020))",HARPS,ThAr,Trifonov,0.388041087,0.000585126,7.846335383,0.063445015,115.3,90.0,,-13.84721003
