Time,RV,Uncertainty,Observatory_Site,Star_Name,Time_Convention,Reference,Instrument,Wavelength_Calibration_Technique,Source,Halpha_Index,Halpha_Index_Error,Full_Width_Half_Maximum,Bisetor,Signal_to_noise_ratio_in_order_55,Exposure_Time,Airmass,Barycentric_Earth_Radial_Velocity
2454566.725,-31330.415,3.54,"La Silla Observatory, Chile",GJ3796,BJD,"Trifonov et al. (A&A 636, A74 (2020))",HARPS,ThAr,Trifonov,0.898259364,0.003868623,3.049045683,-0.012774553,22.6,500.0,,2.091038155
2454583.704,-31322.704,2.162,"La Silla Observatory, Chile",GJ3796,BJD,"Trifonov et al. (A&A 636, A74 (2020))",HARPS,ThAr,Trifonov,0.88464843,0.002588176,3.052175102,-0.014430676,33.3,900.0,,-6.438521657
2454588.722,-31315.57,3.424,"La Silla Observatory, Chile",GJ3796,BJD,"Trifonov et al. (A&A 636, A74 (2020))",HARPS,ThAr,Trifonov,0.884492714,0.003589067,3.059524992,0.002928197,23.5,900.0,,-8.938064945
2454589.678,-31318.77,3.715,"La Silla Observatory, Chile",GJ3796,BJD,"Trifonov et al. (A&A 636, A74 (2020))",HARPS,ThAr,Trifonov,0.889941564,0.003921023,3.059868281,-0.005786925,21.7,900.0,,-9.291828001
2454590.685,-31324.037,2.232,"La Silla Observatory, Chile",GJ3796,BJD,"Trifonov et al. (A&A 636, A74 (2020))",HARPS,ThAr,Trifonov,0.904555102,0.002655447,3.05666752,0.002782345,32.6,900.0,,-9.792631509
2454591.669,-31316.817,2.155,"La Silla Observatory, Chile",GJ3796,BJD,"Trifonov et al. (A&A 636, A74 (2020))",HARPS,ThAr,Trifonov,0.884768267,0.002591144,3.051348311,-0.004162916,33.4,900.0,,-10.22216558
2454592.717,-31320.453,2.146,"La Silla Observatory, Chile",GJ3796,BJD,"Trifonov et al. (A&A 636, A74 (2020))",HARPS,ThAr,Trifonov,0.878479634,0.002536836,3.051061355,-0.006716965,33.7,900.0,,-10.83768175
2455283.755,-31320.372,2.878,"La Silla Observatory, Chile",GJ3796,BJD,"Trifonov et al. (A&A 636, A74 (2020))",HARPS,ThAr,Trifonov,0.895497761,0.003313767,3.049330286,-0.002244157,27.2,900.0076,,8.842874378
