Time,RV,Uncertainty,Observatory_Name,Star_Name,Time_Convention,Reference,Instrument,Wavelength_Calibration_Technique,Source,Halpha_Index,Halpha_Index_Error,Full_Width_Half_Maximum,Bisetor,Signal_to_noise_ratio_in_order_55,Exposure_Time,Airmass,Barycentric_Earth_Radial_Velocity
2455716.769,-71.556,2.064,La Silla Observatory,CoRoT631423929,BJD,"Trifonov et al. (A&A 636, A74 (2020))",HARPS,ThAr,Trifonov,0.382317328,0.003467869,9.669356296,0.047277959,25.0,1800.0,,11.65829511
2455754.703,33582.672,21.405,La Silla Observatory,CoRoT631423929,BJD,"Trifonov et al. (A&A 636, A74 (2020))",HARPS,ThAr,Trifonov,0.463342089,0.013693255,7.187007996,-0.149247015,8.8,3600.0006,,-4.289420278
2455754.746,542.738,6.203,La Silla Observatory,CoRoT631423929,BJD,"Trifonov et al. (A&A 636, A74 (2020))",HARPS,ThAr,Trifonov,0.444261488,0.009759462,9.467103865,0.120729423,11.4,3600.0004,,-4.41125635
2455834.519,-46.619,1.746,La Silla Observatory,CoRoT631423929,BJD,"Trifonov et al. (A&A 636, A74 (2020))",HARPS,ThAr,Trifonov,0.394326363,0.002854615,9.654331905,0.072605003,28.9,2700.0058,,-25.8891014
2455834.556,-71.496,1.698,La Silla Observatory,CoRoT631423929,BJD,"Trifonov et al. (A&A 636, A74 (2020))",HARPS,ThAr,Trifonov,0.389021389,0.002861982,9.683178604,0.085849592,29.1,2700.0055,,-25.97062192
2455837.503,-74.566,1.256,La Silla Observatory,CoRoT631423929,BJD,"Trifonov et al. (A&A 636, A74 (2020))",HARPS,ThAr,Trifonov,0.386500432,0.002230188,9.679205052,0.070378916,35.3,2700.005,,-25.91449998
2455837.541,65.082,1.971,La Silla Observatory,CoRoT631423929,BJD,"Trifonov et al. (A&A 636, A74 (2020))",HARPS,ThAr,Trifonov,0.391209847,0.003291304,9.663052096,-0.004337054,25.5,2700.0049,,-25.99801923
