Time,RV,Uncertainty,Observatory_Site,Star_Name,Time_Convention,Reference,Instrument,Wavelength_Calibration_Technique,Source,Halpha_Index,Halpha_Index_Error,Full_Width_Half_Maximum,Bisetor,Signal_to_noise_ratio_in_order_55,Exposure_Time,Airmass,Barycentric_Earth_Radial_Velocity
2453050.648,-8.74,1.512,"La Silla Observatory, Chile",GJ313,BJD,"Trifonov et al. (A&A 636, A74 (2020))",HARPS,ThAr,Trifonov,0.67005297,0.001680249,7.003990902,0.048935114,51.7,460.297,,-3.960825799
2453060.609,6.097,1.527,"La Silla Observatory, Chile",GJ313,BJD,"Trifonov et al. (A&A 636, A74 (2020))",HARPS,ThAr,Trifonov,0.662013513,0.001636413,6.997509254,0.035156188,52.8,440.195,,-8.297839339
2453061.639,-9.828,1.535,"La Silla Observatory, Chile",GJ313,BJD,"Trifonov et al. (A&A 636, A74 (2020))",HARPS,ThAr,Trifonov,0.658812366,0.001760778,7.013313488,0.040197733,49.5,872.7955,,-8.815452957
2453062.648,-10.352,1.888,"La Silla Observatory, Chile",GJ313,BJD,"Trifonov et al. (A&A 636, A74 (2020))",HARPS,ThAr,Trifonov,0.662206653,0.002197419,7.0136343,0.04190065,40.1,899.9957,,-9.268240054
2453146.534,-16.819,2.74,"La Silla Observatory, Chile",GJ313,BJD,"Trifonov et al. (A&A 636, A74 (2020))",HARPS,ThAr,Trifonov,0.660305792,0.002776754,7.057086463,0.030666375,28.8,323.6947,,-24.95541959
2453150.519,-7.617,1.374,"La Silla Observatory, Chile",GJ313,BJD,"Trifonov et al. (A&A 636, A74 (2020))",HARPS,ThAr,Trifonov,0.662758436,0.001452075,6.993843803,0.043144725,58.3,898.095,,-24.47105162
2453156.513,-0.844,1.276,"La Silla Observatory, Chile",GJ313,BJD,"Trifonov et al. (A&A 636, A74 (2020))",HARPS,ThAr,Trifonov,0.657310882,0.001276697,7.034993586,0.037062336,65.7,693.0007,,-23.56291081
2453489.487,-10.826,2.02,"La Silla Observatory, Chile",GJ313,BJD,"Trifonov et al. (A&A 636, A74 (2020))",HARPS,ThAr,Trifonov,0.665954156,0.002281871,7.005639217,0.06030471,38.6,485.4822,,-25.25598762
2453728.82,27.561,1.247,"La Silla Observatory, Chile",GJ313,BJD,"Trifonov et al. (A&A 636, A74 (2020))",HARPS,ThAr,Trifonov,0.662668026,0.001383668,6.995215026,0.007491834,65.9,323.6995,,17.93439385
