Time,RV,Uncertainty,Observatory_Name,Star_Name,Time_Convention,Reference,Instrument,Wavelength_Calibration_Technique,Source,Halpha_Index,Halpha_Index_Error,Full_Width_Half_Maximum,Bisetor,Signal_to_noise_ratio_in_order_55,Exposure_Time,Airmass,Barycentric_Earth_Radial_Velocity
2453271.539,-2.118,2.538,La Silla Observatory,HD174153,BJD,"Trifonov et al. (A&A 636, A74 (2020))",HARPS,ThAr,Trifonov,0.390754658,0.001604018,7.856108899,0.035782145,44.8,91.8016,,-27.42722264
2453981.641,0.205,1.741,La Silla Observatory,HD174153,BJD,"Trifonov et al. (A&A 636, A74 (2020))",HARPS,ThAr,Trifonov,0.39368642,0.001110656,7.84961234,0.031708213,65.0,60.001,,-24.30977476
2454255.857,-1.912,1.384,La Silla Observatory,HD174153,BJD,"Trifonov et al. (A&A 636, A74 (2020))",HARPS,ThAr,Trifonov,0.390704589,0.000899825,7.85568504,0.032436525,82.4,120.0001,,12.28989852
2455017.779,1.533,1.915,La Silla Observatory,HD174153,BJD,"Trifonov et al. (A&A 636, A74 (2020))",HARPS,ThAr,Trifonov,0.393802299,0.001143762,7.852638607,0.036809949,63.7,91.7997,,-1.770766387
2455710.768,-1.158,1.55,La Silla Observatory,HD174153,BJD,"Trifonov et al. (A&A 636, A74 (2020))",HARPS,ThAr,Trifonov,0.389316545,0.001072298,7.868189147,0.029532463,71.4,900.0004,,14.96739729
2455822.621,-0.684,1.235,La Silla Observatory,HD174153,BJD,"Trifonov et al. (A&A 636, A74 (2020))",HARPS,ThAr,Trifonov,0.390546894,0.000912228,7.859390763,0.042673,83.6,200.0062,,-26.92330484
2456176.593,4.948,2.351,La Silla Observatory,HD174153,BJD,"Trifonov et al. (A&A 636, A74 (2020))",HARPS,ThAr,Trifonov,0.389356525,0.001546467,7.861541852,0.040062107,49.8,396.8801,,-24.97241069
2456481.683,-1.686,1.626,La Silla Observatory,HD174153,BJD,"Trifonov et al. (A&A 636, A74 (2020))",HARPS,ThAr,Trifonov,0.387399561,0.001050778,7.879111917,0.027884543,71.9,300.0013,,-2.938050103
2456506.607,3.096,1.43,La Silla Observatory,HD174153,BJD,"Trifonov et al. (A&A 636, A74 (2020))",HARPS,ThAr,Trifonov,0.391221706,0.000852403,7.876288476,0.031101804,87.3,500.0011,,-13.78708718
