Time,RV,Uncertainty,Observatory_Site,Star_Name,Time_Convention,Reference,Instrument,Wavelength_Calibration_Technique,Source,Halpha_Index,Halpha_Index_Error,Full_Width_Half_Maximum,Bisetor,Signal_to_noise_ratio_in_order_55,Exposure_Time,Airmass,Barycentric_Earth_Radial_Velocity
2454336.72,5.761,2.981,"La Silla Observatory, Chile",HD213637,BJD,"Trifonov et al. (A&A 636, A74 (2020))",HARPS,ThAr,Trifonov,0.500376259,0.001637165,12.89287921,0.031951802,54.4,1380.0003,,0.580306472
2454337.787,-11.554,3.959,"La Silla Observatory, Chile",HD213637,BJD,"Trifonov et al. (A&A 636, A74 (2020))",HARPS,ThAr,Trifonov,0.501797665,0.002102799,12.77802848,0.092918522,42.7,1380.0005,,-0.105383381
2454441.53,-5.683,1.514,"La Silla Observatory, Chile",HD213637,BJD,"Trifonov et al. (A&A 636, A74 (2020))",HARPS,ThAr,Trifonov,0.500424151,0.000799965,12.79772355,0.036892313,109.2,1380.0,,-29.30885502
2454442.559,-0.234,1.594,"La Silla Observatory, Chile",HD213637,BJD,"Trifonov et al. (A&A 636, A74 (2020))",HARPS,ThAr,Trifonov,0.498385968,0.000837246,12.79145546,0.039646459,103.7,1380.0,,-29.25047613
2454443.529,3.324,1.915,"La Silla Observatory, Chile",HD213637,BJD,"Trifonov et al. (A&A 636, A74 (2020))",HARPS,ThAr,Trifonov,0.501634793,0.001038122,12.81271144,0.0837964,84.7,1380.0,,-29.08647847
2454633.914,-9.807,1.804,"La Silla Observatory, Chile",HD213637,BJD,"Trifonov et al. (A&A 636, A74 (2020))",HARPS,ThAr,Trifonov,0.503398235,0.00101648,12.70486486,0.065477609,89.0,1380.0,,26.57106973
2454716.749,13.118,1.708,"La Silla Observatory, Chile",HD213637,BJD,"Trifonov et al. (A&A 636, A74 (2020))",HARPS,ThAr,Trifonov,0.50363716,0.000923596,12.71659197,0.070984489,96.3,1380.0,,-6.839456024
2454717.808,2.942,3.309,"La Silla Observatory, Chile",HD213637,BJD,"Trifonov et al. (A&A 636, A74 (2020))",HARPS,ThAr,Trifonov,0.503089352,0.001659406,12.88771083,0.050705496,52.6,1380.0,,-7.471588779
