Time,RV,Uncertainty,Observatory_Site,Star_Name,Time_Convention,Reference,Instrument,Wavelength_Calibration_Technique,Source,Halpha_Index,Halpha_Index_Error,Full_Width_Half_Maximum,Bisetor,Signal_to_noise_ratio_in_order_55,Exposure_Time,Airmass,Barycentric_Earth_Radial_Velocity
2453334.607,11948.342,1.039,"La Silla Observatory, Chile",HD12055,BJD,"Trifonov et al. (A&A 636, A74 (2020))",HARPS,ThAr,Trifonov,0.401412292,0.000195136,10.33929987,0.014348959,350.1,180.0009,,-15.82279723
2454044.66,12801.679,1.304,"La Silla Observatory, Chile",HD12055,BJD,"Trifonov et al. (A&A 636, A74 (2020))",HARPS,ThAr,Trifonov,0.401204857,0.000641374,10.25295569,0.005556699,107.9,59.9989,,-11.92258032
2454370.728,13210.505,1.098,"La Silla Observatory, Chile",HD12055,BJD,"Trifonov et al. (A&A 636, A74 (2020))",HARPS,ThAr,Trifonov,0.40237922,0.000324016,10.33703396,0.025406902,215.8,59.9966,,-1.002535417
2454371.679,13208.677,1.136,"La Silla Observatory, Chile",HD12055,BJD,"Trifonov et al. (A&A 636, A74 (2020))",HARPS,ThAr,Trifonov,0.403437246,0.000386397,10.32195137,0.035663032,179.8,60.0008,,-1.211885465
2454622.929,13741.983,1.093,"La Silla Observatory, Chile",HD12055,BJD,"Trifonov et al. (A&A 636, A74 (2020))",HARPS,ThAr,Trifonov,0.403062546,0.000315736,10.32722124,0.005375507,222.3,120.0,,16.83696922
2454684.754,13676.914,1.114,"La Silla Observatory, Chile",HD12055,BJD,"Trifonov et al. (A&A 636, A74 (2020))",HARPS,ThAr,Trifonov,0.401825298,0.000349048,10.3060485,0.034290736,199.2,60.0,,12.81171008
2454786.582,13493.826,1.159,"La Silla Observatory, Chile",HD12055,BJD,"Trifonov et al. (A&A 636, A74 (2020))",HARPS,ThAr,Trifonov,0.396633202,0.000424283,10.32430678,0.012235911,164.6,60.0,,-14.2320403
2454788.621,13489.657,1.098,"La Silla Observatory, Chile",HD12055,BJD,"Trifonov et al. (A&A 636, A74 (2020))",HARPS,ThAr,Trifonov,0.403718792,0.00033091,10.31940016,0.013708636,214.8,60.0,,-14.68310861
2454891.528,13037.567,1.197,"La Silla Observatory, Chile",HD12055,BJD,"Trifonov et al. (A&A 636, A74 (2020))",HARPS,ThAr,Trifonov,0.397802708,0.000476755,10.29708835,0.021528286,146.2,60.0,,-6.747374214
