Time,RV,Uncertainty,Observatory_Site,Star_Name,Time_Convention,Reference,Instrument,Wavelength_Calibration_Technique,Source,Halpha_Index,Halpha_Index_Error,Full_Width_Half_Maximum,Bisetor,Signal_to_noise_ratio_in_order_55,Exposure_Time,Airmass,Barycentric_Earth_Radial_Velocity
2454803.628,-22.457,2.417,"La Silla Observatory, Chile",GJ1022,BJD,"Trifonov et al. (A&A 636, A74 (2020))",HARPS,ThAr,Trifonov,0.896878088,0.00493079,3.044982886,0.009692407,16.7,300.0,,-16.07768935
2455424.744,100.622,3.485,"La Silla Observatory, Chile",GJ1022,BJD,"Trifonov et al. (A&A 636, A74 (2020))",HARPS,ThAr,Trifonov,0.909272344,0.006241833,3.050466568,0.000617587,12.8,900.0005,,2.333152363
2455425.715,-54.982,3.492,"La Silla Observatory, Chile",GJ1022,BJD,"Trifonov et al. (A&A 636, A74 (2020))",HARPS,ThAr,Trifonov,0.891372338,0.004926355,3.043383754,-5.88e-05,16.5,900.0002,,2.102017323
2455434.753,57.795,1.974,"La Silla Observatory, Chile",GJ1022,BJD,"Trifonov et al. (A&A 636, A74 (2020))",HARPS,ThAr,Trifonov,0.935648648,0.00404068,3.049746869,-0.002303459,20.8,900.0005,,-0.376196111
2455435.754,12.169,1.243,"La Silla Observatory, Chile",GJ1022,BJD,"Trifonov et al. (A&A 636, A74 (2020))",HARPS,ThAr,Trifonov,0.884505357,0.002826467,3.043296506,-0.011899532,29.7,900.0008,,-0.648903876
2455437.781,-12.018,1.492,"La Silla Observatory, Chile",GJ1022,BJD,"Trifonov et al. (A&A 636, A74 (2020))",HARPS,ThAr,Trifonov,0.887049399,0.003042592,3.041448958,-0.008526588,27.3,900.0004,,-1.231522518
2455439.666,-9.781,1.531,"La Silla Observatory, Chile",GJ1022,BJD,"Trifonov et al. (A&A 636, A74 (2020))",HARPS,ThAr,Trifonov,0.885574806,0.003408383,3.042626916,-0.014294009,24.3,900.0005,,-1.616711285
2455443.77,-135.791,2.584,"La Silla Observatory, Chile",GJ1022,BJD,"Trifonov et al. (A&A 636, A74 (2020))",HARPS,ThAr,Trifonov,0.896172746,0.004915913,3.045185627,-0.002255185,16.8,900.0004,,-2.842322757
2455445.896,24.553,1.839,"La Silla Observatory, Chile",GJ1022,BJD,"Trifonov et al. (A&A 636, A74 (2020))",HARPS,ThAr,Trifonov,0.896840834,0.003794434,3.047643513,-0.016330964,22.0,900.0005,,-3.559864814
