Time,RV,Uncertainty,Observatory_Name,Star_Name,Time_Convention,Reference,Instrument,Wavelength_Calibration_Technique,Source,Halpha_Index,Halpha_Index_Error,Full_Width_Half_Maximum,Bisetor,Signal_to_noise_ratio_in_order_55,Exposure_Time,Airmass,Barycentric_Earth_Radial_Velocity
2454367.902,-1.846,1.108,La Silla Observatory,HD55524,BJD,"Trifonov et al. (A&A 636, A74 (2020))",HARPS,ThAr,Trifonov,0.421056588,0.001018341,7.682429847,-0.017260844,75.5,899.9982,,14.58725744
2454369.798,0.711,1.325,La Silla Observatory,HD55524,BJD,"Trifonov et al. (A&A 636, A74 (2020))",HARPS,ThAr,Trifonov,0.422281588,0.001034926,7.631266917,-0.012399872,72.1,900.0003,,14.94503612
2454580.561,0.814,1.128,La Silla Observatory,HD55524,BJD,"Trifonov et al. (A&A 636, A74 (2020))",HARPS,ThAr,Trifonov,0.416646483,0.000800398,7.629631354,-0.008941829,93.9,1200.0,,-16.15165641
2455885.693,2.34,1.524,La Silla Observatory,HD55524,BJD,"Trifonov et al. (A&A 636, A74 (2020))",HARPS,ThAr,Trifonov,0.410623556,0.001220714,7.638902651,-0.012817831,62.7,900.0051,,14.28058157
2456184.872,-15.382,2.412,La Silla Observatory,HD55524,BJD,"Trifonov et al. (A&A 636, A74 (2020))",HARPS,ThAr,Trifonov,0.421394081,0.002017028,7.639506445,0.005919972,39.0,900.0007,,13.34920235
2456444.46,1.354,2.037,La Silla Observatory,HD55524,BJD,"Trifonov et al. (A&A 636, A74 (2020))",HARPS,ThAr,Trifonov,0.406896665,0.00164095,7.636133446,-0.019479648,48.0,900.0009,,-11.9889393
2456562.855,0.778,1.353,La Silla Observatory,HD55524,BJD,"Trifonov et al. (A&A 636, A74 (2020))",HARPS,ThAr,Trifonov,0.420350327,0.001042566,7.639583653,-0.009466091,73.8,899.9999,,15.04211343
2456563.814,2.836,1.453,La Silla Observatory,HD55524,BJD,"Trifonov et al. (A&A 636, A74 (2020))",HARPS,ThAr,Trifonov,0.41718748,0.001123352,7.649864647,-0.015887537,68.2,900.0003,,15.19535599
