Time,RV,Uncertainty,Observatory_Site,Star_Name,Time_Convention,Reference,Instrument,Wavelength_Calibration_Technique,Source,Halpha_Index,Halpha_Index_Error,Full_Width_Half_Maximum,Bisetor,Signal_to_noise_ratio_in_order_55,Exposure_Time,Airmass,Barycentric_Earth_Radial_Velocity
2452943.781,10019.76,2.242,"La Silla Observatory, Chile",HD29263,BJD,"Trifonov et al. (A&A 636, A74 (2020))",HARPS,ThAr,Trifonov,0.414691813,0.00177715,6.908932282,-0.021180789,41.7,78.396,,9.17897457
2453037.612,10020.444,1.786,"La Silla Observatory, Chile",HD29263,BJD,"Trifonov et al. (A&A 636, A74 (2020))",HARPS,ThAr,Trifonov,0.413151209,0.0014988,6.908278388,-0.021677771,50.4,179.9958,,-20.90542511
2453781.629,10024.29,1.301,"La Silla Observatory, Chile",HD29263,BJD,"Trifonov et al. (A&A 636, A74 (2020))",HARPS,ThAr,Trifonov,0.40760715,0.000952354,6.906889012,-0.02714955,77.3,200.0016,,-22.21749771
2454902.522,10021.539,1.572,"La Silla Observatory, Chile",HD29263,BJD,"Trifonov et al. (A&A 636, A74 (2020))",HARPS,ThAr,Trifonov,0.415085578,0.001399303,6.915219349,-0.02568843,55.4,82.0,,-21.17611217
2454902.53,10022.95,1.536,"La Silla Observatory, Chile",HD29263,BJD,"Trifonov et al. (A&A 636, A74 (2020))",HARPS,ThAr,Trifonov,0.414655116,0.001356343,6.918490093,-0.034119473,57.0,82.0,,-21.19005618
2456248.768,10021.925,1.039,"La Silla Observatory, Chile",HD29263,BJD,"Trifonov et al. (A&A 636, A74 (2020))",HARPS,ThAr,Trifonov,0.415965133,0.000745153,6.928130366,-0.024316868,103.6,360.0011,,2.626776394
2456517.933,10024.779,1.235,"La Silla Observatory, Chile",HD29263,BJD,"Trifonov et al. (A&A 636, A74 (2020))",HARPS,ThAr,Trifonov,0.414974025,0.00118424,6.939374274,-0.031192363,65.0,428.8221,,21.27898097
2457716.745,10033.55,1.88,"La Silla Observatory, Chile",HD29263,BJD,"Trifonov et al. (A&A 636, A74 (2020))",HARPS,ThAr,Trifonov,0.417153526,0.001737029,6.933983725,-0.025660011,46.7,109.9982,,-0.012857833
2458132.638,10034.683,1.571,"La Silla Observatory, Chile",HD29263,BJD,"Trifonov et al. (A&A 636, A74 (2020))",HARPS,ThAr,Trifonov,0.416336468,0.001148541,6.937662645,-0.011394419,66.1,119.9981,,-17.30680799
