Time,RV,Uncertainty,Observatory_Site,Star_Name,Time_Convention,Reference,Instrument,Wavelength_Calibration_Technique,Source,Halpha_Index,Halpha_Index_Error,Full_Width_Half_Maximum,Bisetor,Signal_to_noise_ratio_in_order_55,Exposure_Time,Airmass,Barycentric_Earth_Radial_Velocity
2453059.8,1.093,1.708,"La Silla Observatory, Chile",HD89749,BJD,"Trifonov et al. (A&A 636, A74 (2020))",HARPS,ThAr,Trifonov,0.439716736,0.001917357,6.443917566,-0.048907463,41.1,239.9961,,6.279828412
2453061.787,1.71,1.67,"La Silla Observatory, Chile",HD89749,BJD,"Trifonov et al. (A&A 636, A74 (2020))",HARPS,ThAr,Trifonov,0.439105787,0.00173615,6.443742656,-0.046261501,43.7,736.1961,,5.473715617
2453762.733,-0.275,0.895,"La Silla Observatory, Chile",HD89749,BJD,"Trifonov et al. (A&A 636, A74 (2020))",HARPS,ThAr,Trifonov,0.441832449,0.000911701,6.443356012,-0.045452742,83.2,402.5014,,16.81034365
2454199.621,2.852,1.541,"La Silla Observatory, Chile",HD89749,BJD,"Trifonov et al. (A&A 636, A74 (2020))",HARPS,ThAr,Trifonov,0.440090013,0.001729504,6.449254958,-0.046872091,45.9,241.4972,,-11.43181108
2455315.631,-2.88,1.795,"La Silla Observatory, Chile",HD89749,BJD,"Trifonov et al. (A&A 636, A74 (2020))",HARPS,ThAr,Trifonov,0.438732584,0.001792659,6.465255187,-0.044061139,44.4,404.7057,,-18.00734299
2455664.659,1.35,2.309,"La Silla Observatory, Chile",HD89749,BJD,"Trifonov et al. (A&A 636, A74 (2020))",HARPS,ThAr,Trifonov,0.446519686,0.002279618,6.486076157,-0.046855994,36.0,202.3055,,-12.98158946
2455967.836,0.293,1.26,"La Silla Observatory, Chile",HD89749,BJD,"Trifonov et al. (A&A 636, A74 (2020))",HARPS,ThAr,Trifonov,0.442671477,0.001100242,6.471898674,-0.045638358,72.1,404.6996,,11.79946387
2456021.627,-3.625,1.616,"La Silla Observatory, Chile",HD89749,BJD,"Trifonov et al. (A&A 636, A74 (2020))",HARPS,ThAr,Trifonov,0.437092639,0.001623381,6.472519126,-0.047357206,49.2,299.9997,,-9.868748667
