Time,RV,Uncertainty,Observatory_Site,Star_Name,Time_Convention,Reference,Instrument,Wavelength_Calibration_Technique,Source,Halpha_Index,Halpha_Index_Error,Full_Width_Half_Maximum,Bisetor,Signal_to_noise_ratio_in_order_55,Exposure_Time,Airmass,Barycentric_Earth_Radial_Velocity
2456804.946,-11.422,3.301,"La Silla Observatory, Chile",TYC6296-303-1,BJD,"Trifonov et al. (A&A 636, A74 (2020))",HARPS,ThAr,Trifonov,0.390133033,0.003573001,8.057137306,0.022757752,24.4,1200.001,,19.62257749
2456808.855,-4.828,2.115,"La Silla Observatory, Chile",TYC6296-303-1,BJD,"Trifonov et al. (A&A 636, A74 (2020))",HARPS,ThAr,Trifonov,0.390065074,0.002320659,8.094941883,0.03594514,35.1,1200.0014,,18.30502512
2456809.827,-7.822,1.918,"La Silla Observatory, Chile",TYC6296-303-1,BJD,"Trifonov et al. (A&A 636, A74 (2020))",HARPS,ThAr,Trifonov,0.389726443,0.002156903,8.095152833,0.042918102,37.8,1199.9999,,17.98301207
2456829.791,12.038,3.252,"La Silla Observatory, Chile",TYC6296-303-1,BJD,"Trifonov et al. (A&A 636, A74 (2020))",HARPS,ThAr,Trifonov,0.386486113,0.003814105,8.07795992,0.07629735,23.2,1200.0006,,9.275508422
2456833.86,-6.379,2.414,"La Silla Observatory, Chile",TYC6296-303-1,BJD,"Trifonov et al. (A&A 636, A74 (2020))",HARPS,ThAr,Trifonov,0.389907332,0.002638472,8.12372542,0.003923803,31.1,1200.0001,,7.171197698
2456834.814,-11.635,3.69,"La Silla Observatory, Chile",TYC6296-303-1,BJD,"Trifonov et al. (A&A 636, A74 (2020))",HARPS,ThAr,Trifonov,0.396667641,0.003980311,8.087794022,0.03428791,22.0,1200.0015,,6.800656603
2456835.816,22.709,2.952,"La Silla Observatory, Chile",TYC6296-303-1,BJD,"Trifonov et al. (A&A 636, A74 (2020))",HARPS,ThAr,Trifonov,0.393797417,0.003260828,8.064122161,0.054639491,26.2,1200.0011,,6.307276509
2456836.666,16.349,1.939,"La Silla Observatory, Chile",TYC6296-303-1,BJD,"Trifonov et al. (A&A 636, A74 (2020))",HARPS,ThAr,Trifonov,0.385390143,0.002201443,8.068128485,0.040455266,36.1,1800.0008,,6.242966327
2456836.872,-5.745,1.744,"La Silla Observatory, Chile",TYC6296-303-1,BJD,"Trifonov et al. (A&A 636, A74 (2020))",HARPS,ThAr,Trifonov,0.392853097,0.001971568,8.095556258,0.045328653,40.2,1800.0008,,5.680833235
