Time,RV,Uncertainty,Observatory_Name,Star_Name,Time_Convention,Reference,Instrument,Wavelength_Calibration_Technique,Source,Halpha_Index,Halpha_Index_Error,Full_Width_Half_Maximum,Bisetor,Signal_to_noise_ratio_in_order_55,Exposure_Time,Airmass,Barycentric_Earth_Radial_Velocity
2453501.701,-0.14,1.117,La Silla Observatory,HD141024,BJD,"Trifonov et al. (A&A 636, A74 (2020))",HARPS,ThAr,Trifonov,0.412542964,0.000808436,7.378269113,0.003528976,89.0,900.0011,,0.381770479
2453502.71,-1.319,0.637,La Silla Observatory,HD141024,BJD,"Trifonov et al. (A&A 636, A74 (2020))",HARPS,ThAr,Trifonov,0.41353543,0.000326331,7.372546318,0.002592564,221.0,900.0007,,-0.075713826
2453503.714,-1.742,0.641,La Silla Observatory,HD141024,BJD,"Trifonov et al. (A&A 636, A74 (2020))",HARPS,ThAr,Trifonov,0.414211154,0.000367203,7.368631591,0.000426942,196.5,900.0002,,-0.516334023
2453504.726,-2.3,0.723,La Silla Observatory,HD141024,BJD,"Trifonov et al. (A&A 636, A74 (2020))",HARPS,ThAr,Trifonov,0.41385383,0.000418984,7.374888298,0.003398218,171.3,900.002,,-0.981840027
2453508.8,-0.624,1.136,La Silla Observatory,HD141024,BJD,"Trifonov et al. (A&A 636, A74 (2020))",HARPS,ThAr,Trifonov,0.409760105,0.000767194,7.370264851,0.001365507,93.3,900.0007,,-2.887375042
2453509.67,1.419,0.735,La Silla Observatory,HD141024,BJD,"Trifonov et al. (A&A 636, A74 (2020))",HARPS,ThAr,Trifonov,0.409439134,0.000441193,7.372610307,0.003251015,162.0,900.0025,,-2.948262976
2453935.558,3.759,0.68,La Silla Observatory,HD141024,BJD,"Trifonov et al. (A&A 636, A74 (2020))",HARPS,ThAr,Trifonov,0.41213926,0.000538283,7.378677846,0.000930877,138.4,899.9995,,-22.56293362
2453936.545,0.621,0.6,La Silla Observatory,HD141024,BJD,"Trifonov et al. (A&A 636, A74 (2020))",HARPS,ThAr,Trifonov,0.413157195,0.000373134,7.374302682,0.001472232,197.7,899.9996,,-22.70647149
