Time,RV,Uncertainty,Observatory_Site,Star_Name,Time_Convention,Reference,Instrument,Wavelength_Calibration_Technique,Source,Halpha_Index,Halpha_Index_Error,Full_Width_Half_Maximum,Bisetor,Signal_to_noise_ratio_in_order_55,Exposure_Time,Airmass,Barycentric_Earth_Radial_Velocity
2453008.711,2.247,1.625,"La Silla Observatory, Chile",HD54521,BJD,"Trifonov et al. (A&A 636, A74 (2020))",HARPS,ThAr,Trifonov,0.40165118,0.001660993,7.239497787,-0.017999945,44.7,211.1881,,3.579075298
2453015.733,-1.539,1.634,"La Silla Observatory, Chile",HD54521,BJD,"Trifonov et al. (A&A 636, A74 (2020))",HARPS,ThAr,Trifonov,0.406955395,0.001688007,7.250934607,-0.007437199,45.4,101.1016,,1.116368398
2453360.747,2.41,2.218,"La Silla Observatory, Chile",HD54521,BJD,"Trifonov et al. (A&A 636, A74 (2020))",HARPS,ThAr,Trifonov,0.40293971,0.002286894,7.245404004,-0.015466244,34.2,77.6011,,7.886517648
2453361.774,5.397,2.007,"La Silla Observatory, Chile",HD54521,BJD,"Trifonov et al. (A&A 636, A74 (2020))",HARPS,ThAr,Trifonov,0.404721585,0.002016606,7.247805724,0.004115661,38.5,77.6021,,7.497941424
2453362.795,-5.289,1.306,"La Silla Observatory, Chile",HD54521,BJD,"Trifonov et al. (A&A 636, A74 (2020))",HARPS,ThAr,Trifonov,0.405246507,0.001227181,7.24722539,-0.00528839,61.2,77.6021,,7.123394022
2453374.74,-2.763,2.309,"La Silla Observatory, Chile",HD54521,BJD,"Trifonov et al. (A&A 636, A74 (2020))",HARPS,ThAr,Trifonov,0.398559974,0.002210215,7.256141229,-0.007245813,34.7,77.5759,,3.26260496
2453836.586,4.036,1.465,"La Silla Observatory, Chile",HD54521,BJD,"Trifonov et al. (A&A 636, A74 (2020))",HARPS,ThAr,Trifonov,0.405107094,0.001478113,7.240873411,-0.010965297,51.0,77.6019,,-19.40848295
2455876.787,-339.352,30.556,"La Silla Observatory, Chile",HD54521,BJD,"Trifonov et al. (A&A 636, A74 (2020))",HARPS,ThAr,Trifonov,0.422913119,0.023167929,7.507755734,0.006553058,4.9,465.8057,,17.6676577
