Time,RV,Uncertainty,Observatory_Name,Star_Name,Time_Convention,Reference,Instrument,Wavelength_Calibration_Technique,Source,Halpha_Index,Halpha_Index_Error,Full_Width_Half_Maximum,Bisetor,Signal_to_noise_ratio_in_order_55,Exposure_Time,Airmass,Barycentric_Earth_Radial_Velocity
2452991.806,4.108,2.071,La Silla Observatory,HD57568,BJD,"Trifonov et al. (A&A 636, A74 (2020))",HARPS,ThAr,Trifonov,0.581818737,0.002427638,6.064093804,0.01984662,33.3,282.396,,11.69150825
2452998.831,3.018,1.889,La Silla Observatory,HD57568,BJD,"Trifonov et al. (A&A 636, A74 (2020))",HARPS,ThAr,Trifonov,0.581467195,0.002499397,6.061306787,0.013463953,33.3,312.4959,,8.797267433
2453008.758,-2.433,1.109,La Silla Observatory,HD57568,BJD,"Trifonov et al. (A&A 636, A74 (2020))",HARPS,ThAr,Trifonov,0.574802716,0.001282744,6.049266455,0.032381625,63.3,1159.0956,,4.732003302
2453377.721,0.858,1.386,La Silla Observatory,HD57568,BJD,"Trifonov et al. (A&A 636, A74 (2020))",HARPS,ThAr,Trifonov,0.591366813,0.001757459,6.127606171,0.027093245,46.9,416.5773,,3.217332243
2454172.557,0.408,1.188,La Silla Observatory,HD57568,BJD,"Trifonov et al. (A&A 636, A74 (2020))",HARPS,ThAr,Trifonov,0.600122695,0.001365166,6.129847412,0.034294611,62.5,418.8961,,-20.74713026
2456383.598,-1.03,1.354,La Silla Observatory,HD57568,BJD,"Trifonov et al. (A&A 636, A74 (2020))",HARPS,ThAr,Trifonov,0.577364057,0.001533463,6.086933793,0.030073224,55.3,900.0005,,-24.14381173
