Time,RV,Uncertainty,Observatory_Site,Star_Name,Time_Convention,Reference,Instrument,Wavelength_Calibration_Technique,Source,Halpha_Index,Halpha_Index_Error,Full_Width_Half_Maximum,Bisetor,Signal_to_noise_ratio_in_order_55,Exposure_Time,Airmass,Barycentric_Earth_Radial_Velocity
2453889.909,-29048.623,1.569,"La Silla Observatory, Chile",HD201496,BJD,"Trifonov et al. (A&A 636, A74 (2020))",HARPS,ThAr,Trifonov,0.407751671,0.001209173,7.324734595,-0.001074935,62.5,200.0016,,25.43566556
2453918.83,-29057.17,2.057,"La Silla Observatory, Chile",HD201496,BJD,"Trifonov et al. (A&A 636, A74 (2020))",HARPS,ThAr,Trifonov,0.408631507,0.001755932,7.325707638,0.006105113,44.1,72.8021,,15.75285725
2454315.717,-29047.502,1.762,"La Silla Observatory, Chile",HD201496,BJD,"Trifonov et al. (A&A 636, A74 (2020))",HARPS,ThAr,Trifonov,0.401661847,0.001462087,7.332243939,0.003385248,52.2,363.8988,,1.167038673
2455710.87,-29051.318,0.933,"La Silla Observatory, Chile",HD201496,BJD,"Trifonov et al. (A&A 636, A74 (2020))",HARPS,ThAr,Trifonov,0.399562814,0.000568554,7.330325344,0.002154666,134.2,900.0005,,26.78823888
2455822.592,-29056.723,2.461,"La Silla Observatory, Chile",HD201496,BJD,"Trifonov et al. (A&A 636, A74 (2020))",HARPS,ThAr,Trifonov,0.406259741,0.002142494,7.348503901,-0.001024172,38.3,250.0063,,-19.83763793
2456506.848,-29052.332,1.322,"La Silla Observatory, Chile",HD201496,BJD,"Trifonov et al. (A&A 636, A74 (2020))",HARPS,ThAr,Trifonov,0.400104883,0.00104383,7.339942592,0.001474993,73.3,1600.0,,1.111872629
2456555.701,-29049.742,1.286,"La Silla Observatory, Chile",HD201496,BJD,"Trifonov et al. (A&A 636, A74 (2020))",HARPS,ThAr,Trifonov,0.40183026,0.000746683,7.344644389,0.00254401,100.7,557.1808,,-21.05367255
2456556.546,-29045.623,1.485,"La Silla Observatory, Chile",HD201496,BJD,"Trifonov et al. (A&A 636, A74 (2020))",HARPS,ThAr,Trifonov,0.400251482,0.001058065,7.347316958,0.000431657,71.5,557.1813,,-21.0216574
