Time,RV,Uncertainty,Observatory_Site,Star_Name,Time_Convention,Reference,Instrument,Wavelength_Calibration_Technique,Source,Halpha_Index,Halpha_Index_Error,Full_Width_Half_Maximum,Bisetor,Signal_to_noise_ratio_in_order_55,Exposure_Time,Airmass,Barycentric_Earth_Radial_Velocity
2452944.873,1584.326,2.206,"La Silla Observatory, Chile",HD43717,BJD,"Trifonov et al. (A&A 636, A74 (2020))",HARPS,ThAr,Trifonov,0.412449358,0.001832109,7.16625197,0.01727649,39.8,41.4954,,18.45877978
2452989.746,1084.846,1.535,"La Silla Observatory, Chile",HD43717,BJD,"Trifonov et al. (A&A 636, A74 (2020))",HARPS,ThAr,Trifonov,0.414890451,0.001189404,7.163343142,0.024316408,60.5,119.9957,,4.379442963
2453001.698,914.942,2.786,"La Silla Observatory, Chile",HD43717,BJD,"Trifonov et al. (A&A 636, A74 (2020))",HARPS,ThAr,Trifonov,0.418506586,0.002326196,7.163300152,0.03125913,31.7,42.3956,,-0.274924751
2453006.725,863.26,1.924,"La Silla Observatory, Chile",HD43717,BJD,"Trifonov et al. (A&A 636, A74 (2020))",HARPS,ThAr,Trifonov,0.409836611,0.001447585,7.182292889,0.036494416,50.0,142.595,,-2.347001508
2453006.727,872.728,1.774,"La Silla Observatory, Chile",HD43717,BJD,"Trifonov et al. (A&A 636, A74 (2020))",HARPS,ThAr,Trifonov,0.4085712,0.001316857,7.167265881,0.033362457,54.6,142.5956,,-2.352325562
2453037.626,468.05,1.667,"La Silla Observatory, Chile",HD43717,BJD,"Trifonov et al. (A&A 636, A74 (2020))",HARPS,ThAr,Trifonov,0.413143807,0.00136127,7.136750645,0.017266851,53.6,120.0004,,-13.4863032
2453038.689,460.37,1.658,"La Silla Observatory, Chile",HD43717,BJD,"Trifonov et al. (A&A 636, A74 (2020))",HARPS,ThAr,Trifonov,0.416937299,0.00119203,7.136166223,0.013204228,59.9,119.9959,,-13.96134515
2453050.568,302.684,1.577,"La Silla Observatory, Chile",HD43717,BJD,"Trifonov et al. (A&A 636, A74 (2020))",HARPS,ThAr,Trifonov,0.411168098,0.00131689,7.164056967,0.016463509,55.8,86.097,,-17.08535034
2453309.849,-2878.463,1.24,"La Silla Observatory, Chile",HD43717,BJD,"Trifonov et al. (A&A 636, A74 (2020))",HARPS,ThAr,Trifonov,0.413929688,0.000993292,7.139630284,0.021371437,72.9,86.1016,,18.58253915
