Time,RV,Uncertainty,Observatory_Site,Star_Name,Time_Convention,Reference,Instrument,Wavelength_Calibration_Technique,Source,Halpha_Index,Halpha_Index_Error,Full_Width_Half_Maximum,Bisetor,Signal_to_noise_ratio_in_order_55,Exposure_Time,Airmass,Barycentric_Earth_Radial_Velocity
2457067.823,6328.636,5.491,"La Silla Observatory, Chile",TYC8252-1071-1,BJD,"Trifonov et al. (A&A 636, A74 (2020))",HARPS,ThAr,Trifonov,0.373977679,0.006797865,12.08210599,0.183688873,14.7,300.0023,,23.54921054
2457067.863,6252.632,5.237,"La Silla Observatory, Chile",TYC8252-1071-1,BJD,"Trifonov et al. (A&A 636, A74 (2020))",HARPS,ThAr,Trifonov,0.372189982,0.006235205,12.11134522,0.188774969,16.1,300.0019,,23.47583871
2457068.851,6346.216,4.933,"La Silla Observatory, Chile",TYC8252-1071-1,BJD,"Trifonov et al. (A&A 636, A74 (2020))",HARPS,ThAr,Trifonov,0.387836617,0.005390969,11.97327895,0.025637749,18.1,300.0017,,23.36962469
2457069.888,6225.973,5.883,"La Silla Observatory, Chile",TYC8252-1071-1,BJD,"Trifonov et al. (A&A 636, A74 (2020))",HARPS,ThAr,Trifonov,0.396388457,0.008346745,12.11812057,0.127269759,13.2,300.0025,,23.16850584
2457070.846,6187.063,5.236,"La Silla Observatory, Chile",TYC8252-1071-1,BJD,"Trifonov et al. (A&A 636, A74 (2020))",HARPS,ThAr,Trifonov,0.380738947,0.005930801,12.07698667,0.016784901,16.7,300.002,,23.10227244
2457071.873,6307.937,5.351,"La Silla Observatory, Chile",TYC8252-1071-1,BJD,"Trifonov et al. (A&A 636, A74 (2020))",HARPS,ThAr,Trifonov,0.37624923,0.00661701,11.74653177,0.148600704,15.3,300.0018,,22.90272922
