Time,RV,Uncertainty,Observatory_Site,Star_Name,Time_Convention,Reference,Instrument,Wavelength_Calibration_Technique,Source,Halpha_Index,Halpha_Index_Error,Full_Width_Half_Maximum,Bisetor,Signal_to_noise_ratio_in_order_55,Exposure_Time,Airmass,Barycentric_Earth_Radial_Velocity
2456507.762,39214.833,4.831,"La Silla Observatory, Chile",TYC6296-1857-1,BJD,"Trifonov et al. (A&A 636, A74 (2020))",HARPS,ThAr,Trifonov,0.381255925,0.004304848,11.55065164,0.031274272,20.4,720.0009,,-11.47342926
2456508.535,39215.607,4.1,"La Silla Observatory, Chile",TYC6296-1857-1,BJD,"Trifonov et al. (A&A 636, A74 (2020))",HARPS,ThAr,Trifonov,0.388065985,0.003148173,11.72662852,0.044729713,26.5,720.0008,,-11.32113244
2456801.898,37827.637,5.545,"La Silla Observatory, Chile",TYC6296-1857-1,BJD,"Trifonov et al. (A&A 636, A74 (2020))",HARPS,ThAr,Trifonov,0.375540527,0.005785455,11.6617744,-0.07835517,16.0,1200.0005,,21.01930799
2456829.808,37679.803,4.382,"La Silla Observatory, Chile",TYC6296-1857-1,BJD,"Trifonov et al. (A&A 636, A74 (2020))",HARPS,ThAr,Trifonov,0.389812048,0.00384353,11.66333584,-0.009391797,23.3,1200.0012,,9.513880265
2456832.811,37624.585,4.958,"La Silla Observatory, Chile",TYC6296-1857-1,BJD,"Trifonov et al. (A&A 636, A74 (2020))",HARPS,ThAr,Trifonov,0.371890024,0.004514017,11.67937898,0.090227714,19.8,1200.0008,,8.075856681
2457135.894,34040.057,3.836,"La Silla Observatory, Chile",TYC6296-1857-1,BJD,"Trifonov et al. (A&A 636, A74 (2020))",HARPS,ThAr,Trifonov,0.388263019,0.002925615,11.60939502,-0.003912031,28.7,1200.0006,,28.72338444
2457138.893,33985.9,2.964,"La Silla Observatory, Chile",TYC6296-1857-1,BJD,"Trifonov et al. (A&A 636, A74 (2020))",HARPS,ThAr,Trifonov,0.383055615,0.002212839,11.66741321,0.037462371,37.1,1200.0007,,28.29655697
2457139.845,33989.17,3.168,"La Silla Observatory, Chile",TYC6296-1857-1,BJD,"Trifonov et al. (A&A 636, A74 (2020))",HARPS,ThAr,Trifonov,0.382422518,0.002230581,11.71162951,0.00043035,35.9,1200.0008,,28.25872907
2457141.863,33948.429,2.296,"La Silla Observatory, Chile",TYC6296-1857-1,BJD,"Trifonov et al. (A&A 636, A74 (2020))",HARPS,ThAr,Trifonov,0.38462126,0.001575362,11.70496964,0.005022405,49.7,1200.0006,,27.8739423
