Time,RV,Uncertainty,Observatory_Site,Star_Name,Time_Convention,Reference,Instrument,Wavelength_Calibration_Technique,Source,Halpha_Index,Halpha_Index_Error,Full_Width_Half_Maximum,Bisetor,Signal_to_noise_ratio_in_order_55,Exposure_Time,Airmass,Barycentric_Earth_Radial_Velocity
2453059.785,14448.07,2.045,"La Silla Observatory, Chile",HD86652,BJD,"Trifonov et al. (A&A 636, A74 (2020))",HARPS,ThAr,Trifonov,0.407896874,0.001684592,7.554489438,-0.003957696,46.4,149.9962,,4.768426575
2453061.713,14444.681,2.569,"La Silla Observatory, Chile",HD86652,BJD,"Trifonov et al. (A&A 636, A74 (2020))",HARPS,ThAr,Trifonov,0.41007272,0.00197264,7.543602776,0.003413432,39.2,219.4957,,4.166446337
2453489.559,14445.061,1.736,"La Silla Observatory, Chile",HD86652,BJD,"Trifonov et al. (A&A 636, A74 (2020))",HARPS,ThAr,Trifonov,0.407276991,0.001333,7.549035737,-0.00486218,55.5,124.1825,,-17.02698422
2454171.731,14446.794,1.805,"La Silla Observatory, Chile",HD86652,BJD,"Trifonov et al. (A&A 636, A74 (2020))",HARPS,ThAr,Trifonov,0.407633939,0.001490068,7.544013457,-0.004991338,51.0,82.7943,,-1.386182304
2454902.792,14452.995,2.444,"La Silla Observatory, Chile",HD86652,BJD,"Trifonov et al. (A&A 636, A74 (2020))",HARPS,ThAr,Trifonov,0.413812306,0.002158249,7.566529668,-0.008393429,38.5,82.8,,-1.703793085
2455314.585,14452.409,2.035,"La Silla Observatory, Chile",HD86652,BJD,"Trifonov et al. (A&A 636, A74 (2020))",HARPS,ThAr,Trifonov,0.413884647,0.00159597,7.558317179,-0.019936533,48.7,165.5992,,-16.78176624
2455588.772,14448.744,1.247,"La Silla Observatory, Chile",HD86652,BJD,"Trifonov et al. (A&A 636, A74 (2020))",HARPS,ThAr,Trifonov,0.411051261,0.000746516,7.552750014,-0.010950483,102.8,900.0,,14.5607886
2455673.531,14445.541,2.343,"La Silla Observatory, Chile",HD86652,BJD,"Trifonov et al. (A&A 636, A74 (2020))",HARPS,ThAr,Trifonov,0.409747845,0.001920108,7.543919359,-0.001454067,42.3,414.7003,,-15.03835011
2456755.563,14462.694,1.919,"La Silla Observatory, Chile",HD86652,BJD,"Trifonov et al. (A&A 636, A74 (2020))",HARPS,ThAr,Trifonov,0.408371067,0.001517744,7.558610552,-0.008180565,51.9,208.6411,,-10.95643258
