Time,RV,Uncertainty,Observatory_Site,Star_Name,Time_Convention,Reference,Instrument,Wavelength_Calibration_Technique,Source,Halpha_Index,Halpha_Index_Error,Full_Width_Half_Maximum,Bisetor,Signal_to_noise_ratio_in_order_55,Exposure_Time,Airmass,Barycentric_Earth_Radial_Velocity
2457468.685,15760.156,8.309,"La Silla Observatory, Chile",TYC6121-11-1,BJD,"Trifonov et al. (A&A 636, A74 (2020))",HARPS,ThAr,Trifonov,0.441631555,0.007399703,6.776286824,-0.012362351,13.4,899.9983,,13.96885513
2457505.622,15725.44,4.333,"La Silla Observatory, Chile",TYC6121-11-1,BJD,"Trifonov et al. (A&A 636, A74 (2020))",HARPS,ThAr,Trifonov,0.474806698,0.00293013,6.631640142,-0.065371746,28.9,3367.9983,,-4.381441093
2457508.766,15792.382,5.409,"La Silla Observatory, Chile",TYC6121-11-1,BJD,"Trifonov et al. (A&A 636, A74 (2020))",HARPS,ThAr,Trifonov,0.450467323,0.00172808,6.786231367,-0.021737418,46.1,3599.9983,,-6.290068817
2457509.739,15819.323,4.761,"La Silla Observatory, Chile",TYC6121-11-1,BJD,"Trifonov et al. (A&A 636, A74 (2020))",HARPS,ThAr,Trifonov,0.448949424,0.001502462,6.817327406,-0.024260793,52.3,3599.9966,,-6.716608778
2457511.779,15790.784,5.06,"La Silla Observatory, Chile",TYC6121-11-1,BJD,"Trifonov et al. (A&A 636, A74 (2020))",HARPS,ThAr,Trifonov,0.445666763,0.001562616,6.772693437,-0.021489043,51.2,3599.9983,,-7.802619403
2457866.749,15770.244,6.037,"La Silla Observatory, Chile",TYC6121-11-1,BJD,"Trifonov et al. (A&A 636, A74 (2020))",HARPS,ThAr,Trifonov,0.446587164,0.002890391,6.795244569,-0.003592238,29.2,1499.9983,,-2.594244696
2457867.771,15788.382,6.94,"La Silla Observatory, Chile",TYC6121-11-1,BJD,"Trifonov et al. (A&A 636, A74 (2020))",HARPS,ThAr,Trifonov,0.448687211,0.003336849,6.791759758,-0.025098275,26.9,1499.9982,,-3.164039082
2457868.792,15796.561,7.632,"La Silla Observatory, Chile",TYC6121-11-1,BJD,"Trifonov et al. (A&A 636, A74 (2020))",HARPS,ThAr,Trifonov,0.440914292,0.005710696,6.774429629,-0.041696891,16.4,1499.9982,,-3.72475088
2457869.782,15800.5,6.891,"La Silla Observatory, Chile",TYC6121-11-1,BJD,"Trifonov et al. (A&A 636, A74 (2020))",HARPS,ThAr,Trifonov,0.452996866,0.003463537,6.791366878,-0.04292142,25.5,1499.9983,,-4.208964605
