Time,RV,Uncertainty,Observatory_Site,Star_Name,Time_Convention,Reference,Instrument,Wavelength_Calibration_Technique,Source,Halpha_Index,Halpha_Index_Error,Full_Width_Half_Maximum,Bisetor,Signal_to_noise_ratio_in_order_55,Exposure_Time,Airmass,Barycentric_Earth_Radial_Velocity
2454455.869,3430.082,3.016,"La Silla Observatory, Chile",GJ399,BJD,"Trifonov et al. (A&A 636, A74 (2020))",HARPS,ThAr,Trifonov,0.870993672,0.003231553,3.060988062,-0.010653856,25.8,400.0,,28.3995497
2454456.86,3428.572,1.506,"La Silla Observatory, Chile",GJ399,BJD,"Trifonov et al. (A&A 636, A74 (2020))",HARPS,ThAr,Trifonov,0.868467037,0.00180141,3.057754998,-0.002596494,47.0,900.0,,28.27989813
2454457.82,3431.603,2.026,"La Silla Observatory, Chile",GJ399,BJD,"Trifonov et al. (A&A 636, A74 (2020))",HARPS,ThAr,Trifonov,0.866056691,0.002379905,3.054970232,-0.010148025,35.1,900.0,,28.23294118
2454458.806,3428.314,1.837,"La Silla Observatory, Chile",GJ399,BJD,"Trifonov et al. (A&A 636, A74 (2020))",HARPS,ThAr,Trifonov,0.861998234,0.002137815,3.060286737,-0.005636571,39.0,900.0,,28.10753101
2454462.835,3429.738,1.447,"La Silla Observatory, Chile",GJ399,BJD,"Trifonov et al. (A&A 636, A74 (2020))",HARPS,ThAr,Trifonov,0.863735343,0.001800134,3.061023655,-0.009246616,47.3,900.0,,27.31843749
2454463.74,3430.89,2.896,"La Silla Observatory, Chile",GJ399,BJD,"Trifonov et al. (A&A 636, A74 (2020))",HARPS,ThAr,Trifonov,0.859052767,0.003073179,3.063701142,-0.01299005,26.7,900.0,,27.34235756
2454463.833,3434.169,2.416,"La Silla Observatory, Chile",GJ399,BJD,"Trifonov et al. (A&A 636, A74 (2020))",HARPS,ThAr,Trifonov,0.866466473,0.002718156,3.056952165,-0.013640759,30.9,900.0,,27.12627849
2455233.756,3431.871,1.875,"La Silla Observatory, Chile",GJ399,BJD,"Trifonov et al. (A&A 636, A74 (2020))",HARPS,ThAr,Trifonov,0.869329299,0.002227314,3.061593963,-0.010137708,38.0,900.0021,,13.55575909
