Time,RV,Uncertainty,Observatory_Site,Star_Name,Time_Convention,Reference,Instrument,Wavelength_Calibration_Technique,Source,Halpha_Index,Halpha_Index_Error,Full_Width_Half_Maximum,Bisetor,Signal_to_noise_ratio_in_order_55,Exposure_Time,Airmass,Barycentric_Earth_Radial_Velocity
2456395.735,-30350.567,0.947,"La Silla Observatory, Chile",HD132944,BJD,"Trifonov et al. (A&A 636, A74 (2020))",HARPS,ThAr,Trifonov,0.419217909,0.000677042,8.757554076,0.084519348,105.6,799.9997,,14.93570716
2456452.575,-30337.849,1.092,"La Silla Observatory, Chile",HD132944,BJD,"Trifonov et al. (A&A 636, A74 (2020))",HARPS,ThAr,Trifonov,0.427359384,0.000747477,8.762414017,0.077722977,96.2,600.0012,,-7.172028844
2456468.612,-30345.858,1.206,"La Silla Observatory, Chile",HD132944,BJD,"Trifonov et al. (A&A 636, A74 (2020))",HARPS,ThAr,Trifonov,0.428780581,0.000920058,8.755354999,0.078238253,79.8,600.001,,-13.11480623
2456509.5,-30340.161,0.866,"La Silla Observatory, Chile",HD132944,BJD,"Trifonov et al. (A&A 636, A74 (2020))",HARPS,ThAr,Trifonov,0.424168744,0.000646782,8.758705988,0.077348589,111.0,1200.001,,-22.94793627
2456535.514,-30372.84,1.325,"La Silla Observatory, Chile",HD132944,BJD,"Trifonov et al. (A&A 636, A74 (2020))",HARPS,ThAr,Trifonov,0.423625153,0.000959077,8.76213772,0.084513911,75.0,900.0013,,-24.00145863
2456733.678,-30351.342,1.457,"La Silla Observatory, Chile",HD132944,BJD,"Trifonov et al. (A&A 636, A74 (2020))",HARPS,ThAr,Trifonov,0.41761379,0.001098691,8.772410565,0.084829796,64.8,600.0016,,22.29327126
2456734.692,-30339.162,1.226,"La Silla Observatory, Chile",HD132944,BJD,"Trifonov et al. (A&A 636, A74 (2020))",HARPS,ThAr,Trifonov,0.420342745,0.00078779,8.768856738,0.090818782,90.4,600.0004,,22.08971122
2456735.68,-30337.923,1.329,"La Silla Observatory, Chile",HD132944,BJD,"Trifonov et al. (A&A 636, A74 (2020))",HARPS,ThAr,Trifonov,0.4250797,0.000957782,8.771342123,0.086353405,74.8,600.0005,,21.90670403
