Time,RV,Uncertainty,Observatory_Site,Star_Name,Time_Convention,Reference,Instrument,Wavelength_Calibration_Technique,Source,Halpha_Index,Halpha_Index_Error,Full_Width_Half_Maximum,Bisetor,Signal_to_noise_ratio_in_order_55,Exposure_Time,Airmass,Barycentric_Earth_Radial_Velocity
2454365.637,-1.025,1.061,"La Silla Observatory, Chile",HD200869,BJD,"Trifonov et al. (A&A 636, A74 (2020))",HARPS,ThAr,Trifonov,0.474640837,0.000836584,6.365537246,-8.406952028,93.6,900.0004,,-22.01701777
2454724.6,-0.489,0.848,"La Silla Observatory, Chile",HD200869,BJD,"Trifonov et al. (A&A 636, A74 (2020))",HARPS,ThAr,Trifonov,0.471566768,0.00088444,6.363658451,0.000758732,91.6,900.0,,-19.65970743
2454725.577,0.633,0.955,"La Silla Observatory, Chile",HD200869,BJD,"Trifonov et al. (A&A 636, A74 (2020))",HARPS,ThAr,Trifonov,0.470153621,0.000999691,6.372538687,-0.001178159,79.3,900.0,,-19.97089925
2454726.573,-0.647,1.18,"La Silla Observatory, Chile",HD200869,BJD,"Trifonov et al. (A&A 636, A74 (2020))",HARPS,ThAr,Trifonov,0.472117431,0.001134327,6.368969303,0.002742151,71.6,900.0,,-20.32861186
2455786.722,-0.584,1.032,"La Silla Observatory, Chile",HD200869,BJD,"Trifonov et al. (A&A 636, A74 (2020))",HARPS,ThAr,Trifonov,0.470422289,0.000784222,6.380070369,0.001058308,104.0,900.0006,,-4.950082107
2455787.525,1.735,1.154,"La Silla Observatory, Chile",HD200869,BJD,"Trifonov et al. (A&A 636, A74 (2020))",HARPS,ThAr,Trifonov,0.472308284,0.000973435,6.386446379,0.00257611,82.2,900.0002,,-4.958610891
2455788.725,0.131,1.131,"La Silla Observatory, Chile",HD200869,BJD,"Trifonov et al. (A&A 636, A74 (2020))",HARPS,ThAr,Trifonov,0.471090241,0.001009946,6.378960544,-0.002893062,81.9,900.0002,,-5.92790198
2456184.646,-0.134,1.189,"La Silla Observatory, Chile",HD200869,BJD,"Trifonov et al. (A&A 636, A74 (2020))",HARPS,ThAr,Trifonov,0.476072975,0.001087978,6.961757361,-0.045581181,75.7,900.0005,,-19.38736725
2456444.872,1.374,1.515,"La Silla Observatory, Chile",HD200869,BJD,"Trifonov et al. (A&A 636, A74 (2020))",HARPS,ThAr,Trifonov,0.461956623,0.001471893,6.956150265,-0.063155632,56.0,900.0007,,25.09706441
