Time,RV,Uncertainty,Observatory_Name,Star_Name,Time_Convention,Reference,Instrument,Wavelength_Calibration_Technique,Source,Halpha_Index,Halpha_Index_Error,Full_Width_Half_Maximum,Bisetor,Signal_to_noise_ratio_in_order_55,Exposure_Time,Airmass,Barycentric_Earth_Radial_Velocity
2453292.709,-6.711,1.276,La Silla Observatory,HIP7829,BJD,"Trifonov et al. (A&A 636, A74 (2020))",HARPS,ThAr,Trifonov,0.639441136,0.001420585,6.269548138,0.045988032,59.1,500.0009,,-7.917178953
2453295.789,-7.645,1.365,La Silla Observatory,HIP7829,BJD,"Trifonov et al. (A&A 636, A74 (2020))",HARPS,ThAr,Trifonov,0.637266558,0.001949121,6.256362954,0.035861574,43.7,391.8011,,-8.896857365
2453579.938,-3.696,1.307,La Silla Observatory,HIP7829,BJD,"Trifonov et al. (A&A 636, A74 (2020))",HARPS,ThAr,Trifonov,0.648092232,0.001513971,6.24246477,0.05058885,56.4,508.3,,13.2504792
2455818.843,5.252,1.141,La Silla Observatory,HIP7829,BJD,"Trifonov et al. (A&A 636, A74 (2020))",HARPS,ThAr,Trifonov,0.654523128,0.001198466,6.281400205,0.032675988,74.3,900.0005,,1.030289398
2456233.657,8.009,1.123,La Silla Observatory,HIP7829,BJD,"Trifonov et al. (A&A 636, A74 (2020))",HARPS,ThAr,Trifonov,0.642195834,0.001169982,6.292437172,0.042988239,75.3,900.008,,-12.62852606
2457674.803,0.118,0.724,La Silla Observatory,HIP7829,BJD,"Trifonov et al. (A&A 636, A74 (2020))",HARPS,ThAr,Trifonov,0.647017239,0.00144144,6.277072787,0.054646355,62.6,899.9983,,-7.78872279
2458068.727,-4.376,1.482,La Silla Observatory,HIP7829,BJD,"Trifonov et al. (A&A 636, A74 (2020))",HARPS,ThAr,Trifonov,0.648919587,0.002225234,6.224884777,0.053020415,41.6,319.9982,,-14.57738838
2458111.667,2.687,1.233,La Silla Observatory,HIP7829,BJD,"Trifonov et al. (A&A 636, A74 (2020))",HARPS,ThAr,Trifonov,0.635088518,0.001575299,6.254910393,0.057111034,55.6,599.9982,,-18.0421357
