Time,RV,Uncertainty,Observatory_Site,Star_Name,Time_Convention,Reference,Instrument,Wavelength_Calibration_Technique,Source,Halpha_Index,Halpha_Index_Error,Full_Width_Half_Maximum,Bisetor,Signal_to_noise_ratio_in_order_55,Exposure_Time,Airmass,Barycentric_Earth_Radial_Velocity
2454724.492,2648.177,1.338,"La Silla Observatory, Chile",HD150936,BJD,"Trifonov et al. (A&A 636, A74 (2020))",HARPS,ThAr,Trifonov,0.444024962,0.000629708,7.493404787,-0.132754889,122.6,900.0,,-27.85893983
2456064.7,103.558,1.109,"La Silla Observatory, Chile",HD150936,BJD,"Trifonov et al. (A&A 636, A74 (2020))",HARPS,ThAr,Trifonov,0.442766578,0.000649625,8.351728403,-0.428346426,122.4,899.9998,,7.234193032
2456183.565,-283.474,1.285,"La Silla Observatory, Chile",HD150936,BJD,"Trifonov et al. (A&A 636, A74 (2020))",HARPS,ThAr,Trifonov,0.443869402,0.00089237,8.328355243,-0.336517069,87.3,900.0001,,-28.19541782
2456184.568,-293.799,1.451,"La Silla Observatory, Chile",HD150936,BJD,"Trifonov et al. (A&A 636, A74 (2020))",HARPS,ThAr,Trifonov,0.44555706,0.00087442,8.32881914,-0.324020798,89.2,900.0006,,-28.11613936
2456442.752,-938.385,1.291,"La Silla Observatory, Chile",HD150936,BJD,"Trifonov et al. (A&A 636, A74 (2020))",HARPS,ThAr,Trifonov,0.438161103,0.000709599,7.946999817,-0.07326023,113.3,900.0014,,0.946312215
2456443.757,-942.699,1.756,"La Silla Observatory, Chile",HD150936,BJD,"Trifonov et al. (A&A 636, A74 (2020))",HARPS,ThAr,Trifonov,0.439360568,0.001199616,7.939963714,-0.071528795,68.1,900.0014,,0.447400944
2456463.743,-976.838,1.599,"La Silla Observatory, Chile",HD150936,BJD,"Trifonov et al. (A&A 636, A74 (2020))",HARPS,ThAr,Trifonov,0.443123655,0.000899076,7.91235172,-0.059158333,86.3,900.001,,-9.031486254
