Time,RV,Uncertainty,Observatory_Site,Star_Name,Time_Convention,Reference,Instrument,Wavelength_Calibration_Technique,Source,Halpha_Index,Halpha_Index_Error,Full_Width_Half_Maximum,Bisetor,Signal_to_noise_ratio_in_order_55,Exposure_Time,Airmass,Barycentric_Earth_Radial_Velocity
2454045.654,142.27,1.075,"La Silla Observatory, Chile",HD6559,BJD,"Trifonov et al. (A&A 636, A74 (2020))",HARPS,ThAr,Trifonov,0.418005571,0.00056588,8.126709628,0.081588676,123.0,119.9998,,-16.79772239
2454085.565,329.637,0.958,"La Silla Observatory, Chile",HD6559,BJD,"Trifonov et al. (A&A 636, A74 (2020))",HARPS,ThAr,Trifonov,0.417749758,0.000411339,8.111099799,0.097360867,172.2,120.0001,,-26.26311087
2454370.678,648.33,0.982,"La Silla Observatory, Chile",HD6559,BJD,"Trifonov et al. (A&A 636, A74 (2020))",HARPS,ThAr,Trifonov,0.419383003,0.000427541,8.138374194,0.092056213,163.3,120.0006,,0.341619886
2454371.658,647.093,1.042,"La Silla Observatory, Chile",HD6559,BJD,"Trifonov et al. (A&A 636, A74 (2020))",HARPS,ThAr,Trifonov,0.417348694,0.000537545,8.134438062,0.096479454,130.6,120.0007,,-0.058231162
2454622.888,-148.6,1.05,"La Silla Observatory, Chile",HD6559,BJD,"Trifonov et al. (A&A 636, A74 (2020))",HARPS,ThAr,Trifonov,0.424418999,0.000553926,8.095755589,0.091571166,128.3,120.0,,24.47304913
2454623.893,-162.665,1.124,"La Silla Observatory, Chile",HD6559,BJD,"Trifonov et al. (A&A 636, A74 (2020))",HARPS,ThAr,Trifonov,0.426352105,0.000669995,8.10456344,0.096355959,106.9,120.0,,24.60896061
2454684.774,-455.361,1.137,"La Silla Observatory, Chile",HD6559,BJD,"Trifonov et al. (A&A 636, A74 (2020))",HARPS,ThAr,Trifonov,0.424287901,0.000697146,8.110166726,0.1038585,103.2,45.0,,20.11400709
2454786.555,-999.88,1.337,"La Silla Observatory, Chile",HD6559,BJD,"Trifonov et al. (A&A 636, A74 (2020))",HARPS,ThAr,Trifonov,0.412145845,0.000949805,8.102636975,0.0886078,75.3,45.0,,-20.08184446
2454787.586,-994.73,1.313,"La Silla Observatory, Chile",HD6559,BJD,"Trifonov et al. (A&A 636, A74 (2020))",HARPS,ThAr,Trifonov,0.409860014,0.000939802,8.11083908,0.087728711,76.6,45.0,,-20.46903023
