Time,RV,Uncertainty,Observatory_Site,Star_Name,Time_Convention,Reference,Instrument,Wavelength_Calibration_Technique,Source,Halpha_Index,Halpha_Index_Error,Full_Width_Half_Maximum,Bisetor,Signal_to_noise_ratio_in_order_55,Exposure_Time,Airmass,Barycentric_Earth_Radial_Velocity
2452947.652,-12.607,2.806,"La Silla Observatory, Chile",HD8985,BJD,"Trifonov et al. (A&A 636, A74 (2020))",HARPS,ThAr,Trifonov,0.382259207,0.001839209,10.56271098,0.032202883,40.5,76.9958,,-13.87679054
2452990.691,-3.663,2.148,"La Silla Observatory, Chile",HD8985,BJD,"Trifonov et al. (A&A 636, A74 (2020))",HARPS,ThAr,Trifonov,0.389148323,0.001376569,10.56949511,0.042808192,54.2,179.996,,-24.66004556
2452999.581,-23.685,4.105,"La Silla Observatory, Chile",HD8985,BJD,"Trifonov et al. (A&A 636, A74 (2020))",HARPS,ThAr,Trifonov,0.382767363,0.003159032,10.58772246,0.058729177,25.8,38.096,,-25.13439901
2455782.933,7.486,1.959,"La Silla Observatory, Chile",HD8985,BJD,"Trifonov et al. (A&A 636, A74 (2020))",HARPS,ThAr,Trifonov,0.387561434,0.001435889,10.5764585,0.017816798,56.0,162.6003,,18.80743003
2455818.834,4.165,1.214,"La Silla Observatory, Chile",HD8985,BJD,"Trifonov et al. (A&A 636, A74 (2020))",HARPS,ThAr,Trifonov,0.385605278,0.000738995,10.58862424,0.025998273,103.2,200.0002,,6.728433377
2456233.598,-2.344,1.548,"La Silla Observatory, Chile",HD8985,BJD,"Trifonov et al. (A&A 636, A74 (2020))",HARPS,ThAr,Trifonov,0.391084176,0.000941337,10.58053064,0.032356348,80.6,129.586,,-13.24201417
2457304.736,-0.841,0.849,"La Silla Observatory, Chile",HD8985,BJD,"Trifonov et al. (A&A 636, A74 (2020))",HARPS,ThAr,Trifonov,0.385612127,0.005074706,10.57335421,0.054795567,19.5,118.2583,,-3.559963595
2457621.945,0.343,0.543,"La Silla Observatory, Chile",HD8985,BJD,"Trifonov et al. (A&A 636, A74 (2020))",HARPS,ThAr,Trifonov,0.388927635,0.000999223,10.58261637,0.034960825,78.3,179.9983,,15.05854566
