Time,RV,Uncertainty,Observatory_Site,Star_Name,Time_Convention,Reference,Instrument,Wavelength_Calibration_Technique,Source,Halpha_Index,Halpha_Index_Error,Full_Width_Half_Maximum,Bisetor,Signal_to_noise_ratio_in_order_55,Exposure_Time,Airmass,Barycentric_Earth_Radial_Velocity
2453158.83,-32725.687,9.639,"La Silla Observatory, Chile",GJ1224,BJD,"Trifonov et al. (A&A 636, A74 (2020))",HARPS,ThAr,Trifonov,5.230334411,0.025693147,3.106648645,-0.013405627,5.9,900.0012,,9.907987545
2453575.625,-32706.882,4.476,"La Silla Observatory, Chile",GJ1224,BJD,"Trifonov et al. (A&A 636, A74 (2020))",HARPS,ThAr,Trifonov,3.316939579,0.009540033,3.127133329,-0.013338842,15.7,900.0001,,-14.42606594
2453920.699,-32708.361,5.35,"La Silla Observatory, Chile",GJ1224,BJD,"Trifonov et al. (A&A 636, A74 (2020))",HARPS,ThAr,Trifonov,3.06967428,0.010942017,3.136917297,-0.016945747,13.1,900.0007,,-5.195195147
2454300.672,-32719.853,5.864,"La Silla Observatory, Chile",GJ1224,BJD,"Trifonov et al. (A&A 636, A74 (2020))",HARPS,ThAr,Trifonov,3.025326591,0.012150316,3.098287784,0.004515679,11.6,899.9986,,-12.11896035
2455287.873,-32716.516,5.374,"La Silla Observatory, Chile",GJ1224,BJD,"Trifonov et al. (A&A 636, A74 (2020))",HARPS,ThAr,Trifonov,3.648135606,0.013279616,3.119261131,-0.016893499,12.7,899.9994,,29.35823629
2455322.924,-32712.362,5.215,"La Silla Observatory, Chile",GJ1224,BJD,"Trifonov et al. (A&A 636, A74 (2020))",HARPS,ThAr,Trifonov,3.330028394,0.01124483,3.121527423,-0.030938821,13.7,900.006,,21.2250749
2455328.715,-32721.142,6.282,"La Silla Observatory, Chile",GJ1224,BJD,"Trifonov et al. (A&A 636, A74 (2020))",HARPS,ThAr,Trifonov,3.390914431,0.014417329,3.099986715,0.01252965,10.1,900.0068,,19.57641759
2455335.687,-32737.972,7.139,"La Silla Observatory, Chile",GJ1224,BJD,"Trifonov et al. (A&A 636, A74 (2020))",HARPS,ThAr,Trifonov,3.051284407,0.016901271,3.104503351,0.010551841,7.5,900.0061,,16.81760498
2455337.892,-32713.645,6.689,"La Silla Observatory, Chile",GJ1224,BJD,"Trifonov et al. (A&A 636, A74 (2020))",HARPS,ThAr,Trifonov,2.973768924,0.015659211,3.123403395,-0.030058035,8.4,900.0001,,15.41481494
