Time,RV,Uncertainty,Observatory_Site,Star_Name,Time_Convention,Reference,Instrument,Wavelength_Calibration_Technique,Source,Halpha_Index,Halpha_Index_Error,Full_Width_Half_Maximum,Bisetor,Signal_to_noise_ratio_in_order_55,Exposure_Time,Airmass,Barycentric_Earth_Radial_Velocity
2454565.765,28493.351,2.554,"La Silla Observatory, Chile",GJ513,BJD,"Trifonov et al. (A&A 636, A74 (2020))",HARPS,ThAr,Trifonov,0.853713875,0.003032496,3.033504033,-0.008197412,25.8,600.0,,-1.354944293
2454583.691,28498.485,2.745,"La Silla Observatory, Chile",GJ513,BJD,"Trifonov et al. (A&A 636, A74 (2020))",HARPS,ThAr,Trifonov,0.860004021,0.003303212,3.033865982,-0.007367592,24.0,900.0,,-9.646111056
2454588.708,28503.013,4.569,"La Silla Observatory, Chile",GJ513,BJD,"Trifonov et al. (A&A 636, A74 (2020))",HARPS,ThAr,Trifonov,0.869784087,0.005373607,3.059823769,-0.014923765,14.9,900.0,,-11.92318237
2454589.665,28496.953,3.311,"La Silla Observatory, Chile",GJ513,BJD,"Trifonov et al. (A&A 636, A74 (2020))",HARPS,ThAr,Trifonov,0.875210645,0.003739013,3.036406679,-0.002133983,20.7,900.0,,-12.23507117
2454590.66,28501.769,2.521,"La Silla Observatory, Chile",GJ513,BJD,"Trifonov et al. (A&A 636, A74 (2020))",HARPS,ThAr,Trifonov,0.867750276,0.003019894,3.037422967,-0.004119452,25.7,900.0,,-12.65192947
2454591.656,28498.09,1.968,"La Silla Observatory, Chile",GJ513,BJD,"Trifonov et al. (A&A 636, A74 (2020))",HARPS,ThAr,Trifonov,0.885205623,0.002604004,3.036972044,-0.007272883,30.6,900.0,,-13.0711208
2454592.704,28495.774,1.917,"La Silla Observatory, Chile",GJ513,BJD,"Trifonov et al. (A&A 636, A74 (2020))",HARPS,ThAr,Trifonov,0.887573256,0.002523772,3.039012013,-0.007178299,31.4,900.0,,-13.6304714
2455235.832,28504.196,3.62,"La Silla Observatory, Chile",GJ513,BJD,"Trifonov et al. (A&A 636, A74 (2020))",HARPS,ThAr,Trifonov,0.881783152,0.004256557,3.04494894,-0.021717676,19.0,899.9994,,24.15183783
