Time,RV,Uncertainty,Observatory_Site,Star_Name,Time_Convention,Reference,Instrument,Wavelength_Calibration_Technique,Source,Halpha_Index,Halpha_Index_Error,Full_Width_Half_Maximum,Bisetor,Signal_to_noise_ratio_in_order_55,Exposure_Time,Airmass,Barycentric_Earth_Radial_Velocity
2452941.73,25261.017,2.67,"La Silla Observatory, Chile",HIP12065,BJD,"Trifonov et al. (A&A 636, A74 (2020))",HARPS,ThAr,Trifonov,0.605403385,0.002299485,6.053725944,0.005677352,35.4,539.3964,,-0.695680337
2453273.802,25271.298,1.439,"La Silla Observatory, Chile",HIP12065,BJD,"Trifonov et al. (A&A 636, A74 (2020))",HARPS,ThAr,Trifonov,0.611363352,0.001319935,6.075821497,0.026192417,62.3,522.5012,,14.65094
2455491.801,25264.585,1.804,"La Silla Observatory, Chile",HIP12065,BJD,"Trifonov et al. (A&A 636, A74 (2020))",HARPS,ThAr,Trifonov,0.60403769,0.001808388,6.074205695,0.016231111,48.3,783.8009,,2.455568323
2455826.85,25264.735,1.396,"La Silla Observatory, Chile",HIP12065,BJD,"Trifonov et al. (A&A 636, A74 (2020))",HARPS,ThAr,Trifonov,0.609050922,0.001364427,6.092478668,0.016287701,64.3,519.7059,,16.05744051
2455876.631,25255.95,1.598,"La Silla Observatory, Chile",HIP12065,BJD,"Trifonov et al. (A&A 636, A74 (2020))",HARPS,ThAr,Trifonov,0.603203368,0.001595288,6.035943458,0.020372385,54.1,900.0054,,-6.80442781
2456233.799,25268.287,1.321,"La Silla Observatory, Chile",HIP12065,BJD,"Trifonov et al. (A&A 636, A74 (2020))",HARPS,ThAr,Trifonov,0.604440009,0.00121206,6.133352831,0.021315956,71.0,900.0062,,-3.213339272
2456645.696,25266.876,1.28,"La Silla Observatory, Chile",HIP12065,BJD,"Trifonov et al. (A&A 636, A74 (2020))",HARPS,ThAr,Trifonov,0.604434658,0.001378739,6.079043541,0.015904786,63.0,899.9933,,-23.0084512
