Time,RV,Uncertainty,Observatory_Site,Star_Name,Time_Convention,Reference,Instrument,Wavelength_Calibration_Technique,Source,Halpha_Index,Halpha_Index_Error,Full_Width_Half_Maximum,Bisetor,Signal_to_noise_ratio_in_order_55,Exposure_Time,Airmass,Barycentric_Earth_Radial_Velocity
2454752.862,29.661,3.276,"La Silla Observatory, Chile",TYC7646-3253-1,BJD,"Trifonov et al. (A&A 636, A74 (2020))",HARPS,ThAr,Trifonov,0.381083827,0.002251308,11.9306156,-0.036503129,31.7,900.0,,14.88457244
2454766.872,13.32,3.064,"La Silla Observatory, Chile",TYC7646-3253-1,BJD,"Trifonov et al. (A&A 636, A74 (2020))",HARPS,ThAr,Trifonov,0.375814456,0.002184261,11.91168916,-0.056483436,32.6,900.0,,15.88856501
2454767.836,17.878,2.545,"La Silla Observatory, Chile",TYC7646-3253-1,BJD,"Trifonov et al. (A&A 636, A74 (2020))",HARPS,ThAr,Trifonov,0.379395948,0.001804417,11.87480973,-0.047267988,38.9,900.0,,15.9904198
2454776.81,46.119,4.439,"La Silla Observatory, Chile",TYC7646-3253-1,BJD,"Trifonov et al. (A&A 636, A74 (2020))",HARPS,ThAr,Trifonov,0.384343933,0.002886697,11.9104537,-0.097582285,25.4,900.0,,16.15607119
2456648.794,-21.188,3.132,"La Silla Observatory, Chile",TYC7646-3253-1,BJD,"Trifonov et al. (A&A 636, A74 (2020))",HARPS,ThAr,Trifonov,0.383154104,0.002080744,12.29589217,-0.053975704,35.1,1200.0003,,10.93681713
2456670.8,-1.123,2.432,"La Silla Observatory, Chile",TYC7646-3253-1,BJD,"Trifonov et al. (A&A 636, A74 (2020))",HARPS,ThAr,Trifonov,0.386050921,0.001609787,12.25828115,-0.059711,44.4,1800.0026,,5.574929962
2456733.607,-26.386,2.024,"La Silla Observatory, Chile",TYC7646-3253-1,BJD,"Trifonov et al. (A&A 636, A74 (2020))",HARPS,ThAr,Trifonov,0.383480571,0.00139823,12.23587172,-0.043450113,51.3,1800.0008,,-10.72894833
2456734.622,-0.589,1.669,"La Silla Observatory, Chile",TYC7646-3253-1,BJD,"Trifonov et al. (A&A 636, A74 (2020))",HARPS,ThAr,Trifonov,0.38227816,0.001212559,12.27047606,-0.047796247,59.5,1800.0025,,-10.96453626
2456735.609,-1.154,2.031,"La Silla Observatory, Chile",TYC7646-3253-1,BJD,"Trifonov et al. (A&A 636, A74 (2020))",HARPS,ThAr,Trifonov,0.382439126,0.001433619,12.25998359,-0.039116779,50.4,1799.9998,,-11.14051001
