Time,RV,Uncertainty,Observatory_Name,Star_Name,Time_Convention,Reference,Instrument,Wavelength_Calibration_Technique,Source,Halpha_Index,Halpha_Index_Error,Full_Width_Half_Maximum,Bisetor,Signal_to_noise_ratio_in_order_55,Exposure_Time,Airmass,Barycentric_Earth_Radial_Velocity
2454455.655,-3.519,1.261,La Silla Observatory,HIP27397,BJD,"Trifonov et al. (A&A 636, A74 (2020))",HARPS,ThAr,Trifonov,0.730799555,0.001539077,4.18686648,-0.10024902,54.3,900.0,,-0.981045478
2454456.695,-1.779,1.31,La Silla Observatory,HIP27397,BJD,"Trifonov et al. (A&A 636, A74 (2020))",HARPS,ThAr,Trifonov,0.729342086,0.001594282,3.333520284,-0.007229273,52.2,900.0,,-1.539679661
2454458.621,0.529,1.153,La Silla Observatory,HIP27397,BJD,"Trifonov et al. (A&A 636, A74 (2020))",HARPS,ThAr,Trifonov,0.73601248,0.001446212,3.325830107,-0.015754259,58.0,900.0,,-2.204275035
2454459.66,1.102,1.068,La Silla Observatory,HIP27397,BJD,"Trifonov et al. (A&A 636, A74 (2020))",HARPS,ThAr,Trifonov,0.731288113,0.00142668,3.338061709,-0.012410326,58.8,900.0,,-2.754416228
2454460.714,-0.086,1.168,La Silla Observatory,HIP27397,BJD,"Trifonov et al. (A&A 636, A74 (2020))",HARPS,ThAr,Trifonov,0.734934297,0.001466585,3.331616955,-0.010181032,56.7,900.0,,-3.350035462
2454462.646,0.486,1.221,La Silla Observatory,HIP27397,BJD,"Trifonov et al. (A&A 636, A74 (2020))",HARPS,ThAr,Trifonov,0.730799242,0.00160586,3.332273542,-0.01305106,52.6,900.0,,-4.025015961
2454463.609,1.862,1.562,La Silla Observatory,HIP27397,BJD,"Trifonov et al. (A&A 636, A74 (2020))",HARPS,ThAr,Trifonov,0.73571952,0.001869215,3.33358519,-0.027502474,45.0,900.0,,-4.356074202
2454463.714,3.001,1.573,La Silla Observatory,HIP27397,BJD,"Trifonov et al. (A&A 636, A74 (2020))",HARPS,ThAr,Trifonov,0.732789274,0.001830562,3.326399081,-0.008202728,45.2,900.0,,-4.659103366
2454464.723,-0.626,1.325,La Silla Observatory,HIP27397,BJD,"Trifonov et al. (A&A 636, A74 (2020))",HARPS,ThAr,Trifonov,0.739039953,0.001700064,3.338643218,-0.008270263,49.9,900.0,,-5.119280674
