Time,RV,Uncertainty,Observatory_Site,Star_Name,Time_Convention,Reference,Instrument,Wavelength_Calibration_Technique,Source,Halpha_Index,Halpha_Index_Error,Full_Width_Half_Maximum,Bisetor,Signal_to_noise_ratio_in_order_55,Exposure_Time,Airmass,Barycentric_Earth_Radial_Velocity
2453834.854,16391.535,1.764,"La Silla Observatory, Chile",HIP76550,BJD,"Trifonov et al. (A&A 636, A74 (2020))",HARPS,ThAr,Trifonov,0.709370694,0.001767157,5.237075384,915.2793566,50.8,900.0018,,18.5480222
2453835.808,16848.299,1.706,"La Silla Observatory, Chile",HIP76550,BJD,"Trifonov et al. (A&A 636, A74 (2020))",HARPS,ThAr,Trifonov,0.706698727,0.001852239,6.312573884,925.6868439,48.9,900.0009,,18.26539624
2454923.832,-65546.14,1.943,"La Silla Observatory, Chile",HIP76550,BJD,"Trifonov et al. (A&A 636, A74 (2020))",HARPS,ThAr,Trifonov,0.721955897,0.001914532,5.762120894,0.032516506,49.0,900.0,,21.26756353
2456023.797,-65558.094,3.199,"La Silla Observatory, Chile",HIP76550,BJD,"Trifonov et al. (A&A 636, A74 (2020))",HARPS,ThAr,Trifonov,0.729476965,0.002970308,5.770567861,0.04767564,32.5,899.994,,19.73586224
2456169.5,-65596.977,2.077,"La Silla Observatory, Chile",HIP76550,BJD,"Trifonov et al. (A&A 636, A74 (2020))",HARPS,ThAr,Trifonov,0.726168944,0.002048023,6.619892211,0.014778791,46.5,900.0003,,-29.19189863
2456523.537,-65558.14,2.201,"La Silla Observatory, Chile",HIP76550,BJD,"Trifonov et al. (A&A 636, A74 (2020))",HARPS,ThAr,Trifonov,0.727136653,0.00213253,5.770302668,0.026715165,44.0,900.001,,-29.62021752
2456749.837,-65553.146,2.768,"La Silla Observatory, Chile",HIP76550,BJD,"Trifonov et al. (A&A 636, A74 (2020))",HARPS,ThAr,Trifonov,0.735463489,0.002767936,5.767127901,-0.003033039,35.3,1200.0004,,21.35202116
2456761.783,-65542.709,2.331,"La Silla Observatory, Chile",HIP76550,BJD,"Trifonov et al. (A&A 636, A74 (2020))",HARPS,ThAr,Trifonov,0.720533112,0.00226203,5.793982936,0.040749569,42.4,900.0016,,16.66217754
2457144.799,-65547.512,4.307,"La Silla Observatory, Chile",HIP76550,BJD,"Trifonov et al. (A&A 636, A74 (2020))",HARPS,ThAr,Trifonov,0.728141071,0.004221093,5.822174936,0.047948224,23.4,900.0013,,8.359650703
