Time,RV,Uncertainty,Observatory_Site,Star_Name,Time_Convention,Reference,Instrument,Wavelength_Calibration_Technique,Source,Halpha_Index,Halpha_Index_Error,Full_Width_Half_Maximum,Bisetor,Signal_to_noise_ratio_in_order_55,Exposure_Time,Airmass,Barycentric_Earth_Radial_Velocity
2453489.928,-24898.995,1.999,"La Silla Observatory, Chile",HD178904,BJD,"Trifonov et al. (A&A 636, A74 (2020))",HARPS,ThAr,Trifonov,0.426511264,0.00169252,6.928886181,-0.041806828,45.4,193.683,,23.73288699
2453950.696,-24899.067,1.257,"La Silla Observatory, Chile",HD178904,BJD,"Trifonov et al. (A&A 636, A74 (2020))",HARPS,ThAr,Trifonov,0.429460282,0.000924238,6.915921613,-0.034325681,82.0,240.0018,,-12.33854901
2455016.85,-24898.113,1.327,"La Silla Observatory, Chile",HD178904,BJD,"Trifonov et al. (A&A 636, A74 (2020))",HARPS,ThAr,Trifonov,0.4312252,0.001074982,6.929546508,-0.034426062,73.2,387.3992,,0.159742262
2455710.798,-24900.303,3.246,"La Silla Observatory, Chile",HD178904,BJD,"Trifonov et al. (A&A 636, A74 (2020))",HARPS,ThAr,Trifonov,0.432404837,0.002986665,6.939564207,-0.023855805,28.9,96.8003,,15.50025498
2455822.61,-24897.719,1.387,"La Silla Observatory, Chile",HD178904,BJD,"Trifonov et al. (A&A 636, A74 (2020))",HARPS,ThAr,Trifonov,0.429975818,0.001450598,6.926638627,-0.033571307,55.4,250.006,,-25.24896305
2456169.58,-24899.122,2.058,"La Silla Observatory, Chile",HD178904,BJD,"Trifonov et al. (A&A 636, A74 (2020))",HARPS,ThAr,Trifonov,0.428341858,0.00181751,6.952157361,-0.031099843,44.7,203.0002,,-21.38018502
2456200.574,-24899.43,1.131,"La Silla Observatory, Chile",HD178904,BJD,"Trifonov et al. (A&A 636, A74 (2020))",HARPS,ThAr,Trifonov,0.425429878,0.001158408,6.936764134,-0.039551415,68.0,407.7863,,-26.46335393
