Time,RV,Uncertainty,Observatory_Site,Star_Name,Time_Convention,Reference,Instrument,Wavelength_Calibration_Technique,Source,Halpha_Index,Halpha_Index_Error,Full_Width_Half_Maximum,Bisetor,Signal_to_noise_ratio_in_order_55,Exposure_Time,Airmass,Barycentric_Earth_Radial_Velocity
2452989.805,5239.997,1.032,"La Silla Observatory, Chile",HD78538,BJD,"Trifonov et al. (A&A 636, A74 (2020))",HARPS,ThAr,Trifonov,0.432067814,0.000721345,7.478154397,-0.009179532,101.7,675.8959,,23.91390269
2453035.793,5254.107,1.136,"La Silla Observatory, Chile",HD78538,BJD,"Trifonov et al. (A&A 636, A74 (2020))",HARPS,ThAr,Trifonov,0.435343356,0.000531451,7.501486433,-0.004762107,141.3,900.0012,,5.252740451
2453051.763,5254.072,1.075,"La Silla Observatory, Chile",HD78538,BJD,"Trifonov et al. (A&A 636, A74 (2020))",HARPS,ThAr,Trifonov,0.433799193,0.000690323,7.505747358,-0.001696982,108.5,656.9968,,-2.599674506
2453066.638,5252.033,1.199,"La Silla Observatory, Chile",HD78538,BJD,"Trifonov et al. (A&A 636, A74 (2020))",HARPS,ThAr,Trifonov,0.436281004,0.000620608,7.516593958,-0.002350352,119.6,899.9962,,-9.490672627
2453146.543,5250.229,1.266,"La Silla Observatory, Chile",HD78538,BJD,"Trifonov et al. (A&A 636, A74 (2020))",HARPS,ThAr,Trifonov,0.435654454,0.000711275,7.532505068,0.001853748,101.9,899.9958,,-27.55644657
2453150.534,5273.296,1.268,"La Silla Observatory, Chile",HD78538,BJD,"Trifonov et al. (A&A 636, A74 (2020))",HARPS,ThAr,Trifonov,0.439206377,0.000740021,7.530746509,-0.013988236,98.9,900.0007,,-27.2005954
2453159.503,5257.201,1.114,"La Silla Observatory, Chile",HD78538,BJD,"Trifonov et al. (A&A 636, A74 (2020))",HARPS,ThAr,Trifonov,0.438633684,0.000577324,7.54549948,0.007030605,127.4,900.0006,,-25.94614579
2453369.793,5256.304,0.766,"La Silla Observatory, Chile",HD78538,BJD,"Trifonov et al. (A&A 636, A74 (2020))",HARPS,ThAr,Trifonov,0.446247584,0.000445303,7.538937216,0.00489747,171.7,899.9955,,19.1588068
2456079.481,5234.039,0.888,"La Silla Observatory, Chile",HD78538,BJD,"Trifonov et al. (A&A 636, A74 (2020))",HARPS,ThAr,Trifonov,0.425146521,0.000479091,7.500126143,-0.001771494,164.0,899.9945,,-26.24491488
