Time,RV,Uncertainty,Observatory_Site,Star_Name,Time_Convention,Reference,Instrument,Wavelength_Calibration_Technique,Source,Halpha_Index,Halpha_Index_Error,Full_Width_Half_Maximum,Bisetor,Signal_to_noise_ratio_in_order_55,Exposure_Time,Airmass,Barycentric_Earth_Radial_Velocity
2453362.831,-43.71,1.872,"La Silla Observatory, Chile",HD98586,BJD,"Trifonov et al. (A&A 636, A74 (2020))",HARPS,ThAr,Trifonov,0.444146491,0.001418628,9.480141679,0.031340034,54.8,292.5021,,13.12007866
2453363.785,-2.355,2.144,"La Silla Observatory, Chile",HD98586,BJD,"Trifonov et al. (A&A 636, A74 (2020))",HARPS,ThAr,Trifonov,0.446871022,0.001580302,9.569901236,-0.016934091,48.8,290.8953,,13.29527839
2453364.843,-30.43,1.984,"La Silla Observatory, Chile",HD98586,BJD,"Trifonov et al. (A&A 636, A74 (2020))",HARPS,ThAr,Trifonov,0.454610528,0.001479766,9.531796719,0.047309088,52.9,292.5012,,13.3885924
2453365.827,-7.851,2.106,"La Silla Observatory, Chile",HD98586,BJD,"Trifonov et al. (A&A 636, A74 (2020))",HARPS,ThAr,Trifonov,0.450161865,0.001532523,9.602242538,0.004142702,50.5,292.8951,,13.53482489
2453407.769,26.505,1.482,"La Silla Observatory, Chile",HD98586,BJD,"Trifonov et al. (A&A 636, A74 (2020))",HARPS,ThAr,Trifonov,0.455516392,0.001088221,9.563326742,0.006171387,71.3,727.3011,,15.12481108
2453468.55,-10.504,2.855,"La Silla Observatory, Chile",HD98586,BJD,"Trifonov et al. (A&A 636, A74 (2020))",HARPS,ThAr,Trifonov,0.441319591,0.002023475,9.554721822,0.070099427,38.1,380.2015,,4.626631206
2453470.652,29.937,2.213,"La Silla Observatory, Chile",HD98586,BJD,"Trifonov et al. (A&A 636, A74 (2020))",HARPS,ThAr,Trifonov,0.438851298,0.001759272,9.528585065,0.007841577,45.0,292.4828,,3.979122455
2453492.567,21.805,1.975,"La Silla Observatory, Chile",HD98586,BJD,"Trifonov et al. (A&A 636, A74 (2020))",HARPS,ThAr,Trifonov,0.445948752,0.001473999,9.584273102,0.042747524,52.5,292.4829,,-1.631698814
