Time,RV,Uncertainty,Observatory_Name,Star_Name,Time_Convention,Reference,Instrument,Wavelength_Calibration_Technique,Source,Halpha_Index,Halpha_Index_Error,Full_Width_Half_Maximum,Bisetor,Signal_to_noise_ratio_in_order_55,Exposure_Time,Airmass,Barycentric_Earth_Radial_Velocity
2458220.784,1.909,1.74,La Silla Observatory,TYC6170-95-1,BJD,"Trifonov et al. (A&A 636, A74 (2020))",HARPS,ThAr,Trifonov,0.440801589,0.001833657,7.174250444,-0.007603716,44.1,2399.9982,,14.5227698
2458220.864,1.235,1.547,La Silla Observatory,TYC6170-95-1,BJD,"Trifonov et al. (A&A 636, A74 (2020))",HARPS,ThAr,Trifonov,0.438887467,0.001469275,7.183298092,-0.008953055,53.2,2399.9983,,14.30203294
2458221.787,-2.978,1.864,La Silla Observatory,TYC6170-95-1,BJD,"Trifonov et al. (A&A 636, A74 (2020))",HARPS,ThAr,Trifonov,0.444006514,0.002029759,7.168648564,0.000377429,40.3,2399.9982,,14.05682806
2458221.856,-6.654,1.599,La Silla Observatory,TYC6170-95-1,BJD,"Trifonov et al. (A&A 636, A74 (2020))",HARPS,ThAr,Trifonov,0.441199459,0.001594848,7.187145525,-0.013191868,49.7,2399.9982,,13.86536603
2458222.793,4.034,1.647,La Silla Observatory,TYC6170-95-1,BJD,"Trifonov et al. (A&A 636, A74 (2020))",HARPS,ThAr,Trifonov,0.435540959,0.001649456,7.188491361,-0.000954774,47.8,2399.9982,,13.57620198
2458222.844,3.094,1.544,La Silla Observatory,TYC6170-95-1,BJD,"Trifonov et al. (A&A 636, A74 (2020))",HARPS,ThAr,Trifonov,0.437179127,0.001500641,7.191663304,-0.014978678,52.3,2399.9982,,13.43459214
2458223.805,-0.975,1.796,La Silla Observatory,TYC6170-95-1,BJD,"Trifonov et al. (A&A 636, A74 (2020))",HARPS,ThAr,Trifonov,0.442036249,0.001829343,7.183348651,-0.005786498,43.6,2399.9983,,13.07517838
2458223.894,-0.478,1.681,La Silla Observatory,TYC6170-95-1,BJD,"Trifonov et al. (A&A 636, A74 (2020))",HARPS,ThAr,Trifonov,0.437740963,0.001641449,7.192406182,-0.001433133,47.7,2399.9982,,12.84444362
