Time,RV,Uncertainty,Observatory_Site,Star_Name,Time_Convention,Reference,Instrument,Wavelength_Calibration_Technique,Source,Halpha_Index,Halpha_Index_Error,Full_Width_Half_Maximum,Bisetor,Signal_to_noise_ratio_in_order_55,Exposure_Time,Airmass,Barycentric_Earth_Radial_Velocity
2453017.821,164949.758,2.159,"La Silla Observatory, Chile",HIP48953,BJD,"Trifonov et al. (A&A 636, A74 (2020))",HARPS,ThAr,Trifonov,0.640939311,0.002007406,233.5337662,-74.87525445,42.9,336.7019,,19.38830747
2453054.701,28499.942,2.477,"La Silla Observatory, Chile",HIP48953,BJD,"Trifonov et al. (A&A 636, A74 (2020))",HARPS,ThAr,Trifonov,0.643769653,0.00227697,6.358698746,0.043925177,37.5,351.1961,,3.070031229
2453055.77,28497.014,1.606,"La Silla Observatory, Chile",HIP48953,BJD,"Trifonov et al. (A&A 636, A74 (2020))",HARPS,ThAr,Trifonov,0.645727162,0.00151703,6.344139439,0.043293991,57.5,543.2971,,2.366313335
2453057.728,28493.135,1.415,"La Silla Observatory, Chile",HIP48953,BJD,"Trifonov et al. (A&A 636, A74 (2020))",HARPS,ThAr,Trifonov,0.636062396,0.001319286,6.324704309,0.037370908,65.2,814.9968,,1.488202996
2453147.475,28227.381,2.233,"La Silla Observatory, Chile",HIP48953,BJD,"Trifonov et al. (A&A 636, A74 (2020))",HARPS,ThAr,Trifonov,0.644114521,0.00204409,6.345439957,0.036096164,42.0,623.6959,,-27.60072139
2453367.821,29206.171,1.227,"La Silla Observatory, Chile",HIP48953,BJD,"Trifonov et al. (A&A 636, A74 (2020))",HARPS,ThAr,Trifonov,0.646469497,0.001020956,6.316333202,0.025981402,85.2,900.0012,,24.27447748
2453371.874,29280.956,1.342,"La Silla Observatory, Chile",HIP48953,BJD,"Trifonov et al. (A&A 636, A74 (2020))",HARPS,ThAr,Trifonov,0.656244251,0.001474209,6.383672466,0.027559244,59.6,392.695,,23.00857575
2453374.847,29331.311,1.665,"La Silla Observatory, Chile",HIP48953,BJD,"Trifonov et al. (A&A 636, A74 (2020))",HARPS,ThAr,Trifonov,0.668519675,0.001628947,6.399243894,0.039180286,54.0,390.5775,,22.16925179
2453468.608,31156.602,1.391,"La Silla Observatory, Chile",HIP48953,BJD,"Trifonov et al. (A&A 636, A74 (2020))",HARPS,ThAr,Trifonov,0.647402037,0.00125796,6.328076552,0.044444709,67.8,589.1012,,-18.78439191
