Time,RV,Uncertainty,Observatory_Name,Star_Name,Time_Convention,Reference,Instrument,Wavelength_Calibration_Technique,Source,Halpha_Index,Halpha_Index_Error,Full_Width_Half_Maximum,Bisetor,Signal_to_noise_ratio_in_order_55,Exposure_Time,Airmass,Barycentric_Earth_Radial_Velocity
2453501.563,-1428.536,0.715,La Silla Observatory,HD100069,BJD,"Trifonov et al. (A&A 636, A74 (2020))",HARPS,ThAr,Trifonov,0.399548646,0.000447628,7.958247507,0.022317811,159.7,900.0012,,-25.47330541
2453502.568,-264.815,0.699,La Silla Observatory,HD100069,BJD,"Trifonov et al. (A&A 636, A74 (2020))",HARPS,ThAr,Trifonov,0.398725274,0.000484919,7.964196536,0.024762018,148.3,900.001,,-25.73286043
2453503.476,1018.8,1.247,La Silla Observatory,HD100069,BJD,"Trifonov et al. (A&A 636, A74 (2020))",HARPS,ThAr,Trifonov,0.397913284,0.000979718,7.967333778,0.032468701,74.1,120.001,,-25.72278163
2453503.671,1323.924,1.745,La Silla Observatory,HD100069,BJD,"Trifonov et al. (A&A 636, A74 (2020))",HARPS,ThAr,Trifonov,0.396981219,0.001316039,7.972869051,0.027623787,55.1,120.001,,-26.21889363
2453504.476,2711.246,1.94,La Silla Observatory,HD100069,BJD,"Trifonov et al. (A&A 636, A74 (2020))",HARPS,ThAr,Trifonov,0.398657537,0.001496349,7.987504198,0.02947669,49.1,120.0012,,-25.9532021
2453506.618,7498.267,2.217,La Silla Observatory,HD100069,BJD,"Trifonov et al. (A&A 636, A74 (2020))",HARPS,ThAr,Trifonov,0.396472362,0.00169502,8.011338059,0.032416599,43.2,180.0013,,-26.7635429
