Time,RV,Uncertainty,Observatory_Site,Star_Name,Time_Convention,Reference,Instrument,Wavelength_Calibration_Technique,Source,Halpha_Index,Halpha_Index_Error,Full_Width_Half_Maximum,Bisetor,Signal_to_noise_ratio_in_order_55,Exposure_Time,Airmass,Barycentric_Earth_Radial_Velocity
2452989.784,-3.374,3.302,"La Silla Observatory, Chile",HD62816,BJD,"Trifonov et al. (A&A 636, A74 (2020))",HARPS,ThAr,Trifonov,0.391491202,0.001234713,18.43264526,-0.020005836,60.6,179.9956,,15.47497472
2452991.762,-23.374,2.7,"La Silla Observatory, Chile",HD62816,BJD,"Trifonov et al. (A&A 636, A74 (2020))",HARPS,ThAr,Trifonov,0.392693183,0.000976457,18.41604274,0.008561713,75.4,179.9961,,14.79079469
2456728.642,9.959,2.293,"La Silla Observatory, Chile",HD62816,BJD,"Trifonov et al. (A&A 636, A74 (2020))",HARPS,ThAr,Trifonov,0.395619761,0.000882762,18.56442254,-0.002696961,89.4,180.0012,,-19.86054688
2456761.618,-9.682,1.569,"La Silla Observatory, Chile",HD62816,BJD,"Trifonov et al. (A&A 636, A74 (2020))",HARPS,ThAr,Trifonov,0.39287472,0.000595198,18.50155611,0.015641906,132.8,595.3611,,-25.59181523
2457024.812,11.68,1.445,"La Silla Observatory, Chile",HD62816,BJD,"Trifonov et al. (A&A 636, A74 (2020))",HARPS,ThAr,Trifonov,0.397440001,0.000574385,18.465505,0.009731494,139.8,900.002,,8.395531383
2457060.678,-0.123,1.9,"La Silla Observatory, Chile",HD62816,BJD,"Trifonov et al. (A&A 636, A74 (2020))",HARPS,ThAr,Trifonov,0.394075075,0.000770577,18.51658085,0.028608706,105.1,478.3418,,-7.512206043
2457716.87,-17.661,0.827,"La Silla Observatory, Chile",HD62816,BJD,"Trifonov et al. (A&A 636, A74 (2020))",HARPS,ThAr,Trifonov,0.397502009,0.001751193,18.45825256,-0.057775162,47.7,89.9983,,21.86666116
2458114.737,25.605,0.996,"La Silla Observatory, Chile",HD62816,BJD,"Trifonov et al. (A&A 636, A74 (2020))",HARPS,ThAr,Trifonov,0.394647737,0.000886131,18.4594662,-0.035830794,88.9,119.9982,,11.08392117
