Time,RV,Uncertainty,Observatory_Site,Star_Name,Time_Convention,Reference,Instrument,Wavelength_Calibration_Technique,Source,Halpha_Index,Halpha_Index_Error,Full_Width_Half_Maximum,Bisetor,Signal_to_noise_ratio_in_order_55,Exposure_Time,Airmass,Barycentric_Earth_Radial_Velocity
2452945.501,-45827.867,2.297,"La Silla Observatory, Chile",HD195633,BJD,"Trifonov et al. (A&A 636, A74 (2020))",HARPS,ThAr,Trifonov,0.391462124,0.001451418,7.694011659,0.071765354,49.9,280.4961,,-27.42538023
2453151.914,-45834.338,1.375,"La Silla Observatory, Chile",HD195633,BJD,"Trifonov et al. (A&A 636, A74 (2020))",HARPS,ThAr,Trifonov,0.389233074,0.00080052,7.701748176,0.066691017,90.4,659.1002,,24.61482211
2453265.619,-45830.06,1.199,"La Silla Observatory, Chile",HD195633,BJD,"Trifonov et al. (A&A 636, A74 (2020))",HARPS,ThAr,Trifonov,0.389061795,0.000462033,7.692930595,0.064629689,156.5,900.0013,,-18.54400455
2453291.528,-45831.532,2.528,"La Silla Observatory, Chile",HD195633,BJD,"Trifonov et al. (A&A 636, A74 (2020))",HARPS,ThAr,Trifonov,0.391373178,0.001647649,7.71164445,0.058113409,44.2,180.0009,,-25.37468764
2456789.928,-45835.74,1.054,"La Silla Observatory, Chile",HD195633,BJD,"Trifonov et al. (A&A 636, A74 (2020))",HARPS,ThAr,Trifonov,0.390332299,0.000643116,7.721323473,0.066280294,117.9,900.0013,,26.50376441
2456792.835,-45831.088,1.134,"La Silla Observatory, Chile",HD195633,BJD,"Trifonov et al. (A&A 636, A74 (2020))",HARPS,ThAr,Trifonov,0.394094292,0.000774148,7.718172324,0.065531945,98.2,600.0011,,26.47287269
2456792.924,-45829.483,1.21,"La Silla Observatory, Chile",HD195633,BJD,"Trifonov et al. (A&A 636, A74 (2020))",HARPS,ThAr,Trifonov,0.392726878,0.000889317,7.733481771,0.068292634,87.0,600.001,,26.24560258
2456793.826,-45837.637,1.149,"La Silla Observatory, Chile",HD195633,BJD,"Trifonov et al. (A&A 636, A74 (2020))",HARPS,ThAr,Trifonov,0.390654498,0.000871738,7.729015072,0.066351178,88.0,600.0011,,26.39120318
2456903.694,-45829.504,1.479,"La Silla Observatory, Chile",HD195633,BJD,"Trifonov et al. (A&A 636, A74 (2020))",HARPS,ThAr,Trifonov,0.39343048,0.000907623,7.719396156,0.063212298,83.3,900.0017,,-13.17782004
