Time,RV,Uncertainty,Observatory_Name,Star_Name,Time_Convention,Reference,Instrument,Wavelength_Calibration_Technique,Source,Halpha_Index,Halpha_Index_Error,Full_Width_Half_Maximum,Bisetor,Signal_to_noise_ratio_in_order_55,Exposure_Time,Airmass,Barycentric_Earth_Radial_Velocity
2457041.794,512.739,1.975,La Silla Observatory,HD128207,BJD,"Trifonov et al. (A&A 636, A74 (2020))",HARPS,ThAr,Trifonov,0.813292979,0.000414537,296.1453663,0.0,316.2,600.0023,,26.11829407
2457041.843,477.41,1.827,La Silla Observatory,HD128207,BJD,"Trifonov et al. (A&A 636, A74 (2020))",HARPS,ThAr,Trifonov,0.810307963,0.000392054,58.05319233,0.0,336.4,600.0022,,26.07462736
2457042.79,-1457.325,2.908,La Silla Observatory,HD128207,BJD,"Trifonov et al. (A&A 636, A74 (2020))",HARPS,ThAr,Trifonov,0.809710445,0.000554113,137.5241027,0.0,233.3,400.0006,,26.29082083
2457042.836,153.504,2.828,La Silla Observatory,HD128207,BJD,"Trifonov et al. (A&A 636, A74 (2020))",HARPS,ThAr,Trifonov,0.808603687,0.00056438,118.1789704,27.00391611,234.1,300.0018,,26.25021581
2457043.828,452.329,2.659,La Silla Observatory,HD128207,BJD,"Trifonov et al. (A&A 636, A74 (2020))",HARPS,ThAr,Trifonov,0.808921848,0.000529469,45.33192429,0.0,247.1,399.9996,,26.41910354
2457043.854,236.492,2.914,La Silla Observatory,HD128207,BJD,"Trifonov et al. (A&A 636, A74 (2020))",HARPS,ThAr,Trifonov,0.810053411,0.000588248,81.41526434,0.0,221.9,300.0003,,26.38784351
2457043.858,-1637.266,2.771,La Silla Observatory,HD128207,BJD,"Trifonov et al. (A&A 636, A74 (2020))",HARPS,ThAr,Trifonov,0.810209997,0.000559468,29.30339439,2563.596665,234.6,300.001,,26.38284534
