Time,RV,Uncertainty,Observatory_Site,Star_Name,Time_Convention,Reference,Instrument,Wavelength_Calibration_Technique,Source,Halpha_Index,Halpha_Index_Error,Full_Width_Half_Maximum,Bisetor,Signal_to_noise_ratio_in_order_55,Exposure_Time,Airmass,Barycentric_Earth_Radial_Velocity
2454370.508,23621.99,1.007,"La Silla Observatory, Chile",HD165135,BJD,"Trifonov et al. (A&A 636, A74 (2020))",HARPS,ThAr,Trifonov,0.494034371,0.00012601,7.113591553,0.074584937,624.9,120.0,,-29.58311327
2454370.51,23624.143,1.012,"La Silla Observatory, Chile",HD165135,BJD,"Trifonov et al. (A&A 636, A74 (2020))",HARPS,ThAr,Trifonov,0.429091449,0.000162841,7.194670659,0.079296242,436.0,59.9997,,-29.5867404
2454622.739,23048.888,1.007,"La Silla Observatory, Chile",HD165135,BJD,"Trifonov et al. (A&A 636, A74 (2020))",HARPS,ThAr,Trifonov,0.554833964,0.000131778,6.985589512,0.073005887,640.1,120.0,,8.500753116
2454622.741,23051.7,1.009,"La Silla Observatory, Chile",HD165135,BJD,"Trifonov et al. (A&A 636, A74 (2020))",HARPS,ThAr,Trifonov,0.425362625,0.000136525,7.188353636,0.086153683,524.9,60.0,,8.496597428
2454684.569,22950.739,1.015,"La Silla Observatory, Chile",HD165135,BJD,"Trifonov et al. (A&A 636, A74 (2020))",HARPS,ThAr,Trifonov,0.425942129,0.000198618,7.17900559,0.085247213,364.5,45.0,,-19.88832706
2454684.675,22940.315,1.028,"La Silla Observatory, Chile",HD165135,BJD,"Trifonov et al. (A&A 636, A74 (2020))",HARPS,ThAr,Trifonov,0.425120575,0.000256352,7.187195336,0.08643098,273.0,20.0,,-20.14823699
2454685.658,22934.754,1.035,"La Silla Observatory, Chile",HD165135,BJD,"Trifonov et al. (A&A 636, A74 (2020))",HARPS,ThAr,Trifonov,0.426372695,0.000288979,7.188483048,0.084178218,241.8,20.0,,-20.47630073
