Time,RV,Uncertainty,Observatory_Name,Star_Name,Time_Convention,Reference,Instrument,Wavelength_Calibration_Technique,Source,Halpha_Index,Halpha_Index_Error,Full_Width_Half_Maximum,Bisetor,Signal_to_noise_ratio_in_order_55,Exposure_Time,Airmass,Barycentric_Earth_Radial_Velocity
2454085.674,5.805,0.954,La Silla Observatory,HD64152,BJD,"Trifonov et al. (A&A 636, A74 (2020))",HARPS,ThAr,Trifonov,0.408555106,0.000409237,7.363292306,0.095598553,170.3,90.0012,,15.28024231
2454371.861,-1.187,0.951,La Silla Observatory,HD64152,BJD,"Trifonov et al. (A&A 636, A74 (2020))",HARPS,ThAr,Trifonov,0.406228062,0.00040339,7.363552032,0.094897857,173.0,89.9982,,19.69373266
2454623.496,-10.918,1.004,La Silla Observatory,HD64152,BJD,"Trifonov et al. (A&A 636, A74 (2020))",HARPS,ThAr,Trifonov,0.405567171,0.000469662,7.365322299,0.087248877,146.3,160.0,,-17.34543101
2454787.799,-11.827,0.929,La Silla Observatory,HD64152,BJD,"Trifonov et al. (A&A 636, A74 (2020))",HARPS,ThAr,Trifonov,0.413334268,0.0003628,7.366406735,0.092509939,199.5,90.0,,21.4024028
2454891.674,5.722,0.932,La Silla Observatory,HD64152,BJD,"Trifonov et al. (A&A 636, A74 (2020))",HARPS,ThAr,Trifonov,0.407865238,0.000362039,7.370064794,0.09410754,198.2,90.0,,-12.93139487
2454894.612,11.532,0.946,La Silla Observatory,HD64152,BJD,"Trifonov et al. (A&A 636, A74 (2020))",HARPS,ThAr,Trifonov,0.405472659,0.000408915,7.379351211,0.096504881,177.6,90.0,,-13.73900066
2457488.498,4.113,0.559,La Silla Observatory,HD64152,BJD,"Trifonov et al. (A&A 636, A74 (2020))",HARPS,ThAr,Trifonov,0.432239257,0.000245497,8.010606515,0.055491445,307.2,199.9982,,-21.53218321
2457489.535,-3.904,0.544,La Silla Observatory,HD64152,BJD,"Trifonov et al. (A&A 636, A74 (2020))",HARPS,ThAr,Trifonov,0.430972036,0.000347564,7.999543983,0.055566487,216.5,199.9983,,-21.72101935
