Time,RV,Uncertainty,Observatory_Site,Star_Name,Time_Convention,Reference,Instrument,Wavelength_Calibration_Technique,Source,Halpha_Index,Halpha_Index_Error,Full_Width_Half_Maximum,Bisetor,Signal_to_noise_ratio_in_order_55,Exposure_Time,Airmass,Barycentric_Earth_Radial_Velocity
2452988.69,-5383.546,3.083,"La Silla Observatory, Chile",GJ3193,BJD,"Trifonov et al. (A&A 636, A74 (2020))",HARPS,ThAr,Trifonov,0.938676827,0.003240298,2.9988869,-0.00564046,24.8,571.5961,,-18.50165156
2453338.682,-5396.146,1.682,"La Silla Observatory, Chile",GJ3193,BJD,"Trifonov et al. (A&A 636, A74 (2020))",HARPS,ThAr,Trifonov,0.955080138,0.002120972,2.98632486,-0.008971703,39.1,772.4811,,-13.0130798
2454078.641,-5402.162,1.595,"La Silla Observatory, Chile",GJ3193,BJD,"Trifonov et al. (A&A 636, A74 (2020))",HARPS,ThAr,Trifonov,0.945562096,0.002025402,3.015951732,-0.010260678,42.4,899.9994,,-16.44827975
2454080.658,-5406.017,1.581,"La Silla Observatory, Chile",GJ3193,BJD,"Trifonov et al. (A&A 636, A74 (2020))",HARPS,ThAr,Trifonov,0.941194576,0.002068959,3.010020375,-0.00884441,40.7,900.0003,,-17.18782152
2454292.914,-5414.495,1.141,"La Silla Observatory, Chile",GJ3193,BJD,"Trifonov et al. (A&A 636, A74 (2020))",HARPS,ThAr,Trifonov,0.919625099,0.001711719,3.00404938,-0.007955125,49.2,899.9982,,23.72051525
2454316.869,-5413.297,1.675,"La Silla Observatory, Chile",GJ3193,BJD,"Trifonov et al. (A&A 636, A74 (2020))",HARPS,ThAr,Trifonov,0.955404571,0.002127264,3.003142982,-0.009607421,40.1,899.9994,,24.93872951
2455042.916,-5424.331,1.365,"La Silla Observatory, Chile",GJ3193,BJD,"Trifonov et al. (A&A 636, A74 (2020))",HARPS,ThAr,Trifonov,0.917230687,0.001649748,3.004072209,-0.009321222,51.8,900.0002,,24.92603026
2455997.501,-5433.227,2.154,"La Silla Observatory, Chile",GJ3193,BJD,"Trifonov et al. (A&A 636, A74 (2020))",HARPS,ThAr,Trifonov,0.935009305,0.002502521,3.004154156,-0.008030927,33.5,900.0053,,-19.02453171
2456237.682,-5439.446,1.957,"La Silla Observatory, Chile",GJ3193,BJD,"Trifonov et al. (A&A 636, A74 (2020))",HARPS,ThAr,Trifonov,0.940829213,0.002357018,2.999995454,-0.008361101,36.5,900.006,,-3.221065615
