Time,RV,Uncertainty,Observatory_Site,Star_Name,Time_Convention,Reference,Instrument,Wavelength_Calibration_Technique,Source,Halpha_Index,Halpha_Index_Error,Full_Width_Half_Maximum,Bisetor,Signal_to_noise_ratio_in_order_55,Exposure_Time,Airmass,Barycentric_Earth_Radial_Velocity
2454369.909,8408.712,1.238,"La Silla Observatory, Chile",HD93849,BJD,"Trifonov et al. (A&A 636, A74 (2020))",HARPS,ThAr,Trifonov,0.38769877,0.000582623,8.760362185,-0.266910612,119.9,900.0003,,3.206248428
2454579.704,8687.135,1.223,"La Silla Observatory, Chile",HD93849,BJD,"Trifonov et al. (A&A 636, A74 (2020))",HARPS,ThAr,Trifonov,0.383084174,0.000632452,8.200977375,0.041259528,115.1,900.0,,-14.38309323
2454580.711,8690.356,1.226,"La Silla Observatory, Chile",HD93849,BJD,"Trifonov et al. (A&A 636, A74 (2020))",HARPS,ThAr,Trifonov,0.382586877,0.000644942,8.197487344,0.04085575,113.6,900.0,,-14.73451758
2454581.69,8686.197,1.109,"La Silla Observatory, Chile",HD93849,BJD,"Trifonov et al. (A&A 636, A74 (2020))",HARPS,ThAr,Trifonov,0.381295877,0.000443213,8.196350164,0.040074041,168.3,1000.0,,-15.03335151
2455649.658,8688.199,0.816,"La Silla Observatory, Chile",HD93849,BJD,"Trifonov et al. (A&A 636, A74 (2020))",HARPS,ThAr,Trifonov,0.387243647,0.00047886,8.196593792,0.039675627,163.0,900.0053,,-4.269421032
2455650.655,8686.627,1.119,"La Silla Observatory, Chile",HD93849,BJD,"Trifonov et al. (A&A 636, A74 (2020))",HARPS,ThAr,Trifonov,0.386189987,0.000596143,8.198577023,0.036501143,130.6,899.9991,,-4.684892683
2455651.669,8689.327,1.046,"La Silla Observatory, Chile",HD93849,BJD,"Trifonov et al. (A&A 636, A74 (2020))",HARPS,ThAr,Trifonov,0.386545502,0.000450093,8.203419977,0.038310946,172.6,899.9994,,-5.143681672
2455885.84,9113.604,1.211,"La Silla Observatory, Chile",HD93849,BJD,"Trifonov et al. (A&A 636, A74 (2020))",HARPS,ThAr,Trifonov,0.387862156,0.000612497,6.609762982,-0.046373179,122.4,899.9998,,22.06818403
2456443.592,9135.422,1.231,"La Silla Observatory, Chile",HD93849,BJD,"Trifonov et al. (A&A 636, A74 (2020))",HARPS,ThAr,Trifonov,0.381418033,0.0006499,6.650305209,-0.052852974,117.8,900.0014,,-23.34655585
