Time,RV,Uncertainty,Observatory_Site,Star_Name,Time_Convention,Reference,Instrument,Wavelength_Calibration_Technique,Source,Halpha_Index,Halpha_Index_Error,Full_Width_Half_Maximum,Bisetor,Signal_to_noise_ratio_in_order_55,Exposure_Time,Airmass,Barycentric_Earth_Radial_Velocity
2457984.556,-48.667,2.075,"La Silla Observatory, Chile",TYC6822-2535-1,BJD,"Trifonov et al. (A&A 636, A74 (2020))",HARPS,ThAr,Trifonov,0.410913574,0.001924328,17.82678841,-0.019076664,43.4,1799.9982,,-27.80493453
2457985.483,136.708,2.812,"La Silla Observatory, Chile",TYC6822-2535-1,BJD,"Trifonov et al. (A&A 636, A74 (2020))",HARPS,ThAr,Trifonov,0.412045556,0.002868134,17.91706026,-0.04622314,31.0,1799.9981,,-27.80513495
2457986.559,86.85,4.111,"La Silla Observatory, Chile",TYC6822-2535-1,BJD,"Trifonov et al. (A&A 636, A74 (2020))",HARPS,ThAr,Trifonov,0.411163649,0.00369823,17.85367458,0.056305767,24.8,899.9982,,-28.14750425
2457987.509,199.357,2.758,"La Silla Observatory, Chile",TYC6822-2535-1,BJD,"Trifonov et al. (A&A 636, A74 (2020))",HARPS,ThAr,Trifonov,0.411564263,0.002689243,17.85644466,-0.0377337,33.0,1499.9982,,-28.18843967
2457990.472,-209.982,2.846,"La Silla Observatory, Chile",TYC6822-2535-1,BJD,"Trifonov et al. (A&A 636, A74 (2020))",HARPS,ThAr,Trifonov,0.416563271,0.002773034,18.02816294,0.098039871,32.1,1799.9982,,-28.51603296
2457991.488,129.312,2.231,"La Silla Observatory, Chile",TYC6822-2535-1,BJD,"Trifonov et al. (A&A 636, A74 (2020))",HARPS,ThAr,Trifonov,0.404765826,0.002177781,17.7943923,-0.082604391,39.3,1799.9982,,-28.6748539
2457992.485,-108.074,1.701,"La Silla Observatory, Chile",TYC6822-2535-1,BJD,"Trifonov et al. (A&A 636, A74 (2020))",HARPS,ThAr,Trifonov,0.407795757,0.001667986,18.01205653,-0.029445677,50.7,1799.9982,,-28.77950947
