Time,RV,Uncertainty,Observatory_Site,Star_Name,Time_Convention,Reference,Instrument,Wavelength_Calibration_Technique,Source,Halpha_Index,Halpha_Index_Error,Full_Width_Half_Maximum,Bisetor,Signal_to_noise_ratio_in_order_55,Exposure_Time,Airmass,Barycentric_Earth_Radial_Velocity
2453602.758,-24651.565,1.333,"La Silla Observatory, Chile",GJ9836,BJD,"Trifonov et al. (A&A 636, A74 (2020))",HARPS,ThAr,Trifonov,0.685773888,0.000531717,89.16259751,0.0,228.9,126.499,,10.9693742
2453602.76,-30293.285,1.332,"La Silla Observatory, Chile",GJ9836,BJD,"Trifonov et al. (A&A 636, A74 (2020))",HARPS,ThAr,Trifonov,0.685608872,0.000530231,67.02669725,4949.140515,229.5,126.5,,10.96411149
2453602.88,-34905.54,1.551,"La Silla Observatory, Chile",GJ9836,BJD,"Trifonov et al. (A&A 636, A74 (2020))",HARPS,ThAr,Trifonov,0.686821023,0.000802633,26.94113407,0.0,167.5,126.5028,,10.62884528
2453602.882,-24011.929,1.745,"La Silla Observatory, Chile",GJ9836,BJD,"Trifonov et al. (A&A 636, A74 (2020))",HARPS,ThAr,Trifonov,0.685753751,0.001111633,33.16295884,0.0,122.2,126.5026,,10.62429223
2453990.708,-28168.081,1.249,"La Silla Observatory, Chile",GJ9836,BJD,"Trifonov et al. (A&A 636, A74 (2020))",HARPS,ThAr,Trifonov,0.686375404,0.000430996,40.09658108,4.434330719,285.6,111.5002,,0.077499098
2453990.71,-15018.007,1.242,"La Silla Observatory, Chile",GJ9836,BJD,"Trifonov et al. (A&A 636, A74 (2020))",HARPS,ThAr,Trifonov,0.686264346,0.000425135,27.60344998,-8.272429142,287.2,111.5017,,0.072551111
2453990.859,-21013.845,1.23,"La Silla Observatory, Chile",GJ9836,BJD,"Trifonov et al. (A&A 636, A74 (2020))",HARPS,ThAr,Trifonov,0.686437916,0.000430936,29.77465701,-68.27322072,274.6,97.5001,,-0.323964579
2453990.86,-23877.841,1.211,"La Silla Observatory, Chile",GJ9836,BJD,"Trifonov et al. (A&A 636, A74 (2020))",HARPS,ThAr,Trifonov,0.686726052,0.000409516,41.5926195,-12.87533596,289.5,97.5004,,-0.32705996
