Time,RV,Uncertainty,Observatory_Site,Star_Name,Time_Convention,Reference,Instrument,Wavelength_Calibration_Technique,Source,Halpha_Index,Halpha_Index_Error,Full_Width_Half_Maximum,Bisetor,Signal_to_noise_ratio_in_order_55,Exposure_Time,Airmass,Barycentric_Earth_Radial_Velocity
2454566.694,32214.399,2.487,"La Silla Observatory, Chile",GJ477,BJD,"Trifonov et al. (A&A 636, A74 (2020))",HARPS,ThAr,Trifonov,0.828585093,0.002673427,3.159049702,-0.01961763,31.0,300.0,,3.910308495
2454658.503,37229.148,2.042,"La Silla Observatory, Chile",GJ477,BJD,"Trifonov et al. (A&A 636, A74 (2020))",HARPS,ThAr,Trifonov,0.832839884,0.002159715,3.104010315,-0.005329882,38.3,900.0,,-22.8342283
2456677.81,28539.101,2.066,"La Silla Observatory, Chile",GJ477,BJD,"Trifonov et al. (A&A 636, A74 (2020))",HARPS,ThAr,Trifonov,0.831324392,0.002185736,3.136254561,-0.01003475,38.8,900.0011,,23.96554464
2457147.766,29905.047,2.814,"La Silla Observatory, Chile",GJ477,BJD,"Trifonov et al. (A&A 636, A74 (2020))",HARPS,ThAr,Trifonov,0.807304739,0.002724402,3.144247964,0.001612007,30.1,900.0003,,-5.904470677
2457185.58,29112.228,1.846,"La Silla Observatory, Chile",GJ477,BJD,"Trifonov et al. (A&A 636, A74 (2020))",HARPS,ThAr,Trifonov,0.830401861,0.002178464,3.150381597,-0.005389735,40.4,899.9984,,-18.06787963
2457188.595,29070.745,3.504,"La Silla Observatory, Chile",GJ477,BJD,"Trifonov et al. (A&A 636, A74 (2020))",HARPS,ThAr,Trifonov,0.822639132,0.003541439,3.129567051,-0.012513473,24.2,899.9983,,-18.82346845
2457473.806,30966.546,3.712,"La Silla Observatory, Chile",GJ477,BJD,"Trifonov et al. (A&A 636, A74 (2020))",HARPS,ThAr,Trifonov,0.809230274,0.001762649,3.174500172,0.005509068,49.1,899.9983,,9.570352225
2457474.848,30988.0,4.421,"La Silla Observatory, Chile",GJ477,BJD,"Trifonov et al. (A&A 636, A74 (2020))",HARPS,ThAr,Trifonov,0.819836641,0.002125124,3.160973984,-0.00587526,40.1,899.9983,,9.12311938
2457475.787,31019.905,4.911,"La Silla Observatory, Chile",GJ477,BJD,"Trifonov et al. (A&A 636, A74 (2020))",HARPS,ThAr,Trifonov,0.806775319,0.002563768,3.182576732,-0.006009082,34.2,899.9983,,8.85214688
