Time,RV,Uncertainty,Observatory_Site,Star_Name,Time_Convention,Reference,Instrument,Wavelength_Calibration_Technique,Source,Halpha_Index,Halpha_Index_Error,Full_Width_Half_Maximum,Bisetor,Signal_to_noise_ratio_in_order_55,Exposure_Time,Airmass,Barycentric_Earth_Radial_Velocity
2454365.75,-1.433,0.992,"La Silla Observatory, Chile",HD19493,BJD,"Trifonov et al. (A&A 636, A74 (2020))",HARPS,ThAr,Trifonov,0.409703792,0.000499518,5.582392874,1.013590831,145.2,900.0006,,-5.289075702
2454366.812,-1.106,1.44,"La Silla Observatory, Chile",HD19493,BJD,"Trifonov et al. (A&A 636, A74 (2020))",HARPS,ThAr,Trifonov,0.407550379,0.001107562,7.397196159,0.004545776,66.8,900.0015,,-5.450729653
2454368.817,-0.328,1.228,"La Silla Observatory, Chile",HD19493,BJD,"Trifonov et al. (A&A 636, A74 (2020))",HARPS,ThAr,Trifonov,0.413846615,0.000857592,7.395476594,0.002149558,85.6,899.9999,,-5.66922896
2455786.934,3.539,1.001,"La Silla Observatory, Chile",HD19493,BJD,"Trifonov et al. (A&A 636, A74 (2020))",HARPS,ThAr,Trifonov,0.409321478,0.000509669,7.402221735,0.000414336,148.5,900.0005,,-0.207886526
2455885.65,3.398,1.298,"La Silla Observatory, Chile",HD19493,BJD,"Trifonov et al. (A&A 636, A74 (2020))",HARPS,ThAr,Trifonov,0.405681044,0.000903033,7.409378348,0.000443936,82.9,899.9996,,-8.261005148
2456184.751,-15.486,1.745,"La Silla Observatory, Chile",HD19493,BJD,"Trifonov et al. (A&A 636, A74 (2020))",HARPS,ThAr,Trifonov,0.408293087,0.001432551,7.414374046,-0.000810554,54.9,900.0009,,-4.440080725
2456561.861,0.29,0.771,"La Silla Observatory, Chile",HD19493,BJD,"Trifonov et al. (A&A 636, A74 (2020))",HARPS,ThAr,Trifonov,0.41087666,0.000483136,7.405565695,0.000916329,154.3,900.0007,,-5.856673582
2456562.657,1.304,1.02,"La Silla Observatory, Chile",HD19493,BJD,"Trifonov et al. (A&A 636, A74 (2020))",HARPS,ThAr,Trifonov,0.410811254,0.000518537,7.412455981,0.001663114,143.0,900.0004,,-5.799174293
