Time,RV,Uncertainty,Observatory_Name,Star_Name,Time_Convention,Reference,Instrument,Wavelength_Calibration_Technique,Source,Halpha_Index,Halpha_Index_Error,Full_Width_Half_Maximum,Bisetor,Signal_to_noise_ratio_in_order_55,Exposure_Time,Airmass,Barycentric_Earth_Radial_Velocity
2453463.831,612.599,3.047,La Silla Observatory,HD129750,BJD,"Trifonov et al. (A&A 636, A74 (2020))",HARPS,ThAr,Trifonov,0.579335588,0.000621039,27.00994592,-6.879370038,162.9,480.0003,,15.47824072
2453464.815,-8551.548,3.572,La Silla Observatory,HD129750,BJD,"Trifonov et al. (A&A 636, A74 (2020))",HARPS,ThAr,Trifonov,0.582196559,0.000782344,18.36562396,-3.161986509,132.4,599.9828,,15.28597063
2453581.579,4895.044,1.868,La Silla Observatory,HD129750,BJD,"Trifonov et al. (A&A 636, A74 (2020))",HARPS,ThAr,Trifonov,0.569178613,0.000518282,23.77376197,-4.167880026,191.0,600.0023,,-17.03325933
2453583.598,-6161.612,2.807,La Silla Observatory,HD129750,BJD,"Trifonov et al. (A&A 636, A74 (2020))",HARPS,ThAr,Trifonov,0.590554291,0.000603666,18.82187082,-2.254352327,170.3,600.0023,,-17.35570908
2454223.607,-3519.691,3.438,La Silla Observatory,HD129750,BJD,"Trifonov et al. (A&A 636, A74 (2020))",HARPS,ThAr,Trifonov,0.579616799,0.000667289,19.64014652,2.254363634,156.9,599.9967,,7.967257308
2454224.821,6684.258,2.85,La Silla Observatory,HD129750,BJD,"Trifonov et al. (A&A 636, A74 (2020))",HARPS,ThAr,Trifonov,0.577582895,0.000543617,29.35676129,-4.223560749,189.7,599.9974,,7.413259737
2454338.565,-9385.68,4.16,La Silla Observatory,HD129750,BJD,"Trifonov et al. (A&A 636, A74 (2020))",HARPS,ThAr,Trifonov,0.595702389,0.000815792,20.72967175,-3.011042481,127.3,599.9997,,-19.38122949
