Time,RV,Uncertainty,Observatory_Site,Star_Name,Time_Convention,Reference,Instrument,Wavelength_Calibration_Technique,Source,Halpha_Index,Halpha_Index_Error,Full_Width_Half_Maximum,Bisetor,Signal_to_noise_ratio_in_order_55,Exposure_Time,Airmass,Barycentric_Earth_Radial_Velocity
2456397.71,-18.71,1.222,"La Silla Observatory, Chile",CD-535815,BJD,"Trifonov et al. (A&A 636, A74 (2020))",HARPS,ThAr,Trifonov,0.433274876,0.001117761,8.382814478,0.065441759,65.4,900.0003,,14.22210716
2456451.593,24.612,1.572,"La Silla Observatory, Chile",CD-535815,BJD,"Trifonov et al. (A&A 636, A74 (2020))",HARPS,ThAr,Trifonov,0.428692434,0.001370492,8.393405506,0.055318197,53.8,600.0015,,-6.915855755
2456468.627,-1.141,1.315,"La Silla Observatory, Chile",CD-535815,BJD,"Trifonov et al. (A&A 636, A74 (2020))",HARPS,ThAr,Trifonov,0.435098401,0.001309142,8.384164041,0.056577817,57.7,600.0003,,-13.23822864
2456510.503,0.626,0.71,"La Silla Observatory, Chile",CD-535815,BJD,"Trifonov et al. (A&A 636, A74 (2020))",HARPS,ThAr,Trifonov,0.430826668,0.000744053,8.406822449,0.053359357,98.4,1200.0008,,-23.1245819
2456543.467,32.405,1.989,"La Silla Observatory, Chile",CD-535815,BJD,"Trifonov et al. (A&A 636, A74 (2020))",HARPS,ThAr,Trifonov,0.440360477,0.00194619,8.440733527,0.062789179,39.4,600.001,,-23.3319015
2456733.702,10.545,1.672,"La Silla Observatory, Chile",CD-535815,BJD,"Trifonov et al. (A&A 636, A74 (2020))",HARPS,ThAr,Trifonov,0.435746097,0.001436609,8.404740375,0.051118304,51.2,600.0011,,22.24031141
2456734.716,-8.239,1.334,"La Silla Observatory, Chile",CD-535815,BJD,"Trifonov et al. (A&A 636, A74 (2020))",HARPS,ThAr,Trifonov,0.435847446,0.001063852,8.391020037,0.053245042,68.3,600.0012,,22.03204128
2456735.704,-11.541,1.47,"La Silla Observatory, Chile",CD-535815,BJD,"Trifonov et al. (A&A 636, A74 (2020))",HARPS,ThAr,Trifonov,0.430191738,0.001216841,8.411004148,0.064011143,60.0,600.0003,,21.84866384
