Time,RV,Uncertainty,Observatory_Site,Star_Name,Time_Convention,Reference,Instrument,Wavelength_Calibration_Technique,Source,Halpha_Index,Halpha_Index_Error,Full_Width_Half_Maximum,Bisetor,Signal_to_noise_ratio_in_order_55,Exposure_Time,Airmass,Barycentric_Earth_Radial_Velocity
2454729.51,103907.636,1.119,"La Silla Observatory, Chile",HD184711,BJD,"Trifonov et al. (A&A 636, A74 (2020))",HARPS,ThAr,Trifonov,0.458751982,0.000225712,12.34505237,1.429833481,289.4,3600.0,,-26.27419343
2454729.553,103900.233,1.118,"La Silla Observatory, Chile",HD184711,BJD,"Trifonov et al. (A&A 636, A74 (2020))",HARPS,ThAr,Trifonov,0.457573981,0.000224236,12.33839489,1.430972512,292.0,3600.0,,-26.36684483
2454729.594,103897.75,1.091,"La Silla Observatory, Chile",HD184711,BJD,"Trifonov et al. (A&A 636, A74 (2020))",HARPS,ThAr,Trifonov,0.456891427,0.0001945,12.33225402,1.438511219,337.2,3600.0,,-26.45055617
2454729.638,103894.762,1.083,"La Silla Observatory, Chile",HD184711,BJD,"Trifonov et al. (A&A 636, A74 (2020))",HARPS,ThAr,Trifonov,0.456576262,0.000186751,12.35756058,1.438342659,347.4,4200.0,,-26.52929017
2454729.667,103874.379,1.692,"La Silla Observatory, Chile",HD184711,BJD,"Trifonov et al. (A&A 636, A74 (2020))",HARPS,ThAr,Trifonov,0.455449318,0.000788374,12.32893588,1.43532361,82.2,450.0,,-26.57179753
2454729.704,103882.274,1.223,"La Silla Observatory, Chile",HD184711,BJD,"Trifonov et al. (A&A 636, A74 (2020))",HARPS,ThAr,Trifonov,0.45603445,0.000341055,12.3084769,1.443427222,187.2,4200.0,,-26.61530891
2454741.558,103578.503,1.12,"La Silla Observatory, Chile",HD184711,BJD,"Trifonov et al. (A&A 636, A74 (2020))",HARPS,ThAr,Trifonov,0.452888159,0.000193185,10.96793116,0.680865883,335.6,3600.0,,-28.08163563
