Time,RV,Uncertainty,Observatory_Site,Star_Name,Time_Convention,Reference,Instrument,Wavelength_Calibration_Technique,Source,Halpha_Index,Halpha_Index_Error,Full_Width_Half_Maximum,Bisetor,Signal_to_noise_ratio_in_order_55,Exposure_Time,Airmass,Barycentric_Earth_Radial_Velocity
2458172.895,19721.897,6.059,"La Silla Observatory, Chile",TYC6193-663-1,BJD,"Trifonov et al. (A&A 636, A74 (2020))",HARPS,ThAr,Trifonov,0.383724793,0.000995271,10.95844818,0.055284791,76.1,1799.9982,,29.98399371
2458175.891,19724.136,6.65,"La Silla Observatory, Chile",TYC6193-663-1,BJD,"Trifonov et al. (A&A 636, A74 (2020))",HARPS,ThAr,Trifonov,0.379224091,0.001180191,10.9629682,0.035183177,64.2,1499.9982,,29.73042472
2458191.879,19776.778,6.084,"La Silla Observatory, Chile",TYC6193-663-1,BJD,"Trifonov et al. (A&A 636, A74 (2020))",HARPS,ThAr,Trifonov,0.379701942,0.001035474,10.95169676,0.035501188,72.4,2099.9982,,27.09293798
2458193.867,19773.326,6.635,"La Silla Observatory, Chile",TYC6193-663-1,BJD,"Trifonov et al. (A&A 636, A74 (2020))",HARPS,ThAr,Trifonov,0.383388244,0.001416527,10.9819879,0.044647517,55.4,1499.9982,,26.63936253
2458194.863,19787.918,6.285,"La Silla Observatory, Chile",TYC6193-663-1,BJD,"Trifonov et al. (A&A 636, A74 (2020))",HARPS,ThAr,Trifonov,0.382699465,0.001075601,10.96793289,0.054062123,69.1,1799.9982,,26.39469138
2458197.846,19795.372,6.515,"La Silla Observatory, Chile",TYC6193-663-1,BJD,"Trifonov et al. (A&A 636, A74 (2020))",HARPS,ThAr,Trifonov,0.386059814,0.001205438,10.97405114,0.053992323,62.5,1799.9983,,25.6233873
2458220.814,19724.486,6.604,"La Silla Observatory, Chile",TYC6193-663-1,BJD,"Trifonov et al. (A&A 636, A74 (2020))",HARPS,ThAr,Trifonov,0.383645293,0.001270047,10.94936019,0.045520561,59.6,2399.9982,,17.50535153
2458221.729,19724.737,7.117,"La Silla Observatory, Chile",TYC6193-663-1,BJD,"Trifonov et al. (A&A 636, A74 (2020))",HARPS,ThAr,Trifonov,0.381861434,0.001569353,10.96452513,0.060941343,49.0,1799.9982,,17.31567577
2458222.819,19722.105,6.974,"La Silla Observatory, Chile",TYC6193-663-1,BJD,"Trifonov et al. (A&A 636, A74 (2020))",HARPS,ThAr,Trifonov,0.384987208,0.001417372,10.93512157,0.034575216,53.5,1799.9982,,16.63505508
