Time,RV,Uncertainty,Observatory_Name,Star_Name,Time_Convention,Reference,Instrument,Wavelength_Calibration_Technique,Source,Halpha_Index,Halpha_Index_Error,Full_Width_Half_Maximum,Bisetor,Signal_to_noise_ratio_in_order_55,Exposure_Time,Airmass,Barycentric_Earth_Radial_Velocity
2457067.823,-7.28,2.645,La Silla Observatory,TYC8252-1071-1,BJD,"Trifonov et al. (A&A 636, A74 (2020))",HARPS,ThAr,Trifonov,0.373977679,0.006797865,12.08210599,0.183688873,14.7,300.0023,,23.54921054
2457067.863,-4.862,2.309,La Silla Observatory,TYC8252-1071-1,BJD,"Trifonov et al. (A&A 636, A74 (2020))",HARPS,ThAr,Trifonov,0.372189982,0.006235205,12.11134522,0.188774969,16.1,300.0019,,23.47583871
2457068.851,71.874,1.9,La Silla Observatory,TYC8252-1071-1,BJD,"Trifonov et al. (A&A 636, A74 (2020))",HARPS,ThAr,Trifonov,0.387836617,0.005390969,11.97327895,0.025637749,18.1,300.0017,,23.36962469
2457069.888,52.533,2.597,La Silla Observatory,TYC8252-1071-1,BJD,"Trifonov et al. (A&A 636, A74 (2020))",HARPS,ThAr,Trifonov,0.396388457,0.008346745,12.11812057,0.127269759,13.2,300.0025,,23.16850584
2457070.846,-0.063,2.084,La Silla Observatory,TYC8252-1071-1,BJD,"Trifonov et al. (A&A 636, A74 (2020))",HARPS,ThAr,Trifonov,0.380738947,0.005930801,12.07698667,0.016784901,16.7,300.002,,23.10227244
2457071.873,-149.825,2.413,La Silla Observatory,TYC8252-1071-1,BJD,"Trifonov et al. (A&A 636, A74 (2020))",HARPS,ThAr,Trifonov,0.37624923,0.00661701,11.74653177,0.148600704,15.3,300.0018,,22.90272922
