Time,RV,Uncertainty,Observatory_Name,Star_Name,Time_Convention,Reference,Instrument,Wavelength_Calibration_Technique,Source,Halpha_Index,Halpha_Index_Error,Full_Width_Half_Maximum,Bisetor,Signal_to_noise_ratio_in_order_55,Exposure_Time,Airmass,Barycentric_Earth_Radial_Velocity
2453508.759,7.099,5.234,La Silla Observatory,HD151772,BJD,"Trifonov et al. (A&A 636, A74 (2020))",HARPS,ThAr,Trifonov,0.395467605,0.002609374,11.17269161,-0.004336654,30.8,34.2016,,9.416419276
2453518.769,2.184,2.904,La Silla Observatory,HD151772,BJD,"Trifonov et al. (A&A 636, A74 (2020))",HARPS,ThAr,Trifonov,0.390819905,0.001393211,11.19209421,0.028174036,53.8,149.9996,,5.062664329
2453944.552,0.743,1.461,La Silla Observatory,HD151772,BJD,"Trifonov et al. (A&A 636, A74 (2020))",HARPS,ThAr,Trifonov,0.389777031,0.000696482,11.15502438,0.053525143,106.6,240.0004,,-19.36922341
2455299.875,2.119,1.971,La Silla Observatory,HD151772,BJD,"Trifonov et al. (A&A 636, A74 (2020))",HARPS,ThAr,Trifonov,0.389951601,0.00099739,11.18921726,0.069962181,78.7,136.8077,,21.87250348
2455755.674,-2.171,1.135,La Silla Observatory,HD151772,BJD,"Trifonov et al. (A&A 636, A74 (2020))",HARPS,ThAr,Trifonov,0.3881081,0.00052858,11.1948245,0.054173318,143.7,855.0005,,-14.3134182
2456177.529,21.482,8.853,La Silla Observatory,HD151772,BJD,"Trifonov et al. (A&A 636, A74 (2020))",HARPS,ThAr,Trifonov,0.399943316,0.004351797,11.24252417,-0.0206426,20.9,327.0399,,-26.58732845
