Time,RV,Uncertainty,Observatory_Site,Star_Name,Time_Convention,Reference,Instrument,Wavelength_Calibration_Technique,Source,Halpha_Index,Halpha_Index_Error,Full_Width_Half_Maximum,Bisetor,Signal_to_noise_ratio_in_order_55,Exposure_Time,Airmass,Barycentric_Earth_Radial_Velocity
2453468.814,4.962,1.018,"La Silla Observatory, Chile",GJ9565,BJD,"Trifonov et al. (A&A 636, A74 (2020))",HARPS,ThAr,Trifonov,0.710047988,0.001252289,3.740091189,-0.020469079,71.3,900.0007,,22.88158858
2453516.775,0.911,1.702,"La Silla Observatory, Chile",GJ9565,BJD,"Trifonov et al. (A&A 636, A74 (2020))",HARPS,ThAr,Trifonov,0.707133818,0.002097927,3.738337148,-0.032516666,42.3,762.3006,,1.902642374
2454923.875,-1.811,1.18,"La Silla Observatory, Chile",GJ9565,BJD,"Trifonov et al. (A&A 636, A74 (2020))",HARPS,ThAr,Trifonov,0.70478529,0.001282339,3.768974337,-0.022135383,72.3,762.3,,24.58793076
2455298.801,-3.034,1.364,"La Silla Observatory, Chile",GJ9565,BJD,"Trifonov et al. (A&A 636, A74 (2020))",HARPS,ThAr,Trifonov,0.707902628,0.001669496,3.7561524,-0.030701834,55.7,762.2989,,21.66862529
2455429.525,-1.513,1.517,"La Silla Observatory, Chile",GJ9565,BJD,"Trifonov et al. (A&A 636, A74 (2020))",HARPS,ThAr,Trifonov,0.695708656,0.001738669,3.735288485,-0.019906007,52.0,762.3005,,-28.71071385
2456370.865,2.394,1.572,"La Silla Observatory, Chile",GJ9565,BJD,"Trifonov et al. (A&A 636, A74 (2020))",HARPS,ThAr,Trifonov,0.700793297,0.002062269,3.730473825,-0.032233872,45.2,701.4409,,27.94520288
2456505.517,-2.441,1.08,"La Silla Observatory, Chile",GJ9565,BJD,"Trifonov et al. (A&A 636, A74 (2020))",HARPS,ThAr,Trifonov,0.697725695,0.001024688,3.729057235,-0.023754402,88.0,1799.9998,,-25.21828966
2456523.613,-0.778,1.423,"La Silla Observatory, Chile",GJ9565,BJD,"Trifonov et al. (A&A 636, A74 (2020))",HARPS,ThAr,Trifonov,0.703032615,0.001560978,3.742769796,-0.006340369,58.0,900.0016,,-28.7286256
