Time,RV,Uncertainty,Observatory_Name,Star_Name,Time_Convention,Reference,Instrument,Wavelength_Calibration_Technique,Source,Halpha_Index,Halpha_Index_Error,Full_Width_Half_Maximum,Bisetor,Signal_to_noise_ratio_in_order_55,Exposure_Time,Airmass,Barycentric_Earth_Radial_Velocity
2454045.835,7573.761,1.373,La Silla Observatory,HD50337,BJD,"Trifonov et al. (A&A 636, A74 (2020))",HARPS,ThAr,Trifonov,0.625098764,0.000415927,18.16042415,-0.216289864,214.5,60.003,,7.256485637
2454085.855,-17569.96,1.568,La Silla Observatory,HD50337,BJD,"Trifonov et al. (A&A 636, A74 (2020))",HARPS,ThAr,Trifonov,0.645163969,0.000505155,16.99293771,3.382523393,178.8,60.001,,4.331552217
2454370.875,24534.389,1.411,La Silla Observatory,HD50337,BJD,"Trifonov et al. (A&A 636, A74 (2020))",HARPS,ThAr,Trifonov,0.626062694,0.000425081,17.82250207,0.0,211.6,60.0008,,6.698478077
2454622.461,14500.849,1.616,La Silla Observatory,HD50337,BJD,"Trifonov et al. (A&A 636, A74 (2020))",HARPS,ThAr,Trifonov,0.616037798,0.000474114,18.46042779,-0.50948009,185.9,60.0,,-5.528628265
2454685.938,-19332.478,1.404,La Silla Observatory,HD50337,BJD,"Trifonov et al. (A&A 636, A74 (2020))",HARPS,ThAr,Trifonov,0.624818577,0.000400859,17.07962403,2.339010602,224.2,60.0,,2.024175633
2454787.782,28995.735,1.259,La Silla Observatory,HD50337,BJD,"Trifonov et al. (A&A 636, A74 (2020))",HARPS,ThAr,Trifonov,0.639571087,0.000358413,17.79560976,0.0,256.9,60.0,,6.827691111
2456609.77,-11072.634,1.148,La Silla Observatory,HD50337,BJD,"Trifonov et al. (A&A 636, A74 (2020))",HARPS,ThAr,Trifonov,0.642703299,0.00038359,18.43114355,-0.201971116,244.3,60.0,,7.065207855
2456609.771,-11074.388,1.237,La Silla Observatory,HD50337,BJD,"Trifonov et al. (A&A 636, A74 (2020))",HARPS,ThAr,Trifonov,0.642764484,0.000422248,18.42817854,-0.196956212,221.2,60.0009,,7.063719282
2456609.772,-11076.581,1.209,La Silla Observatory,HD50337,BJD,"Trifonov et al. (A&A 636, A74 (2020))",HARPS,ThAr,Trifonov,0.642717598,0.000408953,18.4245271,-0.200047836,228.5,60.0009,,7.062154014
