Time,RV,Uncertainty,Observatory_Site,Star_Name,Time_Convention,Reference,Instrument,Wavelength_Calibration_Technique,Source,Halpha_Index,Halpha_Index_Error,Full_Width_Half_Maximum,Bisetor,Signal_to_noise_ratio_in_order_55,Exposure_Time,Airmass,Barycentric_Earth_Radial_Velocity
2453889.89,-13857.53,1.84,"La Silla Observatory, Chile",HD197300,BJD,"Trifonov et al. (A&A 636, A74 (2020))",HARPS,ThAr,Trifonov,0.466940076,0.001401537,8.678489256,-0.01723135,57.0,300.0016,,23.73736311
2453920.829,-13893.06,1.894,"La Silla Observatory, Chile",HD197300,BJD,"Trifonov et al. (A&A 636, A74 (2020))",HARPS,ThAr,Trifonov,0.459358085,0.001557411,8.603967888,0.005566995,52.4,127.6994,,12.01522341
2454230.919,-13892.991,2.195,"La Silla Observatory, Chile",HD197300,BJD,"Trifonov et al. (A&A 636, A74 (2020))",HARPS,ThAr,Trifonov,0.454579791,0.001792646,8.591479978,-0.002897886,46.0,150.0006,,28.72600636
2454231.89,-13927.57,2.0,"La Silla Observatory, Chile",HD197300,BJD,"Trifonov et al. (A&A 636, A74 (2020))",HARPS,ThAr,Trifonov,0.455726926,0.001649134,8.618703768,0.042403423,50.0,150.0003,,28.68129865
2456197.606,-13946.424,2.155,"La Silla Observatory, Chile",HD197300,BJD,"Trifonov et al. (A&A 636, A74 (2020))",HARPS,ThAr,Trifonov,0.446815111,0.001702259,8.603981507,0.028641997,49.3,305.0864,,-25.27632553
2458024.606,-13951.666,3.409,"La Silla Observatory, Chile",HD197300,BJD,"Trifonov et al. (A&A 636, A74 (2020))",HARPS,ThAr,Trifonov,0.442340346,0.002881705,8.596367959,0.021422084,31.0,199.9982,,-25.50758479
2458024.612,-13945.529,2.529,"La Silla Observatory, Chile",HD197300,BJD,"Trifonov et al. (A&A 636, A74 (2020))",HARPS,ThAr,Trifonov,0.447915239,0.00203306,8.618695745,0.047984983,42.7,399.9982,,-25.52054312
