Time,RV,Uncertainty,Observatory_Site,Star_Name,Time_Convention,Reference,Instrument,Wavelength_Calibration_Technique,Source,Halpha_Index,Halpha_Index_Error,Full_Width_Half_Maximum,Bisetor,Signal_to_noise_ratio_in_order_55,Exposure_Time,Airmass,Barycentric_Earth_Radial_Velocity
2453150.89,-10980.035,2.694,"La Silla Observatory, Chile",HD197557,BJD,"Trifonov et al. (A&A 636, A74 (2020))",HARPS,ThAr,Trifonov,0.475810789,0.001905063,21.13175699,-0.438599168,43.0,463.3005,,24.03677462
2453150.897,-13910.159,2.481,"La Silla Observatory, Chile",HD197557,BJD,"Trifonov et al. (A&A 636, A74 (2020))",HARPS,ThAr,Trifonov,0.475443285,0.002001304,7.464706186,0.845233366,41.4,694.9008,,24.01992536
2453152.923,-10799.464,2.732,"La Silla Observatory, Chile",HD197557,BJD,"Trifonov et al. (A&A 636, A74 (2020))",HARPS,ThAr,Trifonov,0.470314912,0.001861613,22.21187779,-0.699073196,42.8,606.1015,,23.44803107
2453152.933,-13160.104,2.567,"La Silla Observatory, Chile",HD197557,BJD,"Trifonov et al. (A&A 636, A74 (2020))",HARPS,ThAr,Trifonov,0.474549697,0.00194908,8.284991571,-1.923890597,40.9,899.9953,,23.42622978
2453218.802,39512.831,2.429,"La Silla Observatory, Chile",HD197557,BJD,"Trifonov et al. (A&A 636, A74 (2020))",HARPS,ThAr,Trifonov,0.473510849,0.001693864,10.66606985,0.035376463,47.5,899.9768,,-3.13793286
2453218.814,39517.877,2.749,"La Silla Observatory, Chile",HD197557,BJD,"Trifonov et al. (A&A 636, A74 (2020))",HARPS,ThAr,Trifonov,0.473418474,0.001932117,10.67808926,0.039021192,41.8,899.9768,,-3.161673873
2453268.604,39513.919,2.061,"La Silla Observatory, Chile",HD197557,BJD,"Trifonov et al. (A&A 636, A74 (2020))",HARPS,ThAr,Trifonov,0.470820716,0.00142826,10.6938037,0.022609496,56.6,688.8009,,-22.99113537
2453268.614,40567.191,1.885,"La Silla Observatory, Chile",HD197557,BJD,"Trifonov et al. (A&A 636, A74 (2020))",HARPS,ThAr,Trifonov,0.473917939,0.001525968,8.142630864,0.054259843,53.2,900.001,,-23.01428184
