Time,RV,Uncertainty,Observatory_Name,Star_Name,Time_Convention,Reference,Instrument,Wavelength_Calibration_Technique,Source,Halpha_Index,Halpha_Index_Error,Full_Width_Half_Maximum,Bisetor,Signal_to_noise_ratio_in_order_55,Exposure_Time,Airmass,Barycentric_Earth_Radial_Velocity
2454577.547,4933.817,1.263,La Silla Observatory,HD49866,BJD,"Trifonov et al. (A&A 636, A74 (2020))",HARPS,ThAr,Trifonov,0.39703614,0.000719912,7.961434223,0.03700304,100.8,1200.0,,-21.57892267
2454578.548,4658.27,1.018,La Silla Observatory,HD49866,BJD,"Trifonov et al. (A&A 636, A74 (2020))",HARPS,ThAr,Trifonov,0.395391345,0.000417591,7.944551727,0.0375094,169.8,900.0,,-21.48290582
2454579.527,4385.788,0.986,La Silla Observatory,HD49866,BJD,"Trifonov et al. (A&A 636, A74 (2020))",HARPS,ThAr,Trifonov,0.398757622,0.000392493,7.938440067,0.040051647,183.7,900.0,,-21.34998562
2455883.809,-5312.935,1.023,La Silla Observatory,HD49866,BJD,"Trifonov et al. (A&A 636, A74 (2020))",HARPS,ThAr,Trifonov,0.40105298,0.000461765,7.941599698,0.032418665,163.0,900.0056,,17.09886707
2456063.459,-14161.198,1.267,La Silla Observatory,HD49866,BJD,"Trifonov et al. (A&A 636, A74 (2020))",HARPS,ThAr,Trifonov,0.39977771,0.000812598,7.943195933,0.034270472,91.5,899.9995,,-17.33079257
2456183.922,1471.496,1.024,La Silla Observatory,HD49866,BJD,"Trifonov et al. (A&A 636, A74 (2020))",HARPS,ThAr,Trifonov,0.400283095,0.000692668,7.991823962,0.053373684,107.9,300.0008,,20.21689472
2456185.918,826.949,1.466,La Silla Observatory,HD49866,BJD,"Trifonov et al. (A&A 636, A74 (2020))",HARPS,ThAr,Trifonov,0.398296742,0.00089846,7.978148605,0.044776678,82.8,300.0001,,20.52455574
