Time,RV,Uncertainty,Observatory_Site,Star_Name,Time_Convention,Reference,Instrument,Wavelength_Calibration_Technique,Source,Halpha_Index,Halpha_Index_Error,Full_Width_Half_Maximum,Bisetor,Signal_to_noise_ratio_in_order_55,Exposure_Time,Airmass,Barycentric_Earth_Radial_Velocity
2454044.663,-13.748,1.043,"La Silla Observatory, Chile",HD12524,BJD,"Trifonov et al. (A&A 636, A74 (2020))",HARPS,ThAr,Trifonov,0.454081023,0.000576551,8.289970649,0.164793317,118.2,89.9996,,-11.52512217
2454370.736,34.425,0.92,"La Silla Observatory, Chile",HD12524,BJD,"Trifonov et al. (A&A 636, A74 (2020))",HARPS,ThAr,Trifonov,0.471123207,0.000297102,8.310884778,0.138980551,236.9,90.0015,,0.095232438
2454371.684,18.907,0.93,"La Silla Observatory, Chile",HD12524,BJD,"Trifonov et al. (A&A 636, A74 (2020))",HARPS,ThAr,Trifonov,0.474368233,0.000331009,8.294131921,0.15009832,212.2,90.0002,,-0.116747199
2454622.94,-59.863,0.933,"La Silla Observatory, Chile",HD12524,BJD,"Trifonov et al. (A&A 636, A74 (2020))",HARPS,ThAr,Trifonov,0.473038172,0.000346045,8.25803579,0.217127631,205.0,120.0,,17.16408865
2454684.792,-60.401,0.913,"La Silla Observatory, Chile",HD12524,BJD,"Trifonov et al. (A&A 636, A74 (2020))",HARPS,ThAr,Trifonov,0.46902356,0.000286212,8.241852125,0.191735648,247.0,90.0,,14.0452031
2454684.8,-62.218,0.909,"La Silla Observatory, Chile",HD12524,BJD,"Trifonov et al. (A&A 636, A74 (2020))",HARPS,ThAr,Trifonov,0.468715455,0.000273825,8.240899173,0.194589953,259.0,90.0,,14.03207818
2454786.592,57.098,0.953,"La Silla Observatory, Chile",HD12524,BJD,"Trifonov et al. (A&A 636, A74 (2020))",HARPS,ThAr,Trifonov,0.475536225,0.000400159,8.308667153,0.17253442,176.9,90.0,,-14.10968842
2454788.676,43.388,0.912,"La Silla Observatory, Chile",HD12524,BJD,"Trifonov et al. (A&A 636, A74 (2020))",HARPS,ThAr,Trifonov,0.467524682,0.000275669,8.297364886,0.158476057,257.6,90.0,,-14.69970233
2454891.538,49.986,0.984,"La Silla Observatory, Chile",HD12524,BJD,"Trifonov et al. (A&A 636, A74 (2020))",HARPS,ThAr,Trifonov,0.479900558,0.000433744,8.146168085,0.184923711,163.6,90.0,,-8.097727601
