Time,RV,Uncertainty,Observatory_Name,Star_Name,Time_Convention,Reference,Instrument,Wavelength_Calibration_Technique,Source,Halpha_Index,Halpha_Index_Error,Full_Width_Half_Maximum,Bisetor,Signal_to_noise_ratio_in_order_55,Exposure_Time,Airmass,Barycentric_Earth_Radial_Velocity
2454085.702,-76.068,0.924,La Silla Observatory,HD85444,BJD,"Trifonov et al. (A&A 636, A74 (2020))",HARPS,ThAr,Trifonov,0.396263816,0.00022778,9.012365932,0.073285564,300.6,119.9993,,26.13088655
2454163.696,-21.641,0.772,La Silla Observatory,HD85444,BJD,"Trifonov et al. (A&A 636, A74 (2020))",HARPS,ThAr,Trifonov,0.394687569,0.000402855,9.019107976,0.068301655,173.6,60.0025,,-3.165658243
2454163.697,-22.039,0.731,La Silla Observatory,HD85444,BJD,"Trifonov et al. (A&A 636, A74 (2020))",HARPS,ThAr,Trifonov,0.396108345,0.000351195,9.018485588,0.067371745,197.8,60.0022,,-3.168673282
2454163.698,-23.092,0.656,La Silla Observatory,HD85444,BJD,"Trifonov et al. (A&A 636, A74 (2020))",HARPS,ThAr,Trifonov,0.394565381,0.000247416,9.015778306,0.067685601,281.1,60.0022,,-3.171726878
2454163.699,-24.319,0.649,La Silla Observatory,HD85444,BJD,"Trifonov et al. (A&A 636, A74 (2020))",HARPS,ThAr,Trifonov,0.394903758,0.000237409,9.016419532,0.070039489,294.5,60.0026,,-3.174698526
2454163.7,-22.947,0.703,La Silla Observatory,HD85444,BJD,"Trifonov et al. (A&A 636, A74 (2020))",HARPS,ThAr,Trifonov,0.395394442,0.000321003,9.01636633,0.068511564,218.0,60.0026,,-3.177727801
2454623.585,300.183,0.962,La Silla Observatory,HD85444,BJD,"Trifonov et al. (A&A 636, A74 (2020))",HARPS,ThAr,Trifonov,0.402707054,0.000267801,9.019783737,0.067700608,254.1,100.0,,-26.35602246
