Time,RV,Uncertainty,Observatory_Site,Star_Name,Time_Convention,Reference,Instrument,Wavelength_Calibration_Technique,Source,Halpha_Index,Halpha_Index_Error,Full_Width_Half_Maximum,Bisetor,Signal_to_noise_ratio_in_order_55,Exposure_Time,Airmass,Barycentric_Earth_Radial_Velocity
2457322.788,31602.307,1.253,"La Silla Observatory, Chile",HD58972,BJD,"Trifonov et al. (A&A 636, A74 (2020))",HARPS,ThAr,Trifonov,0.43920837,0.000595917,8.63885827,0.237875268,122.4,29.9983,,28.87889241
2457322.788,31601.399,1.25,"La Silla Observatory, Chile",HD58972,BJD,"Trifonov et al. (A&A 636, A74 (2020))",HARPS,ThAr,Trifonov,0.43989497,0.000597909,8.639535719,0.221876182,123.5,29.9982,,28.87756442
2457352.85,40813.68,1.064,"La Silla Observatory, Chile",HD58972,BJD,"Trifonov et al. (A&A 636, A74 (2020))",HARPS,ThAr,Trifonov,0.416583878,0.000724978,9.47036882,1.125789192,97.4,29.9983,,21.90231093
2457352.85,40816.192,1.087,"La Silla Observatory, Chile",HD58972,BJD,"Trifonov et al. (A&A 636, A74 (2020))",HARPS,ThAr,Trifonov,0.416077753,0.000762973,9.473604094,1.126272853,93.0,29.9983,,21.90026463
2457444.576,59025.969,1.225,"La Silla Observatory, Chile",HD58972,BJD,"Trifonov et al. (A&A 636, A74 (2020))",HARPS,ThAr,Trifonov,0.450132351,0.000532639,8.427080851,0.146926231,137.8,31.6621,,-20.17561149
2457444.577,59024.676,1.222,"La Silla Observatory, Chile",HD58972,BJD,"Trifonov et al. (A&A 636, A74 (2020))",HARPS,ThAr,Trifonov,0.450899568,0.000538021,8.426173557,0.143628198,137.8,31.6621,,-20.17767768
2457444.715,59047.118,1.167,"La Silla Observatory, Chile",HD58972,BJD,"Trifonov et al. (A&A 636, A74 (2020))",HARPS,ThAr,Trifonov,0.452395923,0.000342526,8.411946651,0.145409927,200.4,31.662,,-20.53874056
2457444.716,59048.852,1.165,"La Silla Observatory, Chile",HD58972,BJD,"Trifonov et al. (A&A 636, A74 (2020))",HARPS,ThAr,Trifonov,0.4526888,0.000338522,8.416267916,0.146919755,203.9,31.6621,,-20.54020849
