Time,RV,Uncertainty,Observatory_Name,Star_Name,Time_Convention,Reference,Instrument,Wavelength_Calibration_Technique,Source,Halpha_Index,Halpha_Index_Error,Full_Width_Half_Maximum,Bisetor,Signal_to_noise_ratio_in_order_55,Exposure_Time,Airmass,Barycentric_Earth_Radial_Velocity
2452943.781,-1.542,1.803,La Silla Observatory,HD29263,BJD,"Trifonov et al. (A&A 636, A74 (2020))",HARPS,ThAr,Trifonov,0.414691813,0.00177715,6.908932282,-0.021180789,41.7,78.396,,9.17897457
2453037.612,-1.537,1.526,La Silla Observatory,HD29263,BJD,"Trifonov et al. (A&A 636, A74 (2020))",HARPS,ThAr,Trifonov,0.413151209,0.0014988,6.908278388,-0.021677771,50.4,179.9958,,-20.90542511
2453781.629,0.415,1.21,La Silla Observatory,HD29263,BJD,"Trifonov et al. (A&A 636, A74 (2020))",HARPS,ThAr,Trifonov,0.40760715,0.000952354,6.906889012,-0.02714955,77.3,200.0016,,-22.21749771
2454902.522,-1.443,1.4,La Silla Observatory,HD29263,BJD,"Trifonov et al. (A&A 636, A74 (2020))",HARPS,ThAr,Trifonov,0.415085578,0.001399303,6.915219349,-0.02568843,55.4,82.0,,-21.17611217
2454902.53,0.001,1.373,La Silla Observatory,HD29263,BJD,"Trifonov et al. (A&A 636, A74 (2020))",HARPS,ThAr,Trifonov,0.414655116,0.001356343,6.918490093,-0.034119473,57.0,82.0,,-21.19005618
2456248.768,0.324,1.053,La Silla Observatory,HD29263,BJD,"Trifonov et al. (A&A 636, A74 (2020))",HARPS,ThAr,Trifonov,0.415965133,0.000745153,6.928130366,-0.024316868,103.6,360.0011,,2.626776394
2456517.933,2.368,1.353,La Silla Observatory,HD29263,BJD,"Trifonov et al. (A&A 636, A74 (2020))",HARPS,ThAr,Trifonov,0.414974025,0.00118424,6.939374274,-0.031192363,65.0,428.8221,,21.27898097
2457716.745,0.113,0.827,La Silla Observatory,HD29263,BJD,"Trifonov et al. (A&A 636, A74 (2020))",HARPS,ThAr,Trifonov,0.417153526,0.001737029,6.933983725,-0.025660011,46.7,109.9982,,-0.012857833
2458132.638,-0.165,1.002,La Silla Observatory,HD29263,BJD,"Trifonov et al. (A&A 636, A74 (2020))",HARPS,ThAr,Trifonov,0.416336468,0.001148541,6.937662645,-0.011394419,66.1,119.9981,,-17.30680799
