Time,RV,Uncertainty,Observatory_Name,Star_Name,Time_Convention,Reference,Instrument,Wavelength_Calibration_Technique,Source,Halpha_Index,Halpha_Index_Error,Full_Width_Half_Maximum,Bisetor,Signal_to_noise_ratio_in_order_55,Exposure_Time,Airmass,Barycentric_Earth_Radial_Velocity
2452988.816,-5.117,1.406,La Silla Observatory,HIP46655,BJD,"Trifonov et al. (A&A 636, A74 (2020))",HARPS,ThAr,Trifonov,0.964049836,0.002687892,3.429976604,0.284978763,29.2,899.9959,,26.02922901
2453375.762,-2.266,1.225,La Silla Observatory,HIP46655,BJD,"Trifonov et al. (A&A 636, A74 (2020))",HARPS,ThAr,Trifonov,0.926867756,0.002289068,3.496561888,0.157043919,34.2,899.9773,,19.05956044
2453511.523,-0.639,1.327,La Silla Observatory,HIP46655,BJD,"Trifonov et al. (A&A 636, A74 (2020))",HARPS,ThAr,Trifonov,0.914532236,0.002438373,3.728879041,0.547641001,31.2,900.0006,,-28.71039609
2453815.711,-1.203,1.23,La Silla Observatory,HIP46655,BJD,"Trifonov et al. (A&A 636, A74 (2020))",HARPS,ThAr,Trifonov,0.925625863,0.002030043,2.974073947,-0.011686607,38.6,900.0012,,-16.68765474
2454080.803,-3.024,1.642,La Silla Observatory,HIP46655,BJD,"Trifonov et al. (A&A 636, A74 (2020))",HARPS,ThAr,Trifonov,0.940428508,0.003212739,2.98730178,-0.005325694,24.8,899.9992,,26.94610079
2454142.719,-0.674,1.113,La Silla Observatory,HIP46655,BJD,"Trifonov et al. (A&A 636, A74 (2020))",HARPS,ThAr,Trifonov,0.930676541,0.002017933,2.988538976,-0.010044994,39.6,900.002,,1.804493884
2454166.634,6.255,1.357,La Silla Observatory,HIP46655,BJD,"Trifonov et al. (A&A 636, A74 (2020))",HARPS,ThAr,Trifonov,0.939842528,0.002418993,2.993151127,-0.011640337,32.9,899.9963,,-10.06833621
2454172.628,5.848,1.337,La Silla Observatory,HIP46655,BJD,"Trifonov et al. (A&A 636, A74 (2020))",HARPS,ThAr,Trifonov,0.9617586,0.002425907,2.99463802,-0.010103053,33.6,899.9986,,-12.85896868
2454946.553,0.354,1.177,La Silla Observatory,HIP46655,BJD,"Trifonov et al. (A&A 636, A74 (2020))",HARPS,ThAr,Trifonov,0.926851393,0.002024117,2.99576097,-0.008838926,40.9,900.0,,-26.99261236
