Time,RV,Uncertainty,Observatory_Name,Star_Name,Time_Convention,Reference,Instrument,Wavelength_Calibration_Technique,Source,Halpha_Index,Halpha_Index_Error,Full_Width_Half_Maximum,Bisetor,Signal_to_noise_ratio_in_order_55,Exposure_Time,Airmass,Barycentric_Earth_Radial_Velocity
2453229.781,0.315,1.55,La Silla Observatory,HIP113596,BJD,"Trifonov et al. (A&A 636, A74 (2020))",HARPS,ThAr,Trifonov,0.63262391,0.001944104,327.6666091,0.0,42.2,727.9951,,0.408550711
2453919.947,0.057,1.304,La Silla Observatory,HIP113596,BJD,"Trifonov et al. (A&A 636, A74 (2020))",HARPS,ThAr,Trifonov,0.622698935,0.001667127,6.125522855,0.021710496,51.1,899.9992,,13.87734689
2454757.715,-0.488,1.222,La Silla Observatory,HIP113596,BJD,"Trifonov et al. (A&A 636, A74 (2020))",HARPS,ThAr,Trifonov,0.622294205,0.001701787,6.118124733,0.0188304,49.9,900.0,,-20.10793215
2455833.665,0.68,1.095,La Silla Observatory,HIP113596,BJD,"Trifonov et al. (A&A 636, A74 (2020))",HARPS,ThAr,Trifonov,0.628181367,0.001337686,6.141364377,0.021366752,66.2,1455.9001,,-15.5517638
2456520.834,-0.657,1.273,La Silla Observatory,HIP113596,BJD,"Trifonov et al. (A&A 636, A74 (2020))",HARPS,ThAr,Trifonov,0.624461175,0.001572486,6.160244524,0.020679644,56.2,900.001,,-1.070806327
2457358.53,2.541,1.179,La Silla Observatory,HIP113596,BJD,"Trifonov et al. (A&A 636, A74 (2020))",HARPS,ThAr,Trifonov,0.627222826,0.001358289,6.157362087,0.045961255,67.5,664.5583,,-21.29646002
2457738.521,-0.428,1.154,La Silla Observatory,HIP113596,BJD,"Trifonov et al. (A&A 636, A74 (2020))",HARPS,ThAr,Trifonov,0.617380916,0.001185882,6.154689683,0.043425067,74.0,899.9983,,-18.89296848
2457936.786,0.135,1.232,La Silla Observatory,HIP113596,BJD,"Trifonov et al. (A&A 636, A74 (2020))",HARPS,ThAr,Trifonov,0.619775036,0.001793882,6.15288641,0.03798288,51.1,899.9982,,14.38757004
2458070.681,-4.919,1.755,La Silla Observatory,HIP113596,BJD,"Trifonov et al. (A&A 636, A74 (2020))",HARPS,ThAr,Trifonov,0.618372573,0.002128053,6.159204354,0.033296325,40.8,649.9982,,-22.46188059
