Time,RV,Uncertainty,Observatory_Name,Star_Name,Time_Convention,Reference,Instrument,Wavelength_Calibration_Technique,Source,Halpha_Index,Halpha_Index_Error,Full_Width_Half_Maximum,Bisetor,Signal_to_noise_ratio_in_order_55,Exposure_Time,Airmass,Barycentric_Earth_Radial_Velocity
2453062.777,-11.613,2.622,La Silla Observatory,HIP54373,BJD,"Trifonov et al. (A&A 636, A74 (2020))",HARPS,ThAr,Trifonov,0.845554829,0.003392254,6.179772996,0.089720133,26.6,899.9955,,8.793795033
2453484.638,-2.151,1.307,La Silla Observatory,HIP54373,BJD,"Trifonov et al. (A&A 636, A74 (2020))",HARPS,ThAr,Trifonov,0.864806251,0.001622992,6.074604856,0.072629357,56.2,622.3828,,-16.61370608
2453785.75,3.409,1.483,La Silla Observatory,HIP54373,BJD,"Trifonov et al. (A&A 636, A74 (2020))",HARPS,ThAr,Trifonov,0.876586477,0.001875697,6.04819272,0.065441064,50.1,622.4026,,12.30807342
2455314.594,-2.553,1.528,La Silla Observatory,HIP54373,BJD,"Trifonov et al. (A&A 636, A74 (2020))",HARPS,ThAr,Trifonov,0.823829498,0.001753469,6.055167578,0.063327628,51.4,900.007,,-17.84955033
2455683.531,3.173,1.25,La Silla Observatory,HIP54373,BJD,"Trifonov et al. (A&A 636, A74 (2020))",HARPS,ThAr,Trifonov,0.840823001,0.001437598,6.050080323,0.052474339,64.9,622.4002,,-18.9873816
2457060.741,-3.283,1.572,La Silla Observatory,HIP54373,BJD,"Trifonov et al. (A&A 636, A74 (2020))",HARPS,ThAr,Trifonov,0.835021512,0.001900564,6.081133084,0.067389054,50.2,900.0022,,17.45076718
2457086.773,5.291,1.601,La Silla Observatory,HIP54373,BJD,"Trifonov et al. (A&A 636, A74 (2020))",HARPS,ThAr,Trifonov,0.847959581,0.002019865,6.093164299,0.075675743,48.5,900.0004,,5.903488301
2457102.742,-1.331,2.202,La Silla Observatory,HIP54373,BJD,"Trifonov et al. (A&A 636, A74 (2020))",HARPS,ThAr,Trifonov,0.818011614,0.002649628,6.099751924,0.056795063,35.6,1200.0002,,-1.716617894
