Time,RV,Uncertainty,Observatory_Site,Star_Name,Time_Convention,Reference,Instrument,Wavelength_Calibration_Technique,Source,Halpha_Index,Halpha_Index_Error,Full_Width_Half_Maximum,Bisetor,Signal_to_noise_ratio_in_order_55,Exposure_Time,Airmass,Barycentric_Earth_Radial_Velocity
2457568.718,0.945,1.802,"La Silla Observatory, Chile",TYC6887-2075-1,BJD,"Trifonov et al. (A&A 636, A74 (2020))",HARPS,ThAr,Trifonov,0.425086768,0.002427188,6.772601296,-0.012359449,35.5,3599.9983,,4.799143773
2457866.809,-1.661,2.235,"La Silla Observatory, Chile",TYC6887-2075-1,BJD,"Trifonov et al. (A&A 636, A74 (2020))",HARPS,ThAr,Trifonov,0.4174791,0.002730559,6.785587,-0.023948221,32.8,1499.9983,,28.61034382
2457867.847,-0.491,3.445,"La Silla Observatory, Chile",TYC6887-2075-1,BJD,"Trifonov et al. (A&A 636, A74 (2020))",HARPS,ThAr,Trifonov,0.423124052,0.004352529,6.787143334,-0.016634103,21.9,1499.9983,,28.38384895
2457870.797,-13.689,2.477,"La Silla Observatory, Chile",TYC6887-2075-1,BJD,"Trifonov et al. (A&A 636, A74 (2020))",HARPS,ThAr,Trifonov,0.422363064,0.002931879,6.768197612,-0.021522067,30.4,1499.9983,,27.9912593
2457871.839,-14.117,2.684,"La Silla Observatory, Chile",TYC6887-2075-1,BJD,"Trifonov et al. (A&A 636, A74 (2020))",HARPS,ThAr,Trifonov,0.423393019,0.003294059,6.785283467,0.010534498,27.7,1499.9982,,27.72038001
2457984.713,4.527,1.968,"La Silla Observatory, Chile",TYC6887-2075-1,BJD,"Trifonov et al. (A&A 636, A74 (2020))",HARPS,ThAr,Trifonov,0.433666311,0.002251537,6.791794679,0.001183091,37.7,3599.9982,,-18.97665843
2457986.715,2.218,1.674,"La Silla Observatory, Chile",TYC6887-2075-1,BJD,"Trifonov et al. (A&A 636, A74 (2020))",HARPS,ThAr,Trifonov,0.422319471,0.0019107,6.789159725,-0.002500199,43.3,3599.9982,,-19.75520849
2457987.629,2.293,1.407,"La Silla Observatory, Chile",TYC6887-2075-1,BJD,"Trifonov et al. (A&A 636, A74 (2020))",HARPS,ThAr,Trifonov,0.42954238,0.001674478,6.781277298,-0.001498297,50.3,3139.3791,,-19.93680626
2458004.606,3.912,1.84,"La Silla Observatory, Chile",TYC6887-2075-1,BJD,"Trifonov et al. (A&A 636, A74 (2020))",HARPS,ThAr,Trifonov,0.427355753,0.002044511,6.791073153,-0.015877589,41.6,3599.9982,,-25.37438439
