Time,RV,Uncertainty,Observatory_Site,Star_Name,Time_Convention,Reference,Instrument,Wavelength_Calibration_Technique,Source,Halpha_Index,Halpha_Index_Error,Full_Width_Half_Maximum,Bisetor,Signal_to_noise_ratio_in_order_55,Exposure_Time,Airmass,Barycentric_Earth_Radial_Velocity
2457040.722,124.025,3.723,"La Silla Observatory, Chile",HD92536,BJD,"Trifonov et al. (A&A 636, A74 (2020))",HARPS,ThAr,Trifonov,0.758852048,0.000743618,50.40921351,-38.55215037,176.8,300.0013,,14.180718
2457040.76,89.852,2.157,"La Silla Observatory, Chile",HD92536,BJD,"Trifonov et al. (A&A 636, A74 (2020))",HARPS,ThAr,Trifonov,0.759218164,0.000412501,105.8626472,-7.590320017,321.2,600.0014,,14.14300884
2457040.802,44.242,2.206,"La Silla Observatory, Chile",HD92536,BJD,"Trifonov et al. (A&A 636, A74 (2020))",HARPS,ThAr,Trifonov,0.757356963,0.000424199,180.7218131,15120.73717,313.9,600.002,,14.09841449
2457041.692,296.533,3.185,"La Silla Observatory, Chile",HD92536,BJD,"Trifonov et al. (A&A 636, A74 (2020))",HARPS,ThAr,Trifonov,0.757699198,0.000521016,150.9981377,0.0,248.5,600.0011,,14.20542708
2457041.719,887.577,2.646,"La Silla Observatory, Chile",HD92536,BJD,"Trifonov et al. (A&A 636, A74 (2020))",HARPS,ThAr,Trifonov,0.756918575,0.000448188,30.50280137,10584239.15,290.2,600.0021,,14.18268688
2457041.778,-1116.396,2.583,"La Silla Observatory, Chile",HD92536,BJD,"Trifonov et al. (A&A 636, A74 (2020))",HARPS,ThAr,Trifonov,0.759287434,0.000439394,64.87057392,17.55883907,300.5,600.0007,,14.12262106
2457042.691,257.99,2.72,"La Silla Observatory, Chile",HD92536,BJD,"Trifonov et al. (A&A 636, A74 (2020))",HARPS,ThAr,Trifonov,0.757370698,0.00046643,166.2092339,0.0,277.5,600.0015,,14.20087346
2457042.746,315.07,3.185,"La Silla Observatory, Chile",HD92536,BJD,"Trifonov et al. (A&A 636, A74 (2020))",HARPS,ThAr,Trifonov,0.759918296,0.000577534,23.40232813,0.0,228.2,500.0019,,14.14934737
2457043.651,-847.085,3.786,"La Silla Observatory, Chile",HD92536,BJD,"Trifonov et al. (A&A 636, A74 (2020))",HARPS,ThAr,Trifonov,0.758835303,0.000641679,271.4746522,57.60126738,201.0,600.0021,,14.21980232
2457043.772,-437.951,3.651,"La Silla Observatory, Chile",HD92536,BJD,"Trifonov et al. (A&A 636, A74 (2020))",HARPS,ThAr,Trifonov,0.758688523,0.000589296,298.8157727,149.0469727,225.3,400.0012,,14.10956724
