Time,RV,Uncertainty,Observatory_Name,Star_Name,Time_Convention,Reference,Instrument,Wavelength_Calibration_Technique,Source,Halpha_Index,Halpha_Index_Error,Full_Width_Half_Maximum,Bisetor,Signal_to_noise_ratio_in_order_55,Exposure_Time,Airmass,Barycentric_Earth_Radial_Velocity
2454045.777,187.635,0.97,La Silla Observatory,HD41047,BJD,"Trifonov et al. (A&A 636, A74 (2020))",HARPS,ThAr,Trifonov,0.463617304,0.000407754,8.777569373,0.148967894,167.5,90.0019,,11.77668953
2454045.782,186.612,0.976,La Silla Observatory,HD41047,BJD,"Trifonov et al. (A&A 636, A74 (2020))",HARPS,ThAr,Trifonov,0.463018183,0.00042177,8.77470651,0.154598628,161.8,89.999,,11.76544223
2454085.776,210.53,0.941,La Silla Observatory,HD41047,BJD,"Trifonov et al. (A&A 636, A74 (2020))",HARPS,ThAr,Trifonov,0.454601075,0.000344355,8.845587209,0.107995876,196.0,90.0033,,1.630080186
2454370.831,-268.156,0.942,La Silla Observatory,HD41047,BJD,"Trifonov et al. (A&A 636, A74 (2020))",HARPS,ThAr,Trifonov,0.425279948,0.000339057,8.926033818,0.136438343,193.2,90.0006,,16.18795485
2454371.82,-356.688,0.939,La Silla Observatory,HD41047,BJD,"Trifonov et al. (A&A 636, A74 (2020))",HARPS,ThAr,Trifonov,0.421296064,0.000328288,8.9059643,0.1451958,199.0,90.0,,16.18474352
2454623.433,116.465,1.076,La Silla Observatory,HD41047,BJD,"Trifonov et al. (A&A 636, A74 (2020))",HARPS,ThAr,Trifonov,0.451270934,0.000537368,8.829064446,0.181156201,122.3,90.0,,-4.529158242
2454685.893,78.643,0.978,La Silla Observatory,HD41047,BJD,"Trifonov et al. (A&A 636, A74 (2020))",HARPS,ThAr,Trifonov,0.433188806,0.000400125,8.873271479,0.124473319,163.8,90.0,,11.54269206
2454787.765,-99.939,0.952,La Silla Observatory,HD41047,BJD,"Trifonov et al. (A&A 636, A74 (2020))",HARPS,ThAr,Trifonov,0.428022933,0.000366736,8.86438231,0.118303563,184.0,90.0,,9.300671767
2454891.616,1.167,0.98,La Silla Observatory,HD41047,BJD,"Trifonov et al. (A&A 636, A74 (2020))",HARPS,ThAr,Trifonov,0.39837665,0.000328339,9.037327568,0.084883146,195.2,90.0,,-15.38081771
