Time,RV,Uncertainty,Observatory_Site,Star_Name,Time_Convention,Reference,Instrument,Wavelength_Calibration_Technique,Source,Halpha_Index,Halpha_Index_Error,Full_Width_Half_Maximum,Bisetor,Signal_to_noise_ratio_in_order_55,Exposure_Time,Airmass,Barycentric_Earth_Radial_Velocity
2453543.684,-6.836,1.426,"La Silla Observatory, Chile",GJ4008,BJD,"Trifonov et al. (A&A 636, A74 (2020))",HARPS,ThAr,Trifonov,0.693400205,0.001604315,5.907561688,0.041838429,53.9,539.0023,,-3.910449215
2453547.708,-6.549,1.495,"La Silla Observatory, Chile",GJ4008,BJD,"Trifonov et al. (A&A 636, A74 (2020))",HARPS,ThAr,Trifonov,0.706672204,0.001526257,5.923515744,0.035879493,56.7,539.0011,,-5.948390561
2454902.899,3.278,1.188,"La Silla Observatory, Chile",GJ4008,BJD,"Trifonov et al. (A&A 636, A74 (2020))",HARPS,ThAr,Trifonov,0.703456721,0.001400355,5.977225384,0.03836849,65.1,306.3,,30.07679294
2454930.902,6.092,1.272,"La Silla Observatory, Chile",GJ4008,BJD,"Trifonov et al. (A&A 636, A74 (2020))",HARPS,ThAr,Trifonov,0.707584442,0.001279034,5.982865923,0.04664972,71.7,306.3,,26.75032772
2455013.767,-1.371,1.565,"La Silla Observatory, Chile",GJ4008,BJD,"Trifonov et al. (A&A 636, A74 (2020))",HARPS,ThAr,Trifonov,0.715853536,0.001595458,5.981495555,0.042746694,56.0,612.499,,-8.520386753
2456496.634,1.798,1.482,"La Silla Observatory, Chile",GJ4008,BJD,"Trifonov et al. (A&A 636, A74 (2020))",HARPS,ThAr,Trifonov,0.721381428,0.001466872,5.997671874,0.047964522,62.7,900.0012,,-17.96876498
2456506.672,-5.531,1.409,"La Silla Observatory, Chile",GJ4008,BJD,"Trifonov et al. (A&A 636, A74 (2020))",HARPS,ThAr,Trifonov,0.712588201,0.001434622,5.987440685,0.030938317,63.8,900.0007,,-21.80836906
2456805.845,3.135,1.071,"La Silla Observatory, Chile",GJ4008,BJD,"Trifonov et al. (A&A 636, A74 (2020))",HARPS,ThAr,Trifonov,0.717303901,0.00107495,6.016043823,0.036155795,87.1,900.001,,8.272410179
