Time,RV,Uncertainty,Observatory_Site,Star_Name,Time_Convention,Reference,Instrument,Wavelength_Calibration_Technique,Source,Halpha_Index,Halpha_Index_Error,Full_Width_Half_Maximum,Bisetor,Signal_to_noise_ratio_in_order_55,Exposure_Time,Airmass,Barycentric_Earth_Radial_Velocity
2454367.523,3.567,0.819,"La Silla Observatory, Chile",HD178787,BJD,"Trifonov et al. (A&A 636, A74 (2020))",HARPS,ThAr,Trifonov,0.485953872,0.000706333,5.048975441,0.616464531,113.5,899.9969,,-28.74985101
2454368.65,5.167,1.181,"La Silla Observatory, Chile",HD178787,BJD,"Trifonov et al. (A&A 636, A74 (2020))",HARPS,ThAr,Trifonov,0.490179361,0.000968191,5.262683462,0.595186591,80.5,900.0002,,-29.13384719
2454369.578,5.575,1.117,"La Silla Observatory, Chile",HD178787,BJD,"Trifonov et al. (A&A 636, A74 (2020))",HARPS,ThAr,Trifonov,0.490857166,0.000924724,6.422995121,0.02154123,87.0,899.9962,,-29.13635258
2455787.676,-0.992,0.983,"La Silla Observatory, Chile",HD178787,BJD,"Trifonov et al. (A&A 636, A74 (2020))",HARPS,ThAr,Trifonov,0.485789541,0.000654534,6.386536122,0.009365766,128.3,900.0001,,-17.18420961
2456063.803,-4.565,1.186,"La Silla Observatory, Chile",HD178787,BJD,"Trifonov et al. (A&A 636, A74 (2020))",HARPS,ThAr,Trifonov,0.481621883,0.001207746,7.037853069,-0.030658357,68.3,899.994,,22.98982964
2456064.807,-5.329,0.922,"La Silla Observatory, Chile",HD178787,BJD,"Trifonov et al. (A&A 636, A74 (2020))",HARPS,ThAr,Trifonov,0.487801921,0.000746397,7.032345462,-0.035201521,109.2,899.9939,,22.65182113
2456184.595,-4.125,1.098,"La Silla Observatory, Chile",HD178787,BJD,"Trifonov et al. (A&A 636, A74 (2020))",HARPS,ThAr,Trifonov,0.486570671,0.00087052,7.063170144,-0.025940527,95.2,900.0005,,-27.2621727
2456442.825,4.395,1.083,"La Silla Observatory, Chile",HD178787,BJD,"Trifonov et al. (A&A 636, A74 (2020))",HARPS,ThAr,Trifonov,0.484951676,0.000835272,7.105730328,-0.023360905,100.4,900.0005,,17.89290266
2456443.83,1.156,2.02,"La Silla Observatory, Chile",HD178787,BJD,"Trifonov et al. (A&A 636, A74 (2020))",HARPS,ThAr,Trifonov,0.47561033,0.002018657,7.116474386,-0.013632632,42.3,900.0013,,17.4739574
2456462.837,-5.528,1.248,"La Silla Observatory, Chile",HD178787,BJD,"Trifonov et al. (A&A 636, A74 (2020))",HARPS,ThAr,Trifonov,0.484548075,0.001075295,7.044544158,-0.024122639,76.7,900.0007,,8.959986071
