Time,RV,Uncertainty,Observatory_Site,Star_Name,Time_Convention,Reference,Instrument,Wavelength_Calibration_Technique,Source,Halpha_Index,Halpha_Index_Error,Full_Width_Half_Maximum,Bisetor,Signal_to_noise_ratio_in_order_55,Exposure_Time,Airmass,Barycentric_Earth_Radial_Velocity
2453976.731,67208.229,1.8,"La Silla Observatory, Chile",GJ4322,BJD,"Trifonov et al. (A&A 636, A74 (2020))",HARPS,ThAr,Trifonov,0.602919425,0.001814335,6.723119603,0.014473758,46.3,137.1003,,-7.160484305
2453980.724,67170.357,1.591,"La Silla Observatory, Chile",GJ4322,BJD,"Trifonov et al. (A&A 636, A74 (2020))",HARPS,ThAr,Trifonov,0.601870267,0.001702899,6.762870516,0.05632088,49.4,253.4018,,-8.206867812
2454081.538,67197.449,1.315,"La Silla Observatory, Chile",GJ4322,BJD,"Trifonov et al. (A&A 636, A74 (2020))",HARPS,ThAr,Trifonov,0.614545146,0.001240865,6.727381153,0.031758323,68.2,355.701,,-13.81058893
2454083.569,67193.331,2.288,"La Silla Observatory, Chile",GJ4322,BJD,"Trifonov et al. (A&A 636, A74 (2020))",HARPS,ThAr,Trifonov,0.603077141,0.002256077,6.74653677,0.03789174,37.7,176.9005,,-13.448237
2454339.729,67176.22,1.894,"La Silla Observatory, Chile",GJ4322,BJD,"Trifonov et al. (A&A 636, A74 (2020))",HARPS,ThAr,Trifonov,0.625139012,0.001867378,6.779639059,0.053108645,45.7,177.8997,,-6.536148429
2454346.767,67203.516,2.676,"La Silla Observatory, Chile",GJ4322,BJD,"Trifonov et al. (A&A 636, A74 (2020))",HARPS,ThAr,Trifonov,0.61482549,0.002582165,6.765609837,0.044305729,33.4,177.901,,-8.439677952
2455410.833,67175.283,1.812,"La Silla Observatory, Chile",GJ4322,BJD,"Trifonov et al. (A&A 636, A74 (2020))",HARPS,ThAr,Trifonov,0.595212266,0.001790119,6.73570447,0.052695735,48.3,355.7005,,0.417542596
2456468.867,67166.473,1.661,"La Silla Observatory, Chile",GJ4322,BJD,"Trifonov et al. (A&A 636, A74 (2020))",HARPS,ThAr,Trifonov,0.598116056,0.00177714,6.735163911,0.062371809,50.5,300.0003,,10.50558326
