Time,RV,Uncertainty,Observatory_Site,Star_Name,Time_Convention,Reference,Instrument,Wavelength_Calibration_Technique,Source,Halpha_Index,Halpha_Index_Error,Full_Width_Half_Maximum,Bisetor,Signal_to_noise_ratio_in_order_55,Exposure_Time,Airmass,Barycentric_Earth_Radial_Velocity
2452943.598,-827.092,3.436,"La Silla Observatory, Chile",HD208215,BJD,"Trifonov et al. (A&A 636, A74 (2020))",HARPS,ThAr,Trifonov,0.382141153,0.001308775,11.27345698,0.091487141,54.3,29.9959,,-25.46890485
2453542.763,-39.377,1.203,"La Silla Observatory, Chile",HD208215,BJD,"Trifonov et al. (A&A 636, A74 (2020))",HARPS,ThAr,Trifonov,0.37723465,0.000421519,11.20649118,0.084690387,169.0,300.0012,,17.40218365
2453543.829,-22.535,1.68,"La Silla Observatory, Chile",HD208215,BJD,"Trifonov et al. (A&A 636, A74 (2020))",HARPS,ThAr,Trifonov,0.376841975,0.000681643,11.20633188,0.103303849,105.3,120.0019,,16.96818772
2453544.866,-16.93,2.165,"La Silla Observatory, Chile",HD208215,BJD,"Trifonov et al. (A&A 636, A74 (2020))",HARPS,ThAr,Trifonov,0.377821574,0.000844429,11.22837851,0.090457283,85.2,60.0019,,16.58048061
2453546.904,-41.874,2.143,"La Silla Observatory, Chile",HD208215,BJD,"Trifonov et al. (A&A 636, A74 (2020))",HARPS,ThAr,Trifonov,0.378880719,0.000834242,11.19116537,0.07938353,86.8,59.9999,,15.86147076
2453550.82,-14.416,2.078,"La Silla Observatory, Chile",HD208215,BJD,"Trifonov et al. (A&A 636, A74 (2020))",HARPS,ThAr,Trifonov,0.378555344,0.000809017,11.18487612,0.076316475,89.2,60.0028,,14.69857213
2453551.893,-3.727,1.817,"La Silla Observatory, Chile",HD208215,BJD,"Trifonov et al. (A&A 636, A74 (2020))",HARPS,ThAr,Trifonov,0.377679904,0.000701122,11.16775588,0.118745445,103.3,90.0021,,14.20196477
2453572.832,107.209,2.31,"La Silla Observatory, Chile",HD208215,BJD,"Trifonov et al. (A&A 636, A74 (2020))",HARPS,ThAr,Trifonov,0.378872838,0.00089652,11.14511712,0.095290393,80.6,90.0012,,6.262703057
2453674.634,1011.627,3.144,"La Silla Observatory, Chile",HD208215,BJD,"Trifonov et al. (A&A 636, A74 (2020))",HARPS,ThAr,Trifonov,0.381467772,0.001163729,11.17691034,0.071387159,61.3,45.0027,,-25.55638441
