Time,RV,Uncertainty,Observatory_Site,Star_Name,Time_Convention,Reference,Instrument,Wavelength_Calibration_Technique,Source,Halpha_Index,Halpha_Index_Error,Full_Width_Half_Maximum,Bisetor,Signal_to_noise_ratio_in_order_55,Exposure_Time,Airmass,Barycentric_Earth_Radial_Velocity
2456393.816,-28234.041,1.929,"La Silla Observatory, Chile",CD-546002,BJD,"Trifonov et al. (A&A 636, A74 (2020))",HARPS,ThAr,Trifonov,0.415698673,0.001502485,8.094917357,0.030662365,49.3,900.0003,,15.47578072
2456451.63,-28232.876,2.047,"La Silla Observatory, Chile",CD-546002,BJD,"Trifonov et al. (A&A 636, A74 (2020))",HARPS,ThAr,Trifonov,0.428713763,0.001624523,8.098682208,0.032687148,46.6,800.0013,,-6.787991529
2456469.641,-28219.774,2.166,"La Silla Observatory, Chile",CD-546002,BJD,"Trifonov et al. (A&A 636, A74 (2020))",HARPS,ThAr,Trifonov,0.427434309,0.001663735,8.115142642,0.030426586,43.5,800.0007,,-13.40297764
2456511.516,-28230.533,1.526,"La Silla Observatory, Chile",CD-546002,BJD,"Trifonov et al. (A&A 636, A74 (2020))",HARPS,ThAr,Trifonov,0.424067166,0.001328763,8.103329082,0.043143157,56.1,1199.9939,,-23.13021747
2456733.724,-28224.977,1.998,"La Silla Observatory, Chile",CD-546002,BJD,"Trifonov et al. (A&A 636, A74 (2020))",HARPS,ThAr,Trifonov,0.428736158,0.001555774,8.09398261,0.033069095,47.8,900.0014,,22.215344
2456734.738,-28227.705,1.582,"La Silla Observatory, Chile",CD-546002,BJD,"Trifonov et al. (A&A 636, A74 (2020))",HARPS,ThAr,Trifonov,0.426140407,0.001220329,8.089391897,0.035558075,60.7,900.0022,,22.00773136
2456735.725,-28219.088,2.226,"La Silla Observatory, Chile",CD-546002,BJD,"Trifonov et al. (A&A 636, A74 (2020))",HARPS,ThAr,Trifonov,0.424918416,0.001758633,8.09803047,0.022170097,43.1,900.0019,,21.83061943
