Time,RV,Uncertainty,Observatory_Site,Star_Name,Time_Convention,Reference,Instrument,Wavelength_Calibration_Technique,Source,Halpha_Index,Halpha_Index_Error,Full_Width_Half_Maximum,Bisetor,Signal_to_noise_ratio_in_order_55,Exposure_Time,Airmass,Barycentric_Earth_Radial_Velocity
2453005.535,11820.123,2.31,"La Silla Observatory, Chile",HIP47,BJD,"Trifonov et al. (A&A 636, A74 (2020))",HARPS,ThAr,Trifonov,0.626980222,0.002066559,6.358928572,0.040475443,41.0,810.5926,,-14.72351353
2453310.671,11824.633,1.538,"La Silla Observatory, Chile",HIP47,BJD,"Trifonov et al. (A&A 636, A74 (2020))",HARPS,ThAr,Trifonov,0.61698825,0.001375964,6.252901049,0.035611845,59.4,899.7021,,-18.27044619
2453666.619,11813.877,1.34,"La Silla Observatory, Chile",HIP47,BJD,"Trifonov et al. (A&A 636, A74 (2020))",HARPS,ThAr,Trifonov,0.62185967,0.001209326,6.143482394,0.030950863,68.5,900.0003,,-16.89632615
2453981.831,11821.224,1.819,"La Silla Observatory, Chile",HIP47,BJD,"Trifonov et al. (A&A 636, A74 (2020))",HARPS,ThAr,Trifonov,0.613252394,0.001849464,6.140469214,0.020048859,45.8,459.0006,,-4.251960141
2453982.819,11821.646,1.53,"La Silla Observatory, Chile",HIP47,BJD,"Trifonov et al. (A&A 636, A74 (2020))",HARPS,ThAr,Trifonov,0.617942016,0.001481568,6.135443244,0.019676624,56.8,894.9017,,-4.550466928
2455833.746,11828.439,1.469,"La Silla Observatory, Chile",HIP47,BJD,"Trifonov et al. (A&A 636, A74 (2020))",HARPS,ThAr,Trifonov,0.634653568,0.001378603,6.319304447,0.028188096,63.6,1349.6056,,-11.73705215
2456166.78,11826.028,1.603,"La Silla Observatory, Chile",HIP47,BJD,"Trifonov et al. (A&A 636, A74 (2020))",HARPS,ThAr,Trifonov,0.621470803,0.0015893,6.288795418,0.034897281,55.1,900.0005,,-2.051035475
2456610.586,11819.19,2.31,"La Silla Observatory, Chile",HIP47,BJD,"Trifonov et al. (A&A 636, A74 (2020))",HARPS,ThAr,Trifonov,0.615708722,0.002213394,6.264808551,0.027891231,40.4,500.0012,,-19.17558861
2456645.561,11824.737,2.13,"La Silla Observatory, Chile",HIP47,BJD,"Trifonov et al. (A&A 636, A74 (2020))",HARPS,ThAr,Trifonov,0.61149238,0.00201557,6.27891689,0.035294143,42.5,900.0006,,-17.12744128
