Time,RV,Uncertainty,Observatory_Name,Star_Name,Time_Convention,Reference,Instrument,Wavelength_Calibration_Technique,Source,Halpha_Index,Halpha_Index_Error,Full_Width_Half_Maximum,Bisetor,Signal_to_noise_ratio_in_order_55,Exposure_Time,Airmass,Barycentric_Earth_Radial_Velocity
2457067.554,11.735,2.173,La Silla Observatory,TYC7087-2536-1,BJD,"Trifonov et al. (A&A 636, A74 (2020))",HARPS,ThAr,Trifonov,0.434577362,0.002472276,6.73316676,-0.02675165,33.2,900.0016,,-10.93164441
2457068.569,14.03,2.964,La Silla Observatory,TYC7087-2536-1,BJD,"Trifonov et al. (A&A 636, A74 (2020))",HARPS,ThAr,Trifonov,0.436189803,0.003704321,6.71319473,-0.027012601,24.1,900.0019,,-11.20851521
2457069.569,1.628,1.824,La Silla Observatory,TYC7087-2536-1,BJD,"Trifonov et al. (A&A 636, A74 (2020))",HARPS,ThAr,Trifonov,0.438417775,0.002146522,6.728767452,-0.030049144,38.9,1200.0019,,-11.44698563
2457070.553,-2.187,1.831,La Silla Observatory,TYC7087-2536-1,BJD,"Trifonov et al. (A&A 636, A74 (2020))",HARPS,ThAr,Trifonov,0.436041727,0.00207741,6.738799759,-0.033008397,39.1,1200.0018,,-11.64210856
2457070.625,-2.85,1.771,La Silla Observatory,TYC7087-2536-1,BJD,"Trifonov et al. (A&A 636, A74 (2020))",HARPS,ThAr,Trifonov,0.433169734,0.002172886,6.73210026,-0.026993605,38.6,1200.0027,,-11.8132701
2457071.565,-4.757,1.337,La Silla Observatory,TYC7087-2536-1,BJD,"Trifonov et al. (A&A 636, A74 (2020))",HARPS,ThAr,Trifonov,0.438256831,0.001538485,6.729964589,-0.037400675,52.8,1200.0018,,-11.90275932
2457072.558,-1.602,2.137,La Silla Observatory,TYC7087-2536-1,BJD,"Trifonov et al. (A&A 636, A74 (2020))",HARPS,ThAr,Trifonov,0.438458707,0.002483099,6.75834354,-0.019752741,33.4,1200.0016,,-12.11218142
