Time,RV,Uncertainty,Observatory_Site,Star_Name,Time_Convention,Reference,Instrument,Wavelength_Calibration_Technique,Source,Halpha_Index,Halpha_Index_Error,Full_Width_Half_Maximum,Bisetor,Signal_to_noise_ratio_in_order_55,Exposure_Time,Airmass,Barycentric_Earth_Radial_Velocity
2453031.758,-11233.086,1.774,"La Silla Observatory, Chile",HIP44899,BJD,"Trifonov et al. (A&A 636, A74 (2020))",HARPS,ThAr,Trifonov,0.72435695,0.001684152,6.019579501,0.031925903,52.1,600.0005,,9.570016408
2453034.803,-11227.033,1.459,"La Silla Observatory, Chile",HIP44899,BJD,"Trifonov et al. (A&A 636, A74 (2020))",HARPS,ThAr,Trifonov,0.727519555,0.001441301,6.017915238,0.042261636,61.5,899.9954,,8.504748945
2453484.579,-11236.782,1.298,"La Silla Observatory, Chile",HIP44899,BJD,"Trifonov et al. (A&A 636, A74 (2020))",HARPS,ThAr,Trifonov,0.727490697,0.001120659,5.985801163,0.045606263,77.9,899.9834,,-16.93901466
2454169.612,-11227.588,1.351,"La Silla Observatory, Chile",HIP44899,BJD,"Trifonov et al. (A&A 636, A74 (2020))",HARPS,ThAr,Trifonov,0.722624303,0.00136525,5.963757874,0.046472661,64.6,583.5944,,-4.609590265
2454902.72,-11232.13,1.345,"La Silla Observatory, Chile",HIP44899,BJD,"Trifonov et al. (A&A 636, A74 (2020))",HARPS,ThAr,Trifonov,0.717668279,0.00134739,5.933527656,0.054839287,66.3,584.5,,-5.705959085
2455664.597,-11237.466,2.164,"La Silla Observatory, Chile",HIP44899,BJD,"Trifonov et al. (A&A 636, A74 (2020))",HARPS,ThAr,Trifonov,0.710659135,0.002137093,5.93466452,0.041844097,41.9,583.6056,,-14.61947467
2456316.831,-11230.857,1.461,"La Silla Observatory, Chile",HIP44899,BJD,"Trifonov et al. (A&A 636, A74 (2020))",HARPS,ThAr,Trifonov,0.721573478,0.001420468,5.954754706,0.033929138,64.7,900.0008,,10.11749237
2456383.718,-11239.133,2.161,"La Silla Observatory, Chile",HIP44899,BJD,"Trifonov et al. (A&A 636, A74 (2020))",HARPS,ThAr,Trifonov,0.714414227,0.002159503,5.929093852,0.049593719,41.5,900.0005,,-11.87836568
