Time,RV,Uncertainty,Observatory_Site,Star_Name,Time_Convention,Reference,Instrument,Wavelength_Calibration_Technique,Source,Halpha_Index,Halpha_Index_Error,Full_Width_Half_Maximum,Bisetor,Signal_to_noise_ratio_in_order_55,Exposure_Time,Airmass,Barycentric_Earth_Radial_Velocity
2453145.669,134273.51,2.178,"La Silla Observatory, Chile",HIP66678,BJD,"Trifonov et al. (A&A 636, A74 (2020))",HARPS,ThAr,Trifonov,0.663111836,0.002089771,75.37798175,0.0,39.1,900.0002,,-1.273158809
2453147.614,24834.24,2.884,"La Silla Observatory, Chile",HIP66678,BJD,"Trifonov et al. (A&A 636, A74 (2020))",HARPS,ThAr,Trifonov,0.660533833,0.002531704,6.159824711,0.031823236,32.7,862.7993,,-1.842189179
2453150.693,137467.881,1.897,"La Silla Observatory, Chile",HIP66678,BJD,"Trifonov et al. (A&A 636, A74 (2020))",HARPS,ThAr,Trifonov,0.667544207,0.001785067,79.41309436,0.0,45.3,900.0005,,-2.895674758
2453151.655,24834.233,5.374,"La Silla Observatory, Chile",HIP66678,BJD,"Trifonov et al. (A&A 636, A74 (2020))",HARPS,ThAr,Trifonov,0.671334797,0.004299459,6.207604588,0.018967976,18.6,352.7011,,-3.165379468
2453152.59,136079.427,1.826,"La Silla Observatory, Chile",HIP66678,BJD,"Trifonov et al. (A&A 636, A74 (2020))",HARPS,ThAr,Trifonov,0.666100086,0.001807808,77.31361416,0.0,45.1,466.7008,,-3.394069057
2453832.87,24826.463,1.292,"La Silla Observatory, Chile",HIP66678,BJD,"Trifonov et al. (A&A 636, A74 (2020))",HARPS,ThAr,Trifonov,0.664105987,0.00150186,6.104459803,0.025390992,56.0,605.5007,,11.66852351
2455294.711,24832.262,1.471,"La Silla Observatory, Chile",HIP66678,BJD,"Trifonov et al. (A&A 636, A74 (2020))",HARPS,ThAr,Trifonov,0.666835494,0.001638092,6.121835717,0.029458591,53.4,605.506,,11.62474414
2455298.689,24831.224,1.173,"La Silla Observatory, Chile",HIP66678,BJD,"Trifonov et al. (A&A 636, A74 (2020))",HARPS,ThAr,Trifonov,0.666717792,0.001310944,6.114298026,0.024985108,66.8,605.5066,,10.57920332
