Time,RV,Uncertainty,Observatory_Name,Star_Name,Time_Convention,Reference,Instrument,Wavelength_Calibration_Technique,Source,Halpha_Index,Halpha_Index_Error,Full_Width_Half_Maximum,Bisetor,Signal_to_noise_ratio_in_order_55,Exposure_Time,Airmass,Barycentric_Earth_Radial_Velocity
2455538.685,33.051,1.948,La Silla Observatory,CoRoT102352354,BJD,"Trifonov et al. (A&A 636, A74 (2020))",HARPS,ThAr,Trifonov,0.499464447,0.004973208,6.668434765,0.005837249,19.2,3600.0064,,8.516679352
2455541.732,-21.109,1.784,La Silla Observatory,CoRoT102352354,BJD,"Trifonov et al. (A&A 636, A74 (2020))",HARPS,ThAr,Trifonov,0.498758944,0.004759291,6.718132365,-0.011580439,20.1,3599.9989,,6.906860783
2455584.584,16.893,3.905,La Silla Observatory,CoRoT102352354,BJD,"Trifonov et al. (A&A 636, A74 (2020))",HARPS,ThAr,Trifonov,0.531234527,0.008930777,6.649331387,-0.15297627,12.2,2700.0053,,-13.83461413
2455584.617,-26.89,3.877,La Silla Observatory,CoRoT102352354,BJD,"Trifonov et al. (A&A 636, A74 (2020))",HARPS,ThAr,Trifonov,0.506768203,0.008830745,6.620021587,0.023464564,12.2,2700.0055,,-13.93323293
2455899.824,11.386,1.502,La Silla Observatory,CoRoT102352354,BJD,"Trifonov et al. (A&A 636, A74 (2020))",HARPS,ThAr,Trifonov,0.486741395,0.004254605,6.687151992,-0.042898861,22.1,3600.0057,,10.13850491
2455900.789,-22.658,1.875,La Silla Observatory,CoRoT102352354,BJD,"Trifonov et al. (A&A 636, A74 (2020))",HARPS,ThAr,Trifonov,0.508107219,0.004970622,6.72330376,-0.039657145,19.9,3599.9998,,9.767008212
