Time,RV,Uncertainty,Observatory_Site,Star_Name,Time_Convention,Reference,Instrument,Wavelength_Calibration_Technique,Source,Halpha_Index,Halpha_Index_Error,Full_Width_Half_Maximum,Bisetor,Signal_to_noise_ratio_in_order_55,Exposure_Time,Airmass,Barycentric_Earth_Radial_Velocity
2457994.796,-5.071,2.819,"La Silla Observatory, Chile",TYC8015-1177-1,BJD,"Trifonov et al. (A&A 636, A74 (2020))",HARPS,ThAr,Trifonov,0.428451232,0.004582102,7.254307904,0.00625241,20.8,1799.9982,,1.778702276
2457996.866,-70.769,5.877,"La Silla Observatory, Chile",TYC8015-1177-1,BJD,"Trifonov et al. (A&A 636, A74 (2020))",HARPS,ThAr,Trifonov,0.470421658,0.008776206,7.299899863,0.003564599,12.2,1799.9982,,0.776136598
2457997.845,34.171,18.651,"La Silla Observatory, Chile",TYC8015-1177-1,BJD,"Trifonov et al. (A&A 636, A74 (2020))",HARPS,ThAr,Trifonov,0.461123775,0.013266751,7.288315397,-0.038612902,8.5,1799.9982,,0.395962644
2457998.745,11.958,2.173,"La Silla Observatory, Chile",TYC8015-1177-1,BJD,"Trifonov et al. (A&A 636, A74 (2020))",HARPS,ThAr,Trifonov,0.438192647,0.003915197,7.274693497,-0.020283454,24.7,1799.9982,,0.204298134
2458000.793,-19.245,3.353,"La Silla Observatory, Chile",TYC8015-1177-1,BJD,"Trifonov et al. (A&A 636, A74 (2020))",HARPS,ThAr,Trifonov,0.434815292,0.005301925,7.263497836,0.005192219,18.4,1799.9982,,-0.763898864
2458017.793,44.392,2.183,"La Silla Observatory, Chile",TYC8015-1177-1,BJD,"Trifonov et al. (A&A 636, A74 (2020))",HARPS,ThAr,Trifonov,0.424892169,0.003580879,7.281373456,-0.015305498,25.4,2699.9982,,-7.934978561
2458019.755,4.347,1.691,"La Silla Observatory, Chile",TYC8015-1177-1,BJD,"Trifonov et al. (A&A 636, A74 (2020))",HARPS,ThAr,Trifonov,0.424673774,0.002737583,7.2806797,-0.01068873,32.5,2699.9983,,-8.674314734
2458021.807,-25.374,2.066,"La Silla Observatory, Chile",TYC8015-1177-1,BJD,"Trifonov et al. (A&A 636, A74 (2020))",HARPS,ThAr,Trifonov,0.430020139,0.003202059,7.300049104,0.004161499,28.0,2699.9982,,-9.594288658
2458022.839,-12.807,2.023,"La Silla Observatory, Chile",TYC8015-1177-1,BJD,"Trifonov et al. (A&A 636, A74 (2020))",HARPS,ThAr,Trifonov,0.424373335,0.003104161,7.305282006,-0.01812398,28.3,2699.9982,,-10.04731186
