Time,RV,Uncertainty,Observatory_Name,Star_Name,Time_Convention,Reference,Instrument,Wavelength_Calibration_Technique,Source,Halpha_Index,Halpha_Index_Error,Full_Width_Half_Maximum,Bisetor,Signal_to_noise_ratio_in_order_55,Exposure_Time,Airmass,Barycentric_Earth_Radial_Velocity
2454370.574,71.854,0.901,La Silla Observatory,HD171759,BJD,"Trifonov et al. (A&A 636, A74 (2020))",HARPS,ThAr,Trifonov,0.384733175,0.000187201,7.766143256,0.129161509,348.6,89.9997,,-19.88014926
2454622.763,-16.533,0.898,La Silla Observatory,HD171759,BJD,"Trifonov et al. (A&A 636, A74 (2020))",HARPS,ThAr,Trifonov,0.402425421,0.000170846,7.766798011,0.101239737,395.3,120.0,,6.941923542
2454623.756,-28.113,0.947,La Silla Observatory,HD171759,BJD,"Trifonov et al. (A&A 636, A74 (2020))",HARPS,ThAr,Trifonov,0.406053636,0.000319241,7.766704894,0.104171428,212.4,120.0,,6.632191114
2454684.618,-7.522,0.924,La Silla Observatory,HD171759,BJD,"Trifonov et al. (A&A 636, A74 (2020))",HARPS,ThAr,Trifonov,0.409121944,0.00025054,7.783421512,0.135561891,267.8,45.0,,-12.40985426
2454685.568,0.962,0.932,La Silla Observatory,HD171759,BJD,"Trifonov et al. (A&A 636, A74 (2020))",HARPS,ThAr,Trifonov,0.406483316,0.00028529,7.770598666,0.129223734,236.4,45.0,,-12.61510234
2454685.637,11.365,0.923,La Silla Observatory,HD171759,BJD,"Trifonov et al. (A&A 636, A74 (2020))",HARPS,ThAr,Trifonov,0.401393042,0.00025147,7.764188596,0.12479556,265.1,45.0,,-12.68884212
2454891.907,-37.654,0.944,La Silla Observatory,HD171759,BJD,"Trifonov et al. (A&A 636, A74 (2020))",HARPS,ThAr,Trifonov,0.415037312,0.000327796,7.796582719,0.119148154,212.6,45.0,,18.25601882
