Time,RV,Uncertainty,Observatory_Site,Star_Name,Time_Convention,Reference,Instrument,Wavelength_Calibration_Technique,Source,Halpha_Index,Halpha_Index_Error,Full_Width_Half_Maximum,Bisetor,Signal_to_noise_ratio_in_order_55,Exposure_Time,Airmass,Barycentric_Earth_Radial_Velocity
2454577.796,19.422,1.864,"La Silla Observatory, Chile",HD126535,BJD,"Trifonov et al. (A&A 636, A74 (2020))",HARPS,ThAr,Trifonov,0.511388638,0.000653242,6.777653337,0.045293671,129.2,900.0,,4.920011606
2454578.665,-2.28,2.112,"La Silla Observatory, Chile",HD126535,BJD,"Trifonov et al. (A&A 636, A74 (2020))",HARPS,ThAr,Trifonov,0.514236638,0.002099799,6.740268036,0.051614665,40.6,900.0,,4.788580368
2454579.793,10.288,1.093,"La Silla Observatory, Chile",HD126535,BJD,"Trifonov et al. (A&A 636, A74 (2020))",HARPS,ThAr,Trifonov,0.509569975,0.000640976,6.738989398,0.040183745,128.1,900.0,,3.919788401
2454580.785,18.231,1.235,"La Silla Observatory, Chile",HD126535,BJD,"Trifonov et al. (A&A 636, A74 (2020))",HARPS,ThAr,Trifonov,0.511093583,0.000963755,6.741245967,0.030461554,87.2,900.0,,3.435380395
2454581.618,15.589,1.808,"La Silla Observatory, Chile",HD126535,BJD,"Trifonov et al. (A&A 636, A74 (2020))",HARPS,ThAr,Trifonov,0.506757427,0.001779874,6.759856667,0.044527889,47.7,1200.0,,3.398125647
2454581.861,7.849,1.04,"La Silla Observatory, Chile",HD126535,BJD,"Trifonov et al. (A&A 636, A74 (2020))",HARPS,ThAr,Trifonov,0.51348521,0.000532319,6.753751782,0.036934079,155.4,1000.0,,2.751195092
2455786.468,-11.944,1.176,"La Silla Observatory, Chile",HD126535,BJD,"Trifonov et al. (A&A 636, A74 (2020))",HARPS,ThAr,Trifonov,0.490182882,0.000840824,6.699406046,0.027562645,99.3,900.0005,,-29.00466431
2455787.469,-23.9,1.065,"La Silla Observatory, Chile",HD126535,BJD,"Trifonov et al. (A&A 636, A74 (2020))",HARPS,ThAr,Trifonov,0.489332604,0.000590351,6.690300908,0.038525198,139.1,900.0001,,-28.92762879
2456444.677,-27.329,1.854,"La Silla Observatory, Chile",HD126535,BJD,"Trifonov et al. (A&A 636, A74 (2020))",HARPS,ThAr,Trifonov,0.471119459,0.001562902,7.28635581,-0.020387162,52.4,900.0015,,-14.67420739
