Time,RV,Uncertainty,Observatory_Name,Star_Name,Time_Convention,Reference,Instrument,Wavelength_Calibration_Technique,Source,Halpha_Index,Halpha_Index_Error,Full_Width_Half_Maximum,Bisetor,Signal_to_noise_ratio_in_order_55,Exposure_Time,Airmass,Barycentric_Earth_Radial_Velocity
2454045.748,54.65,0.979,La Silla Observatory,HD24160,BJD,"Trifonov et al. (A&A 636, A74 (2020))",HARPS,ThAr,Trifonov,0.423548639,0.000435539,8.362072737,0.043260414,163.9,29.9995,,-0.831179775
2454684.889,-2.531,0.937,La Silla Observatory,HD24160,BJD,"Trifonov et al. (A&A 636, A74 (2020))",HARPS,ThAr,Trifonov,0.426823419,0.000355536,8.362048235,0.043726227,204.8,30.0,,17.29014072
2454685.813,-7.413,1.01,La Silla Observatory,HD24160,BJD,"Trifonov et al. (A&A 636, A74 (2020))",HARPS,ThAr,Trifonov,0.425700168,0.000502598,8.363394421,0.04036993,144.4,30.0,,17.37878581
2454786.635,0.337,1.059,La Silla Observatory,HD24160,BJD,"Trifonov et al. (A&A 636, A74 (2020))",HARPS,ThAr,Trifonov,0.423769503,0.00059259,8.355522516,0.043646118,122.3,30.0,,-3.798107107
2454788.761,-10.129,0.925,La Silla Observatory,HD24160,BJD,"Trifonov et al. (A&A 636, A74 (2020))",HARPS,ThAr,Trifonov,0.425007066,0.000336624,8.349429913,0.048161431,219.1,30.0,,-4.693158342
2454892.57,-19.979,1.029,La Silla Observatory,HD24160,BJD,"Trifonov et al. (A&A 636, A74 (2020))",HARPS,ThAr,Trifonov,0.423144246,0.000503151,8.372173992,0.040653571,141.4,30.0,,-15.62453874
2454894.533,-16.301,0.994,La Silla Observatory,HD24160,BJD,"Trifonov et al. (A&A 636, A74 (2020))",HARPS,ThAr,Trifonov,0.42376613,0.00047871,8.367046707,0.042318423,152.8,30.0,,-15.27657699
