Time,RV,Uncertainty,Observatory_Name,Star_Name,Time_Convention,Reference,Instrument,Wavelength_Calibration_Technique,Source,Halpha_Index,Halpha_Index_Error,Full_Width_Half_Maximum,Bisetor,Signal_to_noise_ratio_in_order_55,Exposure_Time,Airmass,Barycentric_Earth_Radial_Velocity
2454045.693,4402.771,1.047,La Silla Observatory,HD21120,BJD,"Trifonov et al. (A&A 636, A74 (2020))",HARPS,ThAr,Trifonov,0.391643184,0.00030446,10.81342992,0.010708996,225.0,60.0015,,3.590797244
2454085.623,4493.086,0.949,La Silla Observatory,HD21120,BJD,"Trifonov et al. (A&A 636, A74 (2020))",HARPS,ThAr,Trifonov,0.395498849,0.000193496,10.83933392,0.013986086,355.8,60.0015,,-16.31037864
2454370.772,3961.335,1.031,La Silla Observatory,HD21120,BJD,"Trifonov et al. (A&A 636, A74 (2020))",HARPS,ThAr,Trifonov,0.39507318,0.000287519,10.82990263,-0.013716043,240.1,60.0002,,21.41060134
2454371.749,3968.007,0.981,La Silla Observatory,HD21120,BJD,"Trifonov et al. (A&A 636, A74 (2020))",HARPS,ThAr,Trifonov,0.391205027,0.000230219,10.83718107,-0.010515182,300.0,60.0012,,21.12585351
2454684.864,-2221.586,1.043,La Silla Observatory,HD21120,BJD,"Trifonov et al. (A&A 636, A74 (2020))",HARPS,ThAr,Trifonov,0.390836414,0.000266365,10.82734824,-0.007736267,254.1,60.0,,29.02512392
2454685.797,-2243.083,1.383,La Silla Observatory,HD21120,BJD,"Trifonov et al. (A&A 636, A74 (2020))",HARPS,ThAr,Trifonov,0.392918807,0.000450184,10.78520268,-0.007818267,141.2,60.0,,29.18547921
2454787.689,-4111.597,0.959,La Silla Observatory,HD21120,BJD,"Trifonov et al. (A&A 636, A74 (2020))",HARPS,ThAr,Trifonov,0.397649484,0.000221625,10.81946745,0.021382909,319.5,60.0,,-2.387545562
2454788.734,-4127.408,0.944,La Silla Observatory,HD21120,BJD,"Trifonov et al. (A&A 636, A74 (2020))",HARPS,ThAr,Trifonov,0.396479728,0.000194843,10.78597369,0.017314307,359.6,60.0,,-3.041936263
2454856.538,-4117.375,0.953,La Silla Observatory,HD21120,BJD,"Trifonov et al. (A&A 636, A74 (2020))",HARPS,ThAr,Trifonov,0.391779498,0.000196889,10.79697771,0.009027193,353.7,60.0,,-28.74923233
