Time,RV,Uncertainty,Observatory_Site,Star_Name,Time_Convention,Reference,Instrument,Wavelength_Calibration_Technique,Source,Halpha_Index,Halpha_Index_Error,Full_Width_Half_Maximum,Bisetor,Signal_to_noise_ratio_in_order_55,Exposure_Time,Airmass,Barycentric_Earth_Radial_Velocity
2453047.894,24907.89,2.602,"La Silla Observatory, Chile",HD116883,BJD,"Trifonov et al. (A&A 636, A74 (2020))",HARPS,ThAr,Trifonov,0.567047976,0.00225369,6.376797973,0.026904924,37.3,417.1971,,25.40500308
2453059.876,24894.602,1.707,"La Silla Observatory, Chile",HD116883,BJD,"Trifonov et al. (A&A 636, A74 (2020))",HARPS,ThAr,Trifonov,0.58020107,0.001679086,6.425396047,0.039536003,51.1,411.3956,,23.2252109
2453409.884,24913.837,1.49,"La Silla Observatory, Chile",HD116883,BJD,"Trifonov et al. (A&A 636, A74 (2020))",HARPS,ThAr,Trifonov,0.560683986,0.001464168,6.359384832,0.021284714,56.4,535.2007,,25.85417007
2453410.815,24916.196,1.62,"La Silla Observatory, Chile",HD116883,BJD,"Trifonov et al. (A&A 636, A74 (2020))",HARPS,ThAr,Trifonov,0.561511156,0.001514514,6.378613729,0.015560838,54.5,409.3005,,25.87580826
2453489.694,24908.993,2.064,"La Silla Observatory, Chile",HD116883,BJD,"Trifonov et al. (A&A 636, A74 (2020))",HARPS,ThAr,Trifonov,0.54948762,0.00182183,6.358825971,0.026325688,44.4,550.9824,,-0.981872416
2453492.661,24919.234,1.718,"La Silla Observatory, Chile",HD116883,BJD,"Trifonov et al. (A&A 636, A74 (2020))",HARPS,ThAr,Trifonov,0.562159201,0.001663034,6.383651555,0.022647557,49.3,220.3814,,-2.246192417
2453508.672,24894.792,4.032,"La Silla Observatory, Chile",HD116883,BJD,"Trifonov et al. (A&A 636, A74 (2020))",HARPS,ThAr,Trifonov,0.554860553,0.003629554,6.365914393,0.00671287,23.2,314.802,,-9.229645343
2453921.504,24900.067,1.716,"La Silla Observatory, Chile",HD116883,BJD,"Trifonov et al. (A&A 636, A74 (2020))",HARPS,ThAr,Trifonov,0.579837662,0.001624571,6.448238112,0.03667894,51.8,314.8009,,-23.72890372
2455261.841,24902.383,1.72,"La Silla Observatory, Chile",HD116883,BJD,"Trifonov et al. (A&A 636, A74 (2020))",HARPS,ThAr,Trifonov,0.548913438,0.00164212,6.34611285,0.014272199,51.7,472.3007,,20.56667075
