Time,RV,Uncertainty,Observatory_Site,Star_Name,Time_Convention,Reference,Instrument,Wavelength_Calibration_Technique,Source,Halpha_Index,Halpha_Index_Error,Full_Width_Half_Maximum,Bisetor,Signal_to_noise_ratio_in_order_55,Exposure_Time,Airmass,Barycentric_Earth_Radial_Velocity
2454367.806,2.601,0.929,"La Silla Observatory, Chile",HD13147,BJD,"Trifonov et al. (A&A 636, A74 (2020))",HARPS,ThAr,Trifonov,0.435518041,0.000760216,14.07979473,2.214052674,99.9,899.9966,,0.339520037
2454368.782,0.101,2.021,"La Silla Observatory, Chile",HD13147,BJD,"Trifonov et al. (A&A 636, A74 (2020))",HARPS,ThAr,Trifonov,0.43688611,0.001913858,16.69747699,2.953749913,41.4,899.9945,,0.093184784
2454369.668,-1.815,1.236,"La Silla Observatory, Chile",HD13147,BJD,"Trifonov et al. (A&A 636, A74 (2020))",HARPS,ThAr,Trifonov,0.435458711,0.000976579,6.672515963,0.025926174,77.7,900.0005,,0.015209552
2454369.723,0.804,1.235,"La Silla Observatory, Chile",HD13147,BJD,"Trifonov et al. (A&A 636, A74 (2020))",HARPS,ThAr,Trifonov,0.433258446,0.000993187,6.659568366,0.024146778,76.8,899.9975,,-0.083954429
2455787.906,-0.341,1.066,"La Silla Observatory, Chile",HD13147,BJD,"Trifonov et al. (A&A 636, A74 (2020))",HARPS,ThAr,Trifonov,0.430442176,0.000765082,7.135815626,-0.022464193,105.3,900.0001,,11.0728928
2455885.613,0.94,1.606,"La Silla Observatory, Chile",HD13147,BJD,"Trifonov et al. (A&A 636, A74 (2020))",HARPS,ThAr,Trifonov,0.436502561,0.001447367,7.140145991,-0.015916053,55.3,900.0054,,-14.07009957
2456183.823,0.448,0.762,"La Silla Observatory, Chile",HD13147,BJD,"Trifonov et al. (A&A 636, A74 (2020))",HARPS,ThAr,Trifonov,0.43148818,0.000653216,7.129757231,-0.019947573,121.0,900.0006,,3.329715495
2456561.816,-2.472,0.877,"La Silla Observatory, Chile",HD13147,BJD,"Trifonov et al. (A&A 636, A74 (2020))",HARPS,ThAr,Trifonov,0.431008437,0.000749645,7.143204151,-0.019116011,105.1,900.0005,,-0.386246968
