Time,RV,Uncertainty,Observatory_Site,Star_Name,Time_Convention,Reference,Instrument,Wavelength_Calibration_Technique,Source,Halpha_Index,Halpha_Index_Error,Full_Width_Half_Maximum,Bisetor,Signal_to_noise_ratio_in_order_55,Exposure_Time,Airmass,Barycentric_Earth_Radial_Velocity
2454595.834,-9513.329,2.783,"La Silla Observatory, Chile",HIP82323,BJD,"Trifonov et al. (A&A 636, A74 (2020))",HARPS,ThAr,Trifonov,5.533707537,0.006741071,15.10415006,0.861179681,44.9,1200.0,,11.98578479
2454975.656,-8158.577,1.876,"La Silla Observatory, Chile",HIP82323,BJD,"Trifonov et al. (A&A 636, A74 (2020))",HARPS,ThAr,Trifonov,5.527665266,0.004261306,15.04672809,-0.353252986,71.5,3600.0,,5.427378773
2454975.698,-8175.552,1.802,"La Silla Observatory, Chile",HIP82323,BJD,"Trifonov et al. (A&A 636, A74 (2020))",HARPS,ThAr,Trifonov,5.552468715,0.00402169,15.08471,-0.345163391,76.8,3600.0,,5.311291893
2454975.757,-8292.328,1.799,"La Silla Observatory, Chile",HIP82323,BJD,"Trifonov et al. (A&A 636, A74 (2020))",HARPS,ThAr,Trifonov,5.493561852,0.003985446,15.20536151,-0.2793764,77.3,3600.0,,5.136675467
2454975.8,-8357.294,1.836,"La Silla Observatory, Chile",HIP82323,BJD,"Trifonov et al. (A&A 636, A74 (2020))",HARPS,ThAr,Trifonov,5.430122583,0.004103868,15.19782184,-0.206061135,74.5,3600.0,,5.012397272
2454976.592,-9041.222,5.425,"La Silla Observatory, Chile",HIP82323,BJD,"Trifonov et al. (A&A 636, A74 (2020))",HARPS,ThAr,Trifonov,5.039431365,0.014821051,14.45681522,0.462850568,18.7,3600.0,,5.087466184
2454976.641,-9109.002,2.394,"La Silla Observatory, Chile",HIP82323,BJD,"Trifonov et al. (A&A 636, A74 (2020))",HARPS,ThAr,Trifonov,4.871307451,0.005392126,14.48337191,0.553252166,52.9,3600.0,,4.970545647
2454976.761,-9156.728,1.743,"La Silla Observatory, Chile",HIP82323,BJD,"Trifonov et al. (A&A 636, A74 (2020))",HARPS,ThAr,Trifonov,4.988073438,0.00363238,14.29860931,0.574634948,80.9,3600.0,,4.626136046
2454976.802,-9157.406,1.962,"La Silla Observatory, Chile",HIP82323,BJD,"Trifonov et al. (A&A 636, A74 (2020))",HARPS,ThAr,Trifonov,4.996277344,0.004316017,14.18194044,0.611702755,67.3,3600.0,,4.510570738
