Time,RV,Uncertainty,Observatory_Site,Star_Name,Time_Convention,Reference,Instrument,Wavelength_Calibration_Technique,Source,Halpha_Index,Halpha_Index_Error,Full_Width_Half_Maximum,Bisetor,Signal_to_noise_ratio_in_order_55,Exposure_Time,Airmass,Barycentric_Earth_Radial_Velocity
2453050.773,-3.095,1.628,"La Silla Observatory, Chile",HD93745,BJD,"Trifonov et al. (A&A 636, A74 (2020))",HARPS,ThAr,Trifonov,0.388712191,0.001293638,8.398523069,0.027805812,58.0,83.5962,,13.14583855
2453056.766,-1.053,1.285,"La Silla Observatory, Chile",HD93745,BJD,"Trifonov et al. (A&A 636, A74 (2020))",HARPS,ThAr,Trifonov,0.389091657,0.000896223,8.390151545,0.024186661,81.0,179.9967,,10.87121813
2453762.792,3.463,1.639,"La Silla Observatory, Chile",HD93745,BJD,"Trifonov et al. (A&A 636, A74 (2020))",HARPS,ThAr,Trifonov,0.390029844,0.001320705,8.392253206,0.020460215,57.4,85.7025,,19.1915908
2454199.635,1.003,2.249,"La Silla Observatory, Chile",HD93745,BJD,"Trifonov et al. (A&A 636, A74 (2020))",HARPS,ThAr,Trifonov,0.398869616,0.001851982,8.393963597,0.024200714,42.7,51.4001,,-8.450902618
2455588.743,9.154,13.052,"La Silla Observatory, Chile",HD93745,BJD,"Trifonov et al. (A&A 636, A74 (2020))",HARPS,ThAr,Trifonov,0.392603436,0.010214547,8.423686745,0.0150025,10.0,98.8502,,19.38115657
2455673.488,-0.188,1.321,"La Silla Observatory, Chile",HD93745,BJD,"Trifonov et al. (A&A 636, A74 (2020))",HARPS,ThAr,Trifonov,0.391115104,0.000969189,8.407680475,0.028260116,77.2,257.0003,,-12.94660905
2455673.554,-4.289,1.571,"La Silla Observatory, Chile",HD93745,BJD,"Trifonov et al. (A&A 636, A74 (2020))",HARPS,ThAr,Trifonov,0.391240544,0.001192765,8.40950437,0.016812332,64.1,345.0005,,-13.1060442
2455710.554,4.182,1.824,"La Silla Observatory, Chile",HD93745,BJD,"Trifonov et al. (A&A 636, A74 (2020))",HARPS,ThAr,Trifonov,0.393963625,0.001482018,8.407380402,0.037591667,53.8,900.0001,,-22.59607489
2457102.698,2.132,1.582,"La Silla Observatory, Chile",HD93745,BJD,"Trifonov et al. (A&A 636, A74 (2020))",HARPS,ThAr,Trifonov,0.390669846,0.001036875,8.423842284,0.029068801,73.5,120.001,,-0.737180842
