Time,RV,Uncertainty,Observatory_Name,Star_Name,Time_Convention,Reference,Instrument,Wavelength_Calibration_Technique,Source,Halpha_Index,Halpha_Index_Error,Full_Width_Half_Maximum,Bisetor,Signal_to_noise_ratio_in_order_55,Exposure_Time,Airmass,Barycentric_Earth_Radial_Velocity
2452987.789,4.567,1.487,La Silla Observatory,HIP37217,BJD,"Trifonov et al. (A&A 636, A74 (2020))",HARPS,ThAr,Trifonov,0.904586204,0.002995424,4.516355096,-0.185876738,26.2,899.996,,14.29279285
2452988.799,-0.91,1.418,La Silla Observatory,HIP37217,BJD,"Trifonov et al. (A&A 636, A74 (2020))",HARPS,ThAr,Trifonov,0.894370958,0.00280481,4.230043477,0.002365611,28.3,899.996,,13.95688182
2452998.786,-0.336,1.708,La Silla Observatory,HIP37217,BJD,"Trifonov et al. (A&A 636, A74 (2020))",HARPS,ThAr,Trifonov,0.884264271,0.003578336,4.283162801,-0.25865027,21.8,899.996,,10.65433472
2452999.862,-33.418,1.824,La Silla Observatory,HIP37217,BJD,"Trifonov et al. (A&A 636, A74 (2020))",HARPS,ThAr,Trifonov,0.879823716,0.004113254,4.314356667,-6.49512441,18.8,899.9958,,10.10790856
2453336.84,3.252,1.191,La Silla Observatory,HIP37217,BJD,"Trifonov et al. (A&A 636, A74 (2020))",HARPS,ThAr,Trifonov,0.906007615,0.002217984,3.007690309,-0.009490006,36.5,899.9774,,18.5068104
2454080.79,4.921,1.591,La Silla Observatory,HIP37217,BJD,"Trifonov et al. (A&A 636, A74 (2020))",HARPS,ThAr,Trifonov,0.907245885,0.003292666,3.009941714,-0.013021545,25.1,900.0017,,15.13122967
2454780.843,3.167,1.523,La Silla Observatory,HIP37217,BJD,"Trifonov et al. (A&A 636, A74 (2020))",HARPS,ThAr,Trifonov,0.943120502,0.003035313,3.010443302,0.003182633,28.0,900.0,,21.41354521
2455282.536,4.51,1.238,La Silla Observatory,HIP37217,BJD,"Trifonov et al. (A&A 636, A74 (2020))",HARPS,ThAr,Trifonov,0.937701163,0.002559135,3.010352383,-0.003336191,34.2,900.0002,,-19.93816859
