Time,RV,Uncertainty,Observatory_Name,Star_Name,Time_Convention,Reference,Instrument,Wavelength_Calibration_Technique,Source,Halpha_Index,Halpha_Index_Error,Full_Width_Half_Maximum,Bisetor,Signal_to_noise_ratio_in_order_55,Exposure_Time,Airmass,Barycentric_Earth_Radial_Velocity
2453830.81,1.905,1.379,La Silla Observatory,HD122474,BJD,"Trifonov et al. (A&A 636, A74 (2020))",HARPS,ThAr,Trifonov,0.434198285,0.001565024,6.936824182,-0.040864613,50.3,133.7022,,9.204377391
2453831.81,2.872,1.279,La Silla Observatory,HD122474,BJD,"Trifonov et al. (A&A 636, A74 (2020))",HARPS,ThAr,Trifonov,0.428379959,0.001580241,6.928203923,-0.032953427,49.8,133.7026,,8.709585304
2453889.659,-2.649,1.458,La Silla Observatory,HD122474,BJD,"Trifonov et al. (A&A 636, A74 (2020))",HARPS,ThAr,Trifonov,0.430353022,0.001429869,6.942613082,-0.031306134,53.0,300.0002,,-18.74038884
2455300.637,-0.922,2.145,La Silla Observatory,HD122474,BJD,"Trifonov et al. (A&A 636, A74 (2020))",HARPS,ThAr,Trifonov,0.43110805,0.002355311,6.9386801,-0.045453666,34.8,133.7072,,5.21262826
2455303.714,0.115,1.057,La Silla Observatory,HD122474,BJD,"Trifonov et al. (A&A 636, A74 (2020))",HARPS,ThAr,Trifonov,0.426632562,0.000975271,6.935938907,-0.034502269,80.7,900.0063,,3.449728377
2455313.684,-3.257,1.891,La Silla Observatory,HD122474,BJD,"Trifonov et al. (A&A 636, A74 (2020))",HARPS,ThAr,Trifonov,0.432910948,0.001913329,6.94282911,-0.018742233,41.4,267.4073,,-1.592702128
2455678.717,-2.732,2.334,La Silla Observatory,HD122474,BJD,"Trifonov et al. (A&A 636, A74 (2020))",HARPS,ThAr,Trifonov,0.431657762,0.00278697,6.936761157,-0.046976745,31.2,900.0001,,-1.551648645
