Time,RV,Uncertainty,Observatory_Name,Star_Name,Time_Convention,Reference,Instrument,Wavelength_Calibration_Technique,Source,Halpha_Index,Halpha_Index_Error,Full_Width_Half_Maximum,Bisetor,Signal_to_noise_ratio_in_order_55,Exposure_Time,Airmass,Barycentric_Earth_Radial_Velocity
2455046.859,-1289.847,4.452,La Silla Observatory,GJ4383,BJD,"Trifonov et al. (A&A 636, A74 (2020))",HARPS,ThAr,Trifonov,0.896897699,0.007115355,3.045800119,-0.010705327,11.5,300.0003,,22.63456168
2455053.842,-1337.364,2.204,La Silla Observatory,GJ4383,BJD,"Trifonov et al. (A&A 636, A74 (2020))",HARPS,ThAr,Trifonov,0.921612497,0.0042605,3.048566311,-0.005510434,20.0,899.9996,,20.35224042
2455054.856,-1340.051,1.166,La Silla Observatory,GJ4383,BJD,"Trifonov et al. (A&A 636, A74 (2020))",HARPS,ThAr,Trifonov,0.918306359,0.002676665,3.048884896,-0.005879442,31.9,899.9994,,19.95632923
2455056.837,-1328.937,5.881,La Silla Observatory,GJ4383,BJD,"Trifonov et al. (A&A 636, A74 (2020))",HARPS,ThAr,Trifonov,0.941993063,0.009483687,3.046975163,-0.012187587,8.6,900.0004,,19.27776421
2455056.899,-1236.901,4.508,La Silla Observatory,GJ4383,BJD,"Trifonov et al. (A&A 636, A74 (2020))",HARPS,ThAr,Trifonov,0.954556931,0.007552434,3.052506034,0.002323981,11.0,900.0,,19.1107114
2455124.618,-954.254,1.177,La Silla Observatory,GJ4383,BJD,"Trifonov et al. (A&A 636, A74 (2020))",HARPS,ThAr,Trifonov,1.115458339,0.002512647,3.041156942,-0.012007036,37.6,899.9997,,-12.49793082
2455537.556,1156.93,1.217,La Silla Observatory,GJ4383,BJD,"Trifonov et al. (A&A 636, A74 (2020))",HARPS,ThAr,Trifonov,0.930639148,0.002728434,3.040729157,-0.010627507,30.7,899.9992,,-28.75775576
2455541.55,1215.227,1.133,La Silla Observatory,GJ4383,BJD,"Trifonov et al. (A&A 636, A74 (2020))",HARPS,ThAr,Trifonov,0.894945003,0.002421112,3.034009001,-0.002453732,34.0,899.9996,,-29.34446256
2455550.522,1251.851,1.801,La Silla Observatory,GJ4383,BJD,"Trifonov et al. (A&A 636, A74 (2020))",HARPS,ThAr,Trifonov,0.867732304,0.003537013,3.040528099,0.000665853,22.1,900.0061,,-30.09017054
