Time,RV,Uncertainty,Observatory_Site,Star_Name,Time_Convention,Reference,Instrument,Wavelength_Calibration_Technique,Source,Halpha_Index,Halpha_Index_Error,Full_Width_Half_Maximum,Bisetor,Signal_to_noise_ratio_in_order_55,Exposure_Time,Airmass,Barycentric_Earth_Radial_Velocity
2454370.581,-16113.454,1.125,"La Silla Observatory, Chile",HD173540,BJD,"Trifonov et al. (A&A 636, A74 (2020))",HARPS,ThAr,Trifonov,0.410698191,0.000304061,11.89819712,-0.060058184,233.5,120.0002,,-28.43691964
2454622.773,-16083.397,1.119,"La Silla Observatory, Chile",HD173540,BJD,"Trifonov et al. (A&A 636, A74 (2020))",HARPS,ThAr,Trifonov,0.421451082,0.000295148,12.07914283,-0.023363258,246.7,120.0,,11.90275559
2454684.58,-16154.467,1.413,"La Silla Observatory, Chile",HD173540,BJD,"Trifonov et al. (A&A 636, A74 (2020))",HARPS,ThAr,Trifonov,0.415461881,0.000655927,11.97766384,-0.040187151,110.8,45.0,,-15.96789241
2454685.564,-16142.872,1.301,"La Silla Observatory, Chile",HD173540,BJD,"Trifonov et al. (A&A 636, A74 (2020))",HARPS,ThAr,Trifonov,0.421199524,0.000524857,11.97196965,-0.047381268,138.5,45.0,,-16.32550326
2454685.59,-16153.171,1.432,"La Silla Observatory, Chile",HD173540,BJD,"Trifonov et al. (A&A 636, A74 (2020))",HARPS,ThAr,Trifonov,0.415788709,0.000668915,11.97036007,-0.035410604,109.3,45.0,,-16.38517718
2454685.635,-16166.566,1.294,"La Silla Observatory, Chile",HD173540,BJD,"Trifonov et al. (A&A 636, A74 (2020))",HARPS,ThAr,Trifonov,0.421020765,0.000518275,11.95676073,-0.018770183,141.1,45.0,,-16.48988925
2454891.91,-16137.683,1.39,"La Silla Observatory, Chile",HD173540,BJD,"Trifonov et al. (A&A 636, A74 (2020))",HARPS,ThAr,Trifonov,0.415046192,0.000635194,11.89751918,-0.045603843,114.4,45.0,,25.21242782
