Time,RV,Uncertainty,Observatory_Site,Star_Name,Time_Convention,Reference,Instrument,Wavelength_Calibration_Technique,Source,Halpha_Index,Halpha_Index_Error,Full_Width_Half_Maximum,Bisetor,Signal_to_noise_ratio_in_order_55,Exposure_Time,Airmass,Barycentric_Earth_Radial_Velocity
2452943.58,-2.597,1.48,"La Silla Observatory, Chile",HD207699,BJD,"Trifonov et al. (A&A 636, A74 (2020))",HARPS,ThAr,Trifonov,0.555700601,0.001971578,6.115305049,0.024450819,40.8,213.0958,,-25.98662182
2453974.66,3.276,1.506,"La Silla Observatory, Chile",HD207699,BJD,"Trifonov et al. (A&A 636, A74 (2020))",HARPS,ThAr,Trifonov,0.558105878,0.001936605,6.077146559,0.016883525,43.2,269.601,,-8.954052107
2454257.934,3.448,1.898,"La Silla Observatory, Chile",HD207699,BJD,"Trifonov et al. (A&A 636, A74 (2020))",HARPS,ThAr,Trifonov,0.562938689,0.0026194,6.057387326,0.012217814,33.8,239.9978,,21.7371894
2454258.925,0.142,1.524,"La Silla Observatory, Chile",HD207699,BJD,"Trifonov et al. (A&A 636, A74 (2020))",HARPS,ThAr,Trifonov,0.56074313,0.002079241,6.077145068,-0.003075474,41.1,239.9995,,21.52456428
2456229.502,0.587,0.767,"La Silla Observatory, Chile",HD207699,BJD,"Trifonov et al. (A&A 636, A74 (2020))",HARPS,ThAr,Trifonov,0.55776916,0.001129269,6.082711345,0.015264073,75.9,899.9992,,-25.74113738
2456460.901,-5.647,1.31,"La Silla Observatory, Chile",HD207699,BJD,"Trifonov et al. (A&A 636, A74 (2020))",HARPS,ThAr,Trifonov,0.556624416,0.001781865,6.090952872,0.010593844,49.8,247.75,,18.79955979
2456468.9,0.817,1.054,"La Silla Observatory, Chile",HD207699,BJD,"Trifonov et al. (A&A 636, A74 (2020))",HARPS,ThAr,Trifonov,0.561420952,0.001416899,6.107426101,0.019221103,63.9,500.0004,,16.29116146
2456517.698,0.366,1.147,"La Silla Observatory, Chile",HD207699,BJD,"Trifonov et al. (A&A 636, A74 (2020))",HARPS,ThAr,Trifonov,0.557038291,0.001319389,6.111642484,0.013368363,64.4,1603.2104,,-3.146531818
