Time,RV,Uncertainty,Observatory_Site,Star_Name,Time_Convention,Reference,Instrument,Wavelength_Calibration_Technique,Source,Halpha_Index,Halpha_Index_Error,Full_Width_Half_Maximum,Bisetor,Signal_to_noise_ratio_in_order_55,Exposure_Time,Airmass,Barycentric_Earth_Radial_Velocity
2453049.874,0.868,1.616,"La Silla Observatory, Chile",HD138914,BJD,"Trifonov et al. (A&A 636, A74 (2020))",HARPS,ThAr,Trifonov,0.543412352,0.002226977,6.255014074,0.014402502,37.5,899.9966,,18.31011029
2453052.863,5.01,2.294,"La Silla Observatory, Chile",HD138914,BJD,"Trifonov et al. (A&A 636, A74 (2020))",HARPS,ThAr,Trifonov,0.548471195,0.003534143,6.282742224,0.00654439,24.8,336.1957,,18.61516217
2453410.867,-2.958,1.247,"La Silla Observatory, Chile",HD138914,BJD,"Trifonov et al. (A&A 636, A74 (2020))",HARPS,ThAr,Trifonov,0.54086859,0.001450027,6.272128203,0.017451471,55.1,476.7008,,17.82264957
2453412.842,3.889,1.509,"La Silla Observatory, Chile",HD138914,BJD,"Trifonov et al. (A&A 636, A74 (2020))",HARPS,ThAr,Trifonov,0.538019775,0.002013639,6.269537972,0.01957553,40.6,563.8006,,18.08498375
2453489.817,0.798,1.523,"La Silla Observatory, Chile",HD138914,BJD,"Trifonov et al. (A&A 636, A74 (2020))",HARPS,ThAr,Trifonov,0.548169849,0.00189725,6.276750412,0.027665041,42.9,563.7833,,10.94899133
2453506.78,-4.097,3.298,"La Silla Observatory, Chile",HD138914,BJD,"Trifonov et al. (A&A 636, A74 (2020))",HARPS,ThAr,Trifonov,0.538077878,0.004154327,6.249059887,0.012954434,20.4,281.8999,,6.045542382
2453511.763,-4.295,1.467,"La Silla Observatory, Chile",HD138914,BJD,"Trifonov et al. (A&A 636, A74 (2020))",HARPS,ThAr,Trifonov,0.544611063,0.001867148,6.301230429,0.03003603,43.5,281.9005,,4.510047821
2454985.775,2.706,1.699,"La Silla Observatory, Chile",HD138914,BJD,"Trifonov et al. (A&A 636, A74 (2020))",HARPS,ThAr,Trifonov,0.539969705,0.002222736,6.27467179,0.023044879,38.4,280.4,,0.375934279
