Time,RV,Uncertainty,Observatory_Site,Star_Name,Time_Convention,Reference,Instrument,Wavelength_Calibration_Technique,Source,Halpha_Index,Halpha_Index_Error,Full_Width_Half_Maximum,Bisetor,Signal_to_noise_ratio_in_order_55,Exposure_Time,Airmass,Barycentric_Earth_Radial_Velocity
2453158.886,-13781.36,9.058,"La Silla Observatory, Chile",GJ1232,BJD,"Trifonov et al. (A&A 636, A74 (2020))",HARPS,ThAr,Trifonov,1.128471025,0.009230608,2.915110933,0.004597851,6.3,899.9953,,14.36603031
2453217.676,-13774.036,6.704,"La Silla Observatory, Chile",GJ1232,BJD,"Trifonov et al. (A&A 636, A74 (2020))",HARPS,ThAr,Trifonov,0.983708681,0.007341321,2.924775709,-0.011730657,8.5,899.9944,,-6.602592027
2453951.643,-13790.955,6.972,"La Silla Observatory, Chile",GJ1232,BJD,"Trifonov et al. (A&A 636, A74 (2020))",HARPS,ThAr,Trifonov,1.027584538,0.010076299,2.94436078,-0.001459869,6.6,900.0008,,-7.811011922
2453975.577,-13767.498,5.65,"La Silla Observatory, Chile",GJ1232,BJD,"Trifonov et al. (A&A 636, A74 (2020))",HARPS,ThAr,Trifonov,1.031117002,0.006734273,2.945716279,-0.008944212,10.6,900.0015,,-15.62337944
2455336.863,-13781.233,5.406,"La Silla Observatory, Chile",GJ1232,BJD,"Trifonov et al. (A&A 636, A74 (2020))",HARPS,ThAr,Trifonov,1.084426934,0.006541606,2.928254305,0.002299825,11.7,900.0063,,18.1078788
2455342.82,-13770.178,6.346,"La Silla Observatory, Chile",GJ1232,BJD,"Trifonov et al. (A&A 636, A74 (2020))",HARPS,ThAr,Trifonov,1.005610557,0.008267793,2.926510588,-0.004529739,8.6,900.0067,,16.69405502
2455375.733,-13776.791,7.908,"La Silla Observatory, Chile",GJ1232,BJD,"Trifonov et al. (A&A 636, A74 (2020))",HARPS,ThAr,Trifonov,0.982604976,0.013172458,2.939549548,0.013644952,4.9,900.0005,,6.088333808
2455783.638,-13787.113,6.903,"La Silla Observatory, Chile",GJ1232,BJD,"Trifonov et al. (A&A 636, A74 (2020))",HARPS,ThAr,Trifonov,0.997257798,0.009393475,2.926955373,-0.034363985,7.5,900.0004,,-9.841512095
2455815.567,-13776.176,6.927,"La Silla Observatory, Chile",GJ1232,BJD,"Trifonov et al. (A&A 636, A74 (2020))",HARPS,ThAr,Trifonov,1.019074893,0.009357153,2.92649098,0.015921746,7.3,899.9999,,-19.10898877
