Time,RV,Uncertainty,Observatory_Site,Star_Name,Time_Convention,Reference,Instrument,Wavelength_Calibration_Technique,Source,Halpha_Index,Halpha_Index_Error,Full_Width_Half_Maximum,Bisetor,Signal_to_noise_ratio_in_order_55,Exposure_Time,Airmass,Barycentric_Earth_Radial_Velocity
2453511.917,12780.711,1.855,"La Silla Observatory, Chile",HD196384,BJD,"Trifonov et al. (A&A 636, A74 (2020))",HARPS,ThAr,Trifonov,0.38357445,0.00131797,8.840418108,0.063497344,58.0,58.1005,,26.81658813
2453517.871,12771.212,2.812,"La Silla Observatory, Chile",HD196384,BJD,"Trifonov et al. (A&A 636, A74 (2020))",HARPS,ThAr,Trifonov,0.391235776,0.00201805,8.880620437,0.090988929,38.6,51.8004,,25.54137661
2453520.894,12770.649,2.705,"La Silla Observatory, Chile",HD196384,BJD,"Trifonov et al. (A&A 636, A74 (2020))",HARPS,ThAr,Trifonov,0.389150275,0.001901099,8.829716883,0.069620787,40.9,51.7958,,24.69170498
2454985.914,12787.997,2.545,"La Silla Observatory, Chile",HD196384,BJD,"Trifonov et al. (A&A 636, A74 (2020))",HARPS,ThAr,Trifonov,0.388958725,0.001990278,8.849816036,0.086105178,41.9,40.7,,23.47993335
2455313.909,12781.646,2.603,"La Silla Observatory, Chile",HD196384,BJD,"Trifonov et al. (A&A 636, A74 (2020))",HARPS,ThAr,Trifonov,0.391546213,0.001916443,8.880579352,0.069231645,42.6,81.0081,,29.64201922
2455710.814,12775.305,0.971,"La Silla Observatory, Chile",HD196384,BJD,"Trifonov et al. (A&A 636, A74 (2020))",HARPS,ThAr,Trifonov,0.385758139,0.000448145,8.855676349,0.06750388,173.0,900.0004,,25.34178453
2455822.569,12783.578,2.577,"La Silla Observatory, Chile",HD196384,BJD,"Trifonov et al. (A&A 636, A74 (2020))",HARPS,ThAr,Trifonov,0.380425486,0.002026095,8.880484477,0.067988014,40.5,150.0062,,-22.46199165
2456197.603,12772.201,2.394,"La Silla Observatory, Chile",HD196384,BJD,"Trifonov et al. (A&A 636, A74 (2020))",HARPS,ThAr,Trifonov,0.389483428,0.001756564,8.884755554,0.094741933,46.4,97.3863,,-25.56889157
