Time,RV,Uncertainty,Observatory_Site,Star_Name,Time_Convention,Reference,Instrument,Wavelength_Calibration_Technique,Source,Halpha_Index,Halpha_Index_Error,Full_Width_Half_Maximum,Bisetor,Signal_to_noise_ratio_in_order_55,Exposure_Time,Airmass,Barycentric_Earth_Radial_Velocity
2457132.604,0.065,0.894,"La Silla Observatory, Chile",HD142921,BJD,"Trifonov et al. (A&A 636, A74 (2020))",HARPS,ThAr,Trifonov,0.40430099,0.000542564,7.136651197,0.001862402,138.5,1102.0,,15.82641087
2457132.617,-0.601,0.9,"La Silla Observatory, Chile",HD142921,BJD,"Trifonov et al. (A&A 636, A74 (2020))",HARPS,ThAr,Trifonov,0.404513216,0.000544898,7.137607097,0.000662381,137.5,1101.9997,,15.8157951
2457132.63,0.358,0.883,"La Silla Observatory, Chile",HD142921,BJD,"Trifonov et al. (A&A 636, A74 (2020))",HARPS,ThAr,Trifonov,0.404260501,0.00052841,7.132045787,0.001182397,142.0,1101.9996,,15.80374993
2457133.675,-0.487,0.998,"La Silla Observatory, Chile",HD142921,BJD,"Trifonov et al. (A&A 636, A74 (2020))",HARPS,ThAr,Trifonov,0.407575522,0.000619765,7.136363176,-0.001170139,122.1,1102.0001,,15.4600417
2457133.688,-0.025,0.944,"La Silla Observatory, Chile",HD142921,BJD,"Trifonov et al. (A&A 636, A74 (2020))",HARPS,ThAr,Trifonov,0.407662913,0.000565414,7.138970437,0.003273363,133.8,1102.0007,,15.44401772
2457133.766,-0.037,0.907,"La Silla Observatory, Chile",HD142921,BJD,"Trifonov et al. (A&A 636, A74 (2020))",HARPS,ThAr,Trifonov,0.407279537,0.000530993,7.139532176,0.000979917,143.1,1101.9998,,15.33268824
2457133.779,0.482,0.907,"La Silla Observatory, Chile",HD142921,BJD,"Trifonov et al. (A&A 636, A74 (2020))",HARPS,ThAr,Trifonov,0.407898329,0.000532265,7.136608348,-0.001141857,143.2,1101.9995,,15.31294701
2457134.716,0.106,0.77,"La Silla Observatory, Chile",HD142921,BJD,"Trifonov et al. (A&A 636, A74 (2020))",HARPS,ThAr,Trifonov,0.407642649,0.000476923,7.134538152,0.002160663,158.3,1199.9997,,15.10556633
