Time,RV,Uncertainty,Observatory_Name,Star_Name,Time_Convention,Reference,Instrument,Wavelength_Calibration_Technique,Source,Halpha_Index,Halpha_Index_Error,Full_Width_Half_Maximum,Bisetor,Signal_to_noise_ratio_in_order_55,Exposure_Time,Airmass,Barycentric_Earth_Radial_Velocity
2452987.779,-0.535,0.956,La Silla Observatory,GJ1094,BJD,"Trifonov et al. (A&A 636, A74 (2020))",HARPS,ThAr,Trifonov,0.589319883,0.00060629,6.152845481,0.018026505,136.8,794.6959,,11.46488492
2453031.624,0.919,0.69,La Silla Observatory,GJ1094,BJD,"Trifonov et al. (A&A 636, A74 (2020))",HARPS,ThAr,Trifonov,0.589855677,0.000585348,6.153280069,0.021025797,140.8,900.0004,,-8.162511147
2453048.556,-0.049,0.973,La Silla Observatory,GJ1094,BJD,"Trifonov et al. (A&A 636, A74 (2020))",HARPS,ThAr,Trifonov,0.588233278,0.000624198,6.151409144,0.019431304,131.7,899.997,,-14.99522459
2453056.634,0.368,0.948,La Silla Observatory,GJ1094,BJD,"Trifonov et al. (A&A 636, A74 (2020))",HARPS,ThAr,Trifonov,0.584654058,0.000593914,6.154099368,0.020215369,141.3,899.9965,,-18.10473446
2454050.808,-0.468,0.607,La Silla Observatory,GJ1094,BJD,"Trifonov et al. (A&A 636, A74 (2020))",HARPS,ThAr,Trifonov,0.59925905,0.000490395,6.153979695,0.016835806,178.6,900.0006,,22.4993604
2454052.797,0.341,0.577,La Silla Observatory,GJ1094,BJD,"Trifonov et al. (A&A 636, A74 (2020))",HARPS,ThAr,Trifonov,0.590095117,0.000428715,6.163543086,0.0177155,199.1,900.0008,,22.03938985
2454054.856,-1.225,0.916,La Silla Observatory,GJ1094,BJD,"Trifonov et al. (A&A 636, A74 (2020))",HARPS,ThAr,Trifonov,0.598504858,0.000425823,6.169684313,0.018237853,200.4,899.9974,,21.35927744
