Time,RV,Uncertainty,Observatory_Site,Star_Name,Time_Convention,Reference,Instrument,Wavelength_Calibration_Technique,Source,Halpha_Index,Halpha_Index_Error,Full_Width_Half_Maximum,Bisetor,Signal_to_noise_ratio_in_order_55,Exposure_Time,Airmass,Barycentric_Earth_Radial_Velocity
2454044.645,14950.1,1.27,"La Silla Observatory, Chile",HD6192,BJD,"Trifonov et al. (A&A 636, A74 (2020))",HARPS,ThAr,Trifonov,0.424070028,0.000899807,8.040367563,0.037841566,79.5,119.9998,,-15.21393789
2454370.668,14950.722,1.092,"La Silla Observatory, Chile",HD6192,BJD,"Trifonov et al. (A&A 636, A74 (2020))",HARPS,ThAr,Trifonov,0.425650915,0.000490064,8.033620104,0.033125693,145.8,119.999,,-7.067730832
2454371.651,14955.741,1.117,"La Silla Observatory, Chile",HD6192,BJD,"Trifonov et al. (A&A 636, A74 (2020))",HARPS,ThAr,Trifonov,0.425772541,0.000557714,8.043493891,0.036412783,128.0,119.9998,,-7.304146519
2454622.862,14943.421,1.103,"La Silla Observatory, Chile",HD6192,BJD,"Trifonov et al. (A&A 636, A74 (2020))",HARPS,ThAr,Trifonov,0.427221182,0.000525231,8.046268411,0.031365304,137.8,120.0,,16.61236926
2454684.732,14954.275,1.212,"La Silla Observatory, Chile",HD6192,BJD,"Trifonov et al. (A&A 636, A74 (2020))",HARPS,ThAr,Trifonov,0.425809605,0.000786605,8.038241104,0.036133114,91.7,45.0,,7.033604208
2454785.625,14951.977,1.602,"La Silla Observatory, Chile",HD6192,BJD,"Trifonov et al. (A&A 636, A74 (2020))",HARPS,ThAr,Trifonov,0.427629352,0.001394273,8.030455352,0.035207042,53.0,45.0,,-16.34421866
2454787.578,14942.636,1.471,"La Silla Observatory, Chile",HD6192,BJD,"Trifonov et al. (A&A 636, A74 (2020))",HARPS,ThAr,Trifonov,0.424700154,0.00118283,8.024511114,0.040019778,62.4,45.0,,-16.43882396
2454788.582,14945.881,1.161,"La Silla Observatory, Chile",HD6192,BJD,"Trifonov et al. (A&A 636, A74 (2020))",HARPS,ThAr,Trifonov,0.423880174,0.000686623,8.026529443,0.038190202,106.2,45.0,,-16.51897083
