Time,RV,Uncertainty,Observatory_Site,Star_Name,Time_Convention,Reference,Instrument,Wavelength_Calibration_Technique,Source,Halpha_Index,Halpha_Index_Error,Full_Width_Half_Maximum,Bisetor,Signal_to_noise_ratio_in_order_55,Exposure_Time,Airmass,Barycentric_Earth_Radial_Velocity
2453063.751,11888.022,1.88,"La Silla Observatory, Chile",HD101367,BJD,"Trifonov et al. (A&A 636, A74 (2020))",HARPS,ThAr,Trifonov,0.444245333,0.001787949,6.597591579,0.012168644,43.6,417.1964,,9.828453325
2453401.847,11883.653,2.357,"La Silla Observatory, Chile",HD101367,BJD,"Trifonov et al. (A&A 636, A74 (2020))",HARPS,ThAr,Trifonov,0.447914501,0.002081215,6.589829267,0.00770219,37.7,600.0018,,21.67327188
2454170.716,11879.632,1.332,"La Silla Observatory, Chile",HD101367,BJD,"Trifonov et al. (A&A 636, A74 (2020))",HARPS,ThAr,Trifonov,0.451197889,0.001316096,6.588265241,0.00892848,59.7,118.5953,,4.239155958
2455294.66,11878.024,2.232,"La Silla Observatory, Chile",HD101367,BJD,"Trifonov et al. (A&A 636, A74 (2020))",HARPS,ThAr,Trifonov,0.445725467,0.002238132,6.601606751,0.013509187,37.8,118.6006,,-10.00545892
2455303.61,11882.472,2.204,"La Silla Observatory, Chile",HD101367,BJD,"Trifonov et al. (A&A 636, A74 (2020))",HARPS,ThAr,Trifonov,0.446569362,0.002120799,6.604083959,0.007894246,39.1,900.0058,,-14.06570414
2455309.598,11881.326,1.01,"La Silla Observatory, Chile",HD101367,BJD,"Trifonov et al. (A&A 636, A74 (2020))",HARPS,ThAr,Trifonov,0.447498834,0.00099416,6.599545115,0.009810312,78.9,200.006,,-16.62209791
2455672.616,11891.233,1.498,"La Silla Observatory, Chile",HD101367,BJD,"Trifonov et al. (A&A 636, A74 (2020))",HARPS,ThAr,Trifonov,0.448337619,0.001482896,6.604648355,0.021582132,54.6,118.6005,,-15.70835751
2455729.475,11886.37,2.911,"La Silla Observatory, Chile",HD101367,BJD,"Trifonov et al. (A&A 636, A74 (2020))",HARPS,ThAr,Trifonov,0.455435436,0.002694556,6.617560148,0.014042866,31.3,120.0002,,-29.15414946
2456731.646,11884.331,3.201,"La Silla Observatory, Chile",HD101367,BJD,"Trifonov et al. (A&A 636, A74 (2020))",HARPS,ThAr,Trifonov,0.45630997,0.002977299,6.632169577,0.00522631,29.1,180.0002,,2.227753075
