Time,RV,Uncertainty,Observatory_Site,Star_Name,Time_Convention,Reference,Instrument,Wavelength_Calibration_Technique,Source,Halpha_Index,Halpha_Index_Error,Full_Width_Half_Maximum,Bisetor,Signal_to_noise_ratio_in_order_55,Exposure_Time,Airmass,Barycentric_Earth_Radial_Velocity
2453204.572,-18907.427,1.249,"La Silla Observatory, Chile",GJ583,BJD,"Trifonov et al. (A&A 636, A74 (2020))",HARPS,ThAr,Trifonov,0.713503623,0.001041241,6.429555107,0.061827566,84.9,899.9949,,-26.32219715
2453833.803,-18904.346,1.467,"La Silla Observatory, Chile",GJ583,BJD,"Trifonov et al. (A&A 636, A74 (2020))",HARPS,ThAr,Trifonov,0.704571518,0.001396185,6.427031663,0.055812756,63.8,266.7019,,15.36102844
2454930.738,-18903.579,1.623,"La Silla Observatory, Chile",GJ583,BJD,"Trifonov et al. (A&A 636, A74 (2020))",HARPS,ThAr,Trifonov,0.71668021,0.001577178,6.437875119,0.048822366,57.8,266.7,,15.03320088
2455682.666,-18896.525,1.631,"La Silla Observatory, Chile",GJ583,BJD,"Trifonov et al. (A&A 636, A74 (2020))",HARPS,ThAr,Trifonov,0.722575386,0.001593271,6.468766276,0.049997466,57.5,265.3002,,5.159211958
2455683.63,-18905.489,1.257,"La Silla Observatory, Chile",GJ583,BJD,"Trifonov et al. (A&A 636, A74 (2020))",HARPS,ThAr,Trifonov,0.719837085,0.001468481,6.463579585,0.056011979,61.6,263.3002,,4.75994544
2456094.691,-18907.669,1.474,"La Silla Observatory, Chile",GJ583,BJD,"Trifonov et al. (A&A 636, A74 (2020))",HARPS,ThAr,Trifonov,0.715719464,0.001422224,6.441118797,0.04268119,64.8,533.4944,,-16.80450553
2456903.499,-18902.864,2.469,"La Silla Observatory, Chile",GJ583,BJD,"Trifonov et al. (A&A 636, A74 (2020))",HARPS,ThAr,Trifonov,0.708037714,0.002482487,6.455410332,0.040805831,36.6,480.0012,,-26.96890402
