Time,RV,Uncertainty,Observatory_Site,Star_Name,Time_Convention,Reference,Instrument,Wavelength_Calibration_Technique,Source,Halpha_Index,Halpha_Index_Error,Full_Width_Half_Maximum,Bisetor,Signal_to_noise_ratio_in_order_55,Exposure_Time,Airmass,Barycentric_Earth_Radial_Velocity
2453944.822,-5326.879,1.511,"La Silla Observatory, Chile",HD220456,BJD,"Trifonov et al. (A&A 636, A74 (2020))",HARPS,ThAr,Trifonov,0.413457168,0.001128765,7.580830248,0.00119952,67.0,239.9996,,13.6980706
2453950.866,-5314.079,1.601,"La Silla Observatory, Chile",HD220456,BJD,"Trifonov et al. (A&A 636, A74 (2020))",HARPS,ThAr,Trifonov,0.41775515,0.001251009,7.606940867,-0.00530899,61.6,147.2013,,11.24690554
2453974.729,-5323.911,2.333,"La Silla Observatory, Chile",HD220456,BJD,"Trifonov et al. (A&A 636, A74 (2020))",HARPS,ThAr,Trifonov,0.41913977,0.001884756,7.591917165,0.008133015,41.2,144.4027,,1.275572227
2453979.801,-5324.193,2.391,"La Silla Observatory, Chile",HD220456,BJD,"Trifonov et al. (A&A 636, A74 (2020))",HARPS,ThAr,Trifonov,0.416483453,0.001971502,7.601260147,0.003606445,39.5,113.3014,,-1.157376697
2454081.546,-5320.683,1.403,"La Silla Observatory, Chile",HD220456,BJD,"Trifonov et al. (A&A 636, A74 (2020))",HARPS,ThAr,Trifonov,0.412492069,0.001011008,7.581381738,-0.003475638,75.6,226.5012,,-26.29185203
2457938.931,-5339.74,2.589,"La Silla Observatory, Chile",HD220456,BJD,"Trifonov et al. (A&A 636, A74 (2020))",HARPS,ThAr,Trifonov,0.431237888,0.00228732,7.622055921,-0.018325411,38.6,899.9982,,21.09256957
2458024.648,-5341.284,2.099,"La Silla Observatory, Chile",HD220456,BJD,"Trifonov et al. (A&A 636, A74 (2020))",HARPS,ThAr,Trifonov,0.415382517,0.001768962,7.606245616,0.001003218,47.8,299.9982,,-12.61882962
2458070.689,-5345.099,2.674,"La Silla Observatory, Chile",HD220456,BJD,"Trifonov et al. (A&A 636, A74 (2020))",HARPS,ThAr,Trifonov,0.411393208,0.002108974,7.598219958,0.001384223,38.6,119.9982,,-25.9263411
