Time,RV,Uncertainty,Observatory_Site,Star_Name,Time_Convention,Reference,Instrument,Wavelength_Calibration_Technique,Source,Halpha_Index,Halpha_Index_Error,Full_Width_Half_Maximum,Bisetor,Signal_to_noise_ratio_in_order_55,Exposure_Time,Airmass,Barycentric_Earth_Radial_Velocity
2457300.513,-20.109,2.081,"La Silla Observatory, Chile",HD173427,BJD,"Trifonov et al. (A&A 636, A74 (2020))",HARPS,ThAr,Trifonov,0.503009587,0.000721325,16.44496592,-1.508366797,123.3,699.9983,,-29.83745458
2457301.559,110.438,4.587,"La Silla Observatory, Chile",HD173427,BJD,"Trifonov et al. (A&A 636, A74 (2020))",HARPS,ThAr,Trifonov,0.512253332,0.001521707,15.47940256,-1.483749755,59.2,699.9983,,-29.91724368
2457303.549,118.757,3.381,"La Silla Observatory, Chile",HD173427,BJD,"Trifonov et al. (A&A 636, A74 (2020))",HARPS,ThAr,Trifonov,0.50552288,0.001121242,15.39090083,-1.24746946,78.7,699.9983,,-29.86202525
2457306.534,87.659,2.928,"La Silla Observatory, Chile",HD173427,BJD,"Trifonov et al. (A&A 636, A74 (2020))",HARPS,ThAr,Trifonov,0.50068988,0.000967011,16.69475393,-1.488808116,89.9,699.9983,,-29.71035334
2457307.495,-100.133,1.308,"La Silla Observatory, Chile",HD173427,BJD,"Trifonov et al. (A&A 636, A74 (2020))",HARPS,ThAr,Trifonov,0.50126397,0.000476019,19.59032855,-1.979635956,188.7,699.9983,,-29.57910614
2457311.516,60.591,2.033,"La Silla Observatory, Chile",HD173427,BJD,"Trifonov et al. (A&A 636, A74 (2020))",HARPS,ThAr,Trifonov,0.497347054,0.00072744,16.05230149,-1.286343347,121.1,699.9983,,-29.2848692
2457312.503,110.831,2.214,"La Silla Observatory, Chile",HD173427,BJD,"Trifonov et al. (A&A 636, A74 (2020))",HARPS,ThAr,Trifonov,0.501690455,0.000768119,17.14694213,-1.585458575,114.4,699.9983,,-29.15625031
