Time,RV,Uncertainty,Observatory_Site,Star_Name,Time_Convention,Reference,Instrument,Wavelength_Calibration_Technique,Source,Halpha_Index,Halpha_Index_Error,Full_Width_Half_Maximum,Bisetor,Signal_to_noise_ratio_in_order_55,Exposure_Time,Airmass,Barycentric_Earth_Radial_Velocity
2453017.722,60195.79,1.594,"La Silla Observatory, Chile",HD65982,BJD,"Trifonov et al. (A&A 636, A74 (2020))",HARPS,ThAr,Trifonov,0.403104413,0.001207173,7.418413805,0.007261711,61.8,120.0016,,6.69292031
2453034.734,60193.287,1.628,"La Silla Observatory, Chile",HD65982,BJD,"Trifonov et al. (A&A 636, A74 (2020))",HARPS,ThAr,Trifonov,0.402686906,0.001246919,7.411239012,0.000442534,59.4,149.9998,,2.55371503
2453054.632,60198.129,2.187,"La Silla Observatory, Chile",HD65982,BJD,"Trifonov et al. (A&A 636, A74 (2020))",HARPS,ThAr,Trifonov,0.403004843,0.001728231,7.4118924,0.005104661,43.7,119.9959,,-2.30200346
2453374.775,60197.134,1.429,"La Silla Observatory, Chile",HD65982,BJD,"Trifonov et al. (A&A 636, A74 (2020))",HARPS,ThAr,Trifonov,0.402732424,0.000953332,7.425978257,0.000577629,75.1,268.3824,,8.391098295
2453830.613,60195.153,1.633,"La Silla Observatory, Chile",HD65982,BJD,"Trifonov et al. (A&A 636, A74 (2020))",HARPS,ThAr,Trifonov,0.407284064,0.001264268,7.420136065,-0.000517839,57.9,90.0029,,-11.66886146
2453836.568,60192.685,1.628,"La Silla Observatory, Chile",HD65982,BJD,"Trifonov et al. (A&A 636, A74 (2020))",HARPS,ThAr,Trifonov,0.401372247,0.001414645,7.433428805,0.015346564,52.9,90.0007,,-12.38240585
2455532.749,60191.431,1.75,"La Silla Observatory, Chile",HD65982,BJD,"Trifonov et al. (A&A 636, A74 (2020))",HARPS,ThAr,Trifonov,0.399556018,0.001319748,7.443418486,0.002890384,58.1,125.2985,,13.5935927
