Time,RV,Uncertainty,Observatory_Name,Star_Name,Time_Convention,Reference,Instrument,Wavelength_Calibration_Technique,Source,Halpha_Index,Halpha_Index_Error,Full_Width_Half_Maximum,Bisetor,Signal_to_noise_ratio_in_order_55,Exposure_Time,Airmass,Barycentric_Earth_Radial_Velocity
2453338.619,-1.327,1.327,La Silla Observatory,HIP7228,BJD,"Trifonov et al. (A&A 636, A74 (2020))",HARPS,ThAr,Trifonov,0.612170449,0.001510999,6.250761821,0.024315597,55.2,436.2827,,-21.50740502
2455455.75,-4.157,1.086,La Silla Observatory,HIP7228,BJD,"Trifonov et al. (A&A 636, A74 (2020))",HARPS,ThAr,Trifonov,0.622692418,0.001228378,6.166315956,0.026705385,70.9,900.0008,,7.385555495
2455462.796,-0.475,1.386,La Silla Observatory,HIP7228,BJD,"Trifonov et al. (A&A 636, A74 (2020))",HARPS,ThAr,Trifonov,0.618627868,0.001615675,6.26371896,0.022777796,54.7,500.0006,,4.304005658
2455496.722,-1.178,1.518,La Silla Observatory,HIP7228,BJD,"Trifonov et al. (A&A 636, A74 (2020))",HARPS,ThAr,Trifonov,0.621994568,0.001880039,6.181399657,0.022122992,47.5,900.0012,,-10.23056139
2456233.607,4.32,1.062,La Silla Observatory,HIP7228,BJD,"Trifonov et al. (A&A 636, A74 (2020))",HARPS,ThAr,Trifonov,0.623979496,0.001031967,6.213297973,0.030849079,84.6,900.0054,,-12.52875898
2456645.664,0.737,1.119,La Silla Observatory,HIP7228,BJD,"Trifonov et al. (A&A 636, A74 (2020))",HARPS,ThAr,Trifonov,0.621220857,0.001230437,6.297506456,0.024679447,71.2,899.9994,,-25.24093399
2457024.693,1.989,1.793,La Silla Observatory,HIP7228,BJD,"Trifonov et al. (A&A 636, A74 (2020))",HARPS,ThAr,Trifonov,0.608304959,0.002041068,6.326844309,0.022209534,42.7,900.0017,,-26.03703296
2458034.804,3.392,1.006,La Silla Observatory,HIP7228,BJD,"Trifonov et al. (A&A 636, A74 (2020))",HARPS,ThAr,Trifonov,0.614254722,0.001645373,6.209079484,0.044815262,55.1,899.9983,,-2.361353214
2458110.638,-3.436,1.012,La Silla Observatory,HIP7228,BJD,"Trifonov et al. (A&A 636, A74 (2020))",HARPS,ThAr,Trifonov,0.614019274,0.001779518,6.183902845,0.050391797,50.2,599.9982,,-25.61326123
