Time,RV,Uncertainty,Observatory_Name,Star_Name,Time_Convention,Reference,Instrument,Wavelength_Calibration_Technique,Source,Halpha_Index,Halpha_Index_Error,Full_Width_Half_Maximum,Bisetor,Signal_to_noise_ratio_in_order_55,Exposure_Time,Airmass,Barycentric_Earth_Radial_Velocity
2452942.755,-1.867,0.953,La Silla Observatory,HD25105,BJD,"Trifonov et al. (A&A 636, A74 (2020))",HARPS,ThAr,Trifonov,0.468446324,0.000502031,6.041343083,0.004900913,150.6,899.9961,,2.188661526
2453002.571,0.371,0.763,La Silla Observatory,HD25105,BJD,"Trifonov et al. (A&A 636, A74 (2020))",HARPS,ThAr,Trifonov,0.469515678,0.000851747,6.048328833,0.00453148,89.6,873.2958,,-13.72813284
2453036.543,5.991,0.786,La Silla Observatory,HD25105,BJD,"Trifonov et al. (A&A 636, A74 (2020))",HARPS,ThAr,Trifonov,0.467604943,0.000641056,6.053040405,0.007511502,118.2,900.0011,,-17.38605177
2453049.54,-3.667,0.774,La Silla Observatory,HD25105,BJD,"Trifonov et al. (A&A 636, A74 (2020))",HARPS,ThAr,Trifonov,0.465547576,0.000609961,6.041846772,0.00686198,127.2,899.9961,,-17.21462197
2453053.522,-4.157,0.963,La Silla Observatory,HD25105,BJD,"Trifonov et al. (A&A 636, A74 (2020))",HARPS,ThAr,Trifonov,0.467938812,0.000709383,6.04302682,0.00448081,109.8,877.9962,,-16.95357866
2453294.797,2.116,0.958,La Silla Observatory,HD25105,BJD,"Trifonov et al. (A&A 636, A74 (2020))",HARPS,ThAr,Trifonov,0.471513727,0.000658841,6.067271957,0.004999545,114.5,899.983,,5.967401604
