Time,RV,Uncertainty,Observatory_Site,Star_Name,Time_Convention,Reference,Instrument,Wavelength_Calibration_Technique,Source,Halpha_Index,Halpha_Index_Error,Full_Width_Half_Maximum,Bisetor,Signal_to_noise_ratio_in_order_55,Exposure_Time,Airmass,Barycentric_Earth_Radial_Velocity
2452945.506,-171425.972,1.856,"La Silla Observatory, Chile",HD193901,BJD,"Trifonov et al. (A&A 636, A74 (2020))",HARPS,ThAr,Trifonov,0.419028464,0.001234639,6.1709311,-0.017032199,61.1,254.8958,,-29.94507293
2453151.899,-171419.029,1.956,"La Silla Observatory, Chile",HD193901,BJD,"Trifonov et al. (A&A 636, A74 (2020))",HARPS,ThAr,Trifonov,0.419508617,0.001452431,6.151806878,-0.019844323,53.9,595.2011,,24.92254503
2454316.789,-171424.278,1.258,"La Silla Observatory, Chile",HD193901,BJD,"Trifonov et al. (A&A 636, A74 (2020))",HARPS,ThAr,Trifonov,0.417572245,0.000749806,6.178993142,-0.01969085,103.0,899.9979,,-4.700641254
2456789.917,99981308.18,6.973,"La Silla Observatory, Chile",HD193901,BJD,"Trifonov et al. (A&A 636, A74 (2020))",HARPS,ThAr,Trifonov,0.417273868,0.000667796,4.678914471,-1.693724909,120.9,900.0015,,28.0720373
2456792.8,99988644.02,5.493,"La Silla Observatory, Chile",HD193901,BJD,"Trifonov et al. (A&A 636, A74 (2020))",HARPS,ThAr,Trifonov,0.418128568,0.00075038,4.615918251,27233.14619,105.7,600.0012,,27.83145133
2456792.917,-171457.815,2.461,"La Silla Observatory, Chile",HD193901,BJD,"Trifonov et al. (A&A 636, A74 (2020))",HARPS,ThAr,Trifonov,0.422560884,0.000923346,6.507786877,-0.028124822,89.4,600.0009,,27.54811464
2456903.741,-171466.856,2.336,"La Silla Observatory, Chile",HD193901,BJD,"Trifonov et al. (A&A 636, A74 (2020))",HARPS,ThAr,Trifonov,0.42291287,0.000844317,6.512871653,-0.006543096,94.1,900.0016,,-18.52464602
