Time,RV,Uncertainty,Observatory_Name,Star_Name,Time_Convention,Reference,Instrument,Wavelength_Calibration_Technique,Source,Halpha_Index,Halpha_Index_Error,Full_Width_Half_Maximum,Bisetor,Signal_to_noise_ratio_in_order_55,Exposure_Time,Airmass,Barycentric_Earth_Radial_Velocity
2456797.459,1.169,0.957,La Silla Observatory,GJ281,BJD,"Trifonov et al. (A&A 636, A74 (2020))",HARPS,ThAr,Trifonov,0.733174067,0.000709341,6.049170717,0.053742522,119.8,1800.0003,,-23.93640909
2456987.84,0.475,1.188,La Silla Observatory,GJ281,BJD,"Trifonov et al. (A&A 636, A74 (2020))",HARPS,ThAr,Trifonov,0.718576272,0.001182685,6.019043832,0.045687747,74.4,649.9998,,22.48762209
2456987.847,-0.544,1.159,La Silla Observatory,GJ281,BJD,"Trifonov et al. (A&A 636, A74 (2020))",HARPS,ThAr,Trifonov,0.719473925,0.001135389,6.015689239,0.046915846,77.7,650.0005,,22.46524325
2456988.84,-2.13,1.328,La Silla Observatory,GJ281,BJD,"Trifonov et al. (A&A 636, A74 (2020))",HARPS,ThAr,Trifonov,0.717178459,0.001404059,6.007264068,0.055119996,62.9,600.0001,,22.17072875
2457334.854,-4.035,1.119,La Silla Observatory,GJ281,BJD,"Trifonov et al. (A&A 636, A74 (2020))",HARPS,ThAr,Trifonov,0.765328538,0.000837855,6.068260467,0.090006186,109.6,899.9983,,26.84353696
2457334.865,-4.633,1.109,La Silla Observatory,GJ281,BJD,"Trifonov et al. (A&A 636, A74 (2020))",HARPS,ThAr,Trifonov,0.760260174,0.000807193,6.070477946,0.090233558,113.4,899.9984,,26.81467635
2457344.858,4.558,1.155,La Silla Observatory,GJ281,BJD,"Trifonov et al. (A&A 636, A74 (2020))",HARPS,ThAr,Trifonov,0.735590718,0.000911212,6.050122843,0.071157863,99.4,899.9983,,24.73818664
2457344.869,4.702,1.147,La Silla Observatory,GJ281,BJD,"Trifonov et al. (A&A 636, A74 (2020))",HARPS,ThAr,Trifonov,0.735660278,0.000889444,6.05325346,0.077861569,101.6,899.9983,,24.70771326
