Time,RV,Uncertainty,Observatory_Site,Star_Name,Time_Convention,Reference,Instrument,Wavelength_Calibration_Technique,Source,Halpha_Index,Halpha_Index_Error,Full_Width_Half_Maximum,Bisetor,Signal_to_noise_ratio_in_order_55,Exposure_Time,Airmass,Barycentric_Earth_Radial_Velocity
2455616.558,31007.515,4.214,"La Silla Observatory, Chile",CoRoT221699621,BJD,"Trifonov et al. (A&A 636, A74 (2020))",HARPS,ThAr,Trifonov,0.429728677,0.003796646,8.649930732,0.084634166,24.4,3600.0071,,-24.03901481
2455622.562,31001.587,4.752,"La Silla Observatory, Chile",CoRoT221699621,BJD,"Trifonov et al. (A&A 636, A74 (2020))",HARPS,ThAr,Trifonov,0.437126508,0.004509801,8.627028409,0.037093157,21.3,3600.0055,,-25.59472419
2455895.811,31000.418,5.81,"La Silla Observatory, Chile",CoRoT221699621,BJD,"Trifonov et al. (A&A 636, A74 (2020))",HARPS,ThAr,Trifonov,0.444955427,0.006775643,8.656599879,0.03991005,15.5,3600.0054,,14.16442414
2455896.821,31001.028,5.059,"La Silla Observatory, Chile",CoRoT221699621,BJD,"Trifonov et al. (A&A 636, A74 (2020))",HARPS,ThAr,Trifonov,0.444465758,0.005120786,8.636090667,0.013550632,19.5,3600.0001,,13.68778439
2455897.792,30991.744,4.805,"La Silla Observatory, Chile",CoRoT221699621,BJD,"Trifonov et al. (A&A 636, A74 (2020))",HARPS,ThAr,Trifonov,0.435593747,0.004738112,8.621403738,0.038026576,20.9,3600.0058,,13.32258448
2455898.805,31010.492,5.226,"La Silla Observatory, Chile",CoRoT221699621,BJD,"Trifonov et al. (A&A 636, A74 (2020))",HARPS,ThAr,Trifonov,0.44029472,0.005532053,8.638127599,-0.015038683,18.5,3600.0052,,12.82937315
