Time,RV,Uncertainty,Observatory_Site,Star_Name,Time_Convention,Reference,Instrument,Wavelength_Calibration_Technique,Source,Halpha_Index,Halpha_Index_Error,Full_Width_Half_Maximum,Bisetor,Signal_to_noise_ratio_in_order_55,Exposure_Time,Airmass,Barycentric_Earth_Radial_Velocity
2453863.911,-40331.626,1.447,"La Silla Observatory, Chile",HD196397,BJD,"Trifonov et al. (A&A 636, A74 (2020))",HARPS,ThAr,Trifonov,0.475175966,0.001428162,6.947356411,-0.04931675,56.9,166.7998,,29.05905769
2453868.872,-40331.086,1.499,"La Silla Observatory, Chile",HD196397,BJD,"Trifonov et al. (A&A 636, A74 (2020))",HARPS,ThAr,Trifonov,0.479526985,0.001469276,6.947207828,-0.037619606,55.2,166.8017,,28.6308536
2454229.935,-40331.159,1.68,"La Silla Observatory, Chile",HD196397,BJD,"Trifonov et al. (A&A 636, A74 (2020))",HARPS,ThAr,Trifonov,0.472944551,0.001822753,6.957847026,-0.048329243,46.0,179.997,,28.94031272
2455782.781,-40335.297,1.142,"La Silla Observatory, Chile",HD196397,BJD,"Trifonov et al. (A&A 636, A74 (2020))",HARPS,ThAr,Trifonov,0.481528892,0.001262525,6.951099186,-0.042535163,65.4,500.3,,-4.329307294
2455822.572,-40334.678,3.055,"La Silla Observatory, Chile",HD196397,BJD,"Trifonov et al. (A&A 636, A74 (2020))",HARPS,ThAr,Trifonov,0.486798128,0.003133422,6.950054673,-0.044226605,28.3,220.0063,,-21.48566546
2456197.599,-40330.647,1.564,"La Silla Observatory, Chile",HD196397,BJD,"Trifonov et al. (A&A 636, A74 (2020))",HARPS,ThAr,Trifonov,0.479412456,0.001555098,6.950790562,-0.038585633,54.1,398.4998,,-24.74616474
2456454.888,-40334.298,2.051,"La Silla Observatory, Chile",HD196397,BJD,"Trifonov et al. (A&A 636, A74 (2020))",HARPS,ThAr,Trifonov,0.476131518,0.002257477,6.942812985,-0.038259704,39.3,160.001,,21.7525323
2456471.898,-40330.705,2.037,"La Silla Observatory, Chile",HD196397,BJD,"Trifonov et al. (A&A 636, A74 (2020))",HARPS,ThAr,Trifonov,0.482653623,0.002013334,6.956615815,-0.037572825,42.4,900.001,,15.23921012
