Time,RV,Uncertainty,Observatory_Name,Star_Name,Time_Convention,Reference,Instrument,Wavelength_Calibration_Technique,Source,Halpha_Index,Halpha_Index_Error,Full_Width_Half_Maximum,Bisetor,Signal_to_noise_ratio_in_order_55,Exposure_Time,Airmass,Barycentric_Earth_Radial_Velocity
2454045.596,58.511,1.391,La Silla Observatory,HD12270,BJD,"Trifonov et al. (A&A 636, A74 (2020))",HARPS,ThAr,Trifonov,0.418480339,0.001040194,8.068845098,-0.190643276,69.2,119.9981,,-11.26885594
2454370.729,-606.057,1.017,La Silla Observatory,HD12270,BJD,"Trifonov et al. (A&A 636, A74 (2020))",HARPS,ThAr,Trifonov,0.41682694,0.000549805,8.152640996,0.044627662,128.4,120.0005,,-5.970275936
2454622.923,-179.921,1.125,La Silla Observatory,HD12270,BJD,"Trifonov et al. (A&A 636, A74 (2020))",HARPS,ThAr,Trifonov,0.421662115,0.000723729,8.157935521,0.043682771,99.6,120.0,,11.74460617
2454622.927,-180.617,0.982,La Silla Observatory,HD12270,BJD,"Trifonov et al. (A&A 636, A74 (2020))",HARPS,ThAr,Trifonov,0.420425019,0.00050004,8.160095061,0.042796325,143.1,240.0,,11.74245201
2454684.756,10.07,1.384,La Silla Observatory,HD12270,BJD,"Trifonov et al. (A&A 636, A74 (2020))",HARPS,ThAr,Trifonov,0.412298702,0.001007046,8.154147262,0.036439366,71.2,45.0,,4.129789789
2454786.582,417.706,1.412,La Silla Observatory,HD12270,BJD,"Trifonov et al. (A&A 636, A74 (2020))",HARPS,ThAr,Trifonov,0.416513789,0.001065885,8.151151752,0.038778078,68.2,45.0,,-11.87610731
2454788.622,421.925,1.221,La Silla Observatory,HD12270,BJD,"Trifonov et al. (A&A 636, A74 (2020))",HARPS,ThAr,Trifonov,0.41806369,0.0008645,8.136613208,0.043516272,84.8,45.0,,-11.99584241
2454891.531,912.729,1.535,La Silla Observatory,HD12270,BJD,"Trifonov et al. (A&A 636, A74 (2020))",HARPS,ThAr,Trifonov,0.419059954,0.001158732,8.151632242,0.041136816,62.8,45.0,,0.964119169
