Time,RV,Uncertainty,Observatory_Name,Star_Name,Time_Convention,Reference,Instrument,Wavelength_Calibration_Technique,Source,Halpha_Index,Halpha_Index_Error,Full_Width_Half_Maximum,Bisetor,Signal_to_noise_ratio_in_order_55,Exposure_Time,Airmass,Barycentric_Earth_Radial_Velocity
2457468.685,-21.972,5.625,La Silla Observatory,TYC6121-11-1,BJD,"Trifonov et al. (A&A 636, A74 (2020))",HARPS,ThAr,Trifonov,0.441631555,0.007399703,6.776286824,-0.012362351,13.4,899.9983,,13.96885513
2457505.622,-41.25,2.699,La Silla Observatory,TYC6121-11-1,BJD,"Trifonov et al. (A&A 636, A74 (2020))",HARPS,ThAr,Trifonov,0.474806698,0.00293013,6.631640142,-0.065371746,28.9,3367.9983,,-4.381441093
2457508.766,-1.081,1.441,La Silla Observatory,TYC6121-11-1,BJD,"Trifonov et al. (A&A 636, A74 (2020))",HARPS,ThAr,Trifonov,0.450467323,0.00172808,6.786231367,-0.021737418,46.1,3599.9983,,-6.290068817
2457509.739,21.858,1.503,La Silla Observatory,TYC6121-11-1,BJD,"Trifonov et al. (A&A 636, A74 (2020))",HARPS,ThAr,Trifonov,0.448949424,0.001502462,6.817327406,-0.024260793,52.3,3599.9966,,-6.716608778
2457511.779,-8.473,1.353,La Silla Observatory,TYC6121-11-1,BJD,"Trifonov et al. (A&A 636, A74 (2020))",HARPS,ThAr,Trifonov,0.445666763,0.001562616,6.772693437,-0.021489043,51.2,3599.9983,,-7.802619403
2457866.749,-9.895,2.747,La Silla Observatory,TYC6121-11-1,BJD,"Trifonov et al. (A&A 636, A74 (2020))",HARPS,ThAr,Trifonov,0.446587164,0.002890391,6.795244569,-0.003592238,29.2,1499.9983,,-2.594244696
2457867.771,7.66,2.743,La Silla Observatory,TYC6121-11-1,BJD,"Trifonov et al. (A&A 636, A74 (2020))",HARPS,ThAr,Trifonov,0.448687211,0.003336849,6.791759758,-0.025098275,26.9,1499.9982,,-3.164039082
2457868.792,8.554,4.794,La Silla Observatory,TYC6121-11-1,BJD,"Trifonov et al. (A&A 636, A74 (2020))",HARPS,ThAr,Trifonov,0.440914292,0.005710696,6.774429629,-0.041696891,16.4,1499.9982,,-3.72475088
2457869.782,15.334,2.954,La Silla Observatory,TYC6121-11-1,BJD,"Trifonov et al. (A&A 636, A74 (2020))",HARPS,ThAr,Trifonov,0.452996866,0.003463537,6.791366878,-0.04292142,25.5,1499.9983,,-4.208964605
