Time,RV,Uncertainty,Observatory_Name,Star_Name,Time_Convention,Reference,Instrument,Wavelength_Calibration_Technique,Source,Halpha_Index,Halpha_Index_Error,Full_Width_Half_Maximum,Bisetor,Signal_to_noise_ratio_in_order_55,Exposure_Time,Airmass,Barycentric_Earth_Radial_Velocity
2453032.727,2.404,1.037,La Silla Observatory,HD63685,BJD,"Trifonov et al. (A&A 636, A74 (2020))",HARPS,ThAr,Trifonov,0.434645019,0.001028783,6.955013926,-0.018788439,73.1,119.9954,,4.308015217
2453037.717,-0.221,1.13,La Silla Observatory,HD63685,BJD,"Trifonov et al. (A&A 636, A74 (2020))",HARPS,ThAr,Trifonov,0.435141675,0.000889792,6.952950218,-0.020058761,83.1,120.0001,,3.852860389
2453374.765,0.619,1.172,La Silla Observatory,HD63685,BJD,"Trifonov et al. (A&A 636, A74 (2020))",HARPS,ThAr,Trifonov,0.433898589,0.000886893,6.956369902,-0.022987374,81.6,156.1762,,5.947737283
2453836.558,0.169,1.323,La Silla Observatory,HD63685,BJD,"Trifonov et al. (A&A 636, A74 (2020))",HARPS,ThAr,Trifonov,0.442182175,0.001308118,6.954769966,-0.025152809,58.1,60.0008,,-3.474501343
2455530.75,-3.454,1.349,La Silla Observatory,HD63685,BJD,"Trifonov et al. (A&A 636, A74 (2020))",HARPS,ThAr,Trifonov,0.434806743,0.001079346,6.975875519,-0.020989141,70.9,78.499,,6.585280901
2455876.81,-1.894,1.469,La Silla Observatory,HD63685,BJD,"Trifonov et al. (A&A 636, A74 (2020))",HARPS,ThAr,Trifonov,0.437170809,0.001272261,6.9802448,-0.022569677,61.8,314.0997,,5.802452543
2455956.573,-2.208,0.955,La Silla Observatory,HD63685,BJD,"Trifonov et al. (A&A 636, A74 (2020))",HARPS,ThAr,Trifonov,0.432561217,0.000724474,6.971838296,-0.018382847,106.8,196.3058,,4.321562549
2455968.674,1.128,1.624,La Silla Observatory,HD63685,BJD,"Trifonov et al. (A&A 636, A74 (2020))",HARPS,ThAr,Trifonov,0.42794672,0.00138783,6.969909829,-0.016968345,56.1,78.4999,,3.003157011
2456383.661,2.841,1.148,La Silla Observatory,HD63685,BJD,"Trifonov et al. (A&A 636, A74 (2020))",HARPS,ThAr,Trifonov,0.439862849,0.000940924,6.97717097,-0.021261533,82.0,348.5805,,-2.579730667
