Time,RV,Uncertainty,Observatory_Name,Star_Name,Time_Convention,Reference,Instrument,Wavelength_Calibration_Technique,Source,Halpha_Index,Halpha_Index_Error,Full_Width_Half_Maximum,Bisetor,Signal_to_noise_ratio_in_order_55,Exposure_Time,Airmass,Barycentric_Earth_Radial_Velocity
2454623.731,-15.645,1.031,La Silla Observatory,HD159194,BJD,"Trifonov et al. (A&A 636, A74 (2020))",HARPS,ThAr,Trifonov,0.47986407,0.000764417,7.773778113,0.106618959,100.3,120.0,,4.732580228
2454623.741,-19.017,1.084,La Silla Observatory,HD159194,BJD,"Trifonov et al. (A&A 636, A74 (2020))",HARPS,ThAr,Trifonov,0.480954986,0.000861338,7.777945713,0.103815579,88.3,240.0,,4.709055528
2454623.745,-18.089,1.196,La Silla Observatory,HD159194,BJD,"Trifonov et al. (A&A 636, A74 (2020))",HARPS,ThAr,Trifonov,0.479839073,0.001064067,7.777746134,0.104925569,71.8,240.0,,4.698178992
2454623.75,-20.507,1.438,La Silla Observatory,HD159194,BJD,"Trifonov et al. (A&A 636, A74 (2020))",HARPS,ThAr,Trifonov,0.482575866,0.001448643,7.780524686,0.098028703,53.5,240.0,,4.687917253
2454684.556,23.02,1.264,La Silla Observatory,HD159194,BJD,"Trifonov et al. (A&A 636, A74 (2020))",HARPS,ThAr,Trifonov,0.483211743,0.001213961,7.757422081,0.106961729,63.9,45.0,,-21.47352246
2454684.664,-2.18,1.182,La Silla Observatory,HD159194,BJD,"Trifonov et al. (A&A 636, A74 (2020))",HARPS,ThAr,Trifonov,0.484086885,0.001042844,7.76524392,0.101110481,73.3,45.0,,-21.70730294
2454684.665,-2.864,1.006,La Silla Observatory,HD159194,BJD,"Trifonov et al. (A&A 636, A74 (2020))",HARPS,ThAr,Trifonov,0.482601613,0.000719399,7.767536456,0.106815197,106.8,90.0,,-21.71011637
2454685.674,18.244,1.011,La Silla Observatory,HD159194,BJD,"Trifonov et al. (A&A 636, A74 (2020))",HARPS,ThAr,Trifonov,0.488020863,0.000711514,7.773210689,0.093815903,106.7,90.0,,-22.04255845
2454891.84,35.528,1.178,La Silla Observatory,HD159194,BJD,"Trifonov et al. (A&A 636, A74 (2020))",HARPS,ThAr,Trifonov,0.485626768,0.001040563,7.796397096,0.100119168,74.4,45.0,,28.25082195
