Time,RV,Uncertainty,Observatory_Site,Star_Name,Time_Convention,Reference,Instrument,Wavelength_Calibration_Technique,Source,Halpha_Index,Halpha_Index_Error,Full_Width_Half_Maximum,Bisetor,Signal_to_noise_ratio_in_order_55,Exposure_Time,Airmass,Barycentric_Earth_Radial_Velocity
2454455.655,-14378.659,1.546,"La Silla Observatory, Chile",HIP27397,BJD,"Trifonov et al. (A&A 636, A74 (2020))",HARPS,ThAr,Trifonov,0.730799555,0.001539077,4.18686648,-0.10024902,54.3,900.0,,-0.981045478
2454456.695,96714.815,1.605,"La Silla Observatory, Chile",HIP27397,BJD,"Trifonov et al. (A&A 636, A74 (2020))",HARPS,ThAr,Trifonov,0.729342086,0.001594282,3.333520284,-0.007229273,52.2,900.0,,-1.539679661
2454458.621,96714.166,1.458,"La Silla Observatory, Chile",HIP27397,BJD,"Trifonov et al. (A&A 636, A74 (2020))",HARPS,ThAr,Trifonov,0.73601248,0.001446212,3.325830107,-0.015754259,58.0,900.0,,-2.204275035
2454459.66,96718.301,1.162,"La Silla Observatory, Chile",HIP27397,BJD,"Trifonov et al. (A&A 636, A74 (2020))",HARPS,ThAr,Trifonov,0.731288113,0.00142668,3.338061709,-0.012410326,58.8,900.0,,-2.754416228
2454460.714,96713.382,1.456,"La Silla Observatory, Chile",HIP27397,BJD,"Trifonov et al. (A&A 636, A74 (2020))",HARPS,ThAr,Trifonov,0.734934297,0.001466585,3.331616955,-0.010181032,56.7,900.0,,-3.350035462
2454462.646,96712.246,1.517,"La Silla Observatory, Chile",HIP27397,BJD,"Trifonov et al. (A&A 636, A74 (2020))",HARPS,ThAr,Trifonov,0.730799242,0.00160586,3.332273542,-0.01305106,52.6,900.0,,-4.025015961
2454463.609,96716.964,1.887,"La Silla Observatory, Chile",HIP27397,BJD,"Trifonov et al. (A&A 636, A74 (2020))",HARPS,ThAr,Trifonov,0.73571952,0.001869215,3.33358519,-0.027502474,45.0,900.0,,-4.356074202
2454463.714,96715.585,1.886,"La Silla Observatory, Chile",HIP27397,BJD,"Trifonov et al. (A&A 636, A74 (2020))",HARPS,ThAr,Trifonov,0.732789274,0.001830562,3.326399081,-0.008202728,45.2,900.0,,-4.659103366
2454464.723,96714.055,1.576,"La Silla Observatory, Chile",HIP27397,BJD,"Trifonov et al. (A&A 636, A74 (2020))",HARPS,ThAr,Trifonov,0.739039953,0.001700064,3.338643218,-0.008270263,49.9,900.0,,-5.119280674
