Time,RV,Uncertainty,Observatory_Site,Star_Name,Time_Convention,Reference,Instrument,Wavelength_Calibration_Technique,Source,Halpha_Index,Halpha_Index_Error,Full_Width_Half_Maximum,Bisetor,Signal_to_noise_ratio_in_order_55,Exposure_Time,Airmass,Barycentric_Earth_Radial_Velocity
2452947.618,-21050.514,2.151,"La Silla Observatory, Chile",HD5349,BJD,"Trifonov et al. (A&A 636, A74 (2020))",HARPS,ThAr,Trifonov,0.517535417,0.002112493,6.653880432,0.017817807,38.3,64.3957,,-16.58875237
2453309.611,-21051.742,1.511,"La Silla Observatory, Chile",HD5349,BJD,"Trifonov et al. (A&A 636, A74 (2020))",HARPS,ThAr,Trifonov,0.519069185,0.001727474,6.643504193,0.015572817,47.5,64.6022,,-15.22332171
2453695.627,-21044.463,1.252,"La Silla Observatory, Chile",HD5349,BJD,"Trifonov et al. (A&A 636, A74 (2020))",HARPS,ThAr,Trifonov,0.520490546,0.001186609,6.636241264,0.021746591,68.8,90.0004,,-22.81431886
2453951.875,-21048.978,0.986,"La Silla Observatory, Chile",HD5349,BJD,"Trifonov et al. (A&A 636, A74 (2020))",HARPS,ThAr,Trifonov,0.525134645,0.001173251,6.641306708,0.01676666,71.9,240.0001,,22.00027869
2455490.818,-21043.677,1.441,"La Silla Observatory, Chile",HD5349,BJD,"Trifonov et al. (A&A 636, A74 (2020))",HARPS,ThAr,Trifonov,0.522170852,0.001473729,6.654657676,0.02181911,57.4,96.9009,,-11.1633334
2455782.915,-21046.095,1.241,"La Silla Observatory, Chile",HD5349,BJD,"Trifonov et al. (A&A 636, A74 (2020))",HARPS,ThAr,Trifonov,0.519787312,0.001550591,6.651610092,0.017377635,56.4,193.7008,,20.51421254
2455818.779,-21044.666,1.114,"La Silla Observatory, Chile",HD5349,BJD,"Trifonov et al. (A&A 636, A74 (2020))",HARPS,ThAr,Trifonov,0.522112688,0.000801106,6.650563814,0.01671928,105.3,199.9997,,6.5988169
2456912.815,-21047.265,1.076,"La Silla Observatory, Chile",HD5349,BJD,"Trifonov et al. (A&A 636, A74 (2020))",HARPS,ThAr,Trifonov,0.518017267,0.000640979,6.662235779,0.017271361,133.1,508.4411,,7.319843003
