Time,RV,Uncertainty,Observatory_Site,Star_Name,Time_Convention,Reference,Instrument,Wavelength_Calibration_Technique,Source,Halpha_Index,Halpha_Index_Error,Full_Width_Half_Maximum,Bisetor,Signal_to_noise_ratio_in_order_55,Exposure_Time,Airmass,Barycentric_Earth_Radial_Velocity
2454520.763,-0.387,0.893,"La Silla Observatory, Chile",HD113226,BJD,"Trifonov et al. (A&A 636, A74 (2020))",HARPS,ThAr,Trifonov,0.422477804,0.000184202,8.568432331,0.038739926,397.2,70.0,,17.05454793
2454623.676,1.598,1.083,"La Silla Observatory, Chile",HD113226,BJD,"Trifonov et al. (A&A 636, A74 (2020))",HARPS,ThAr,Trifonov,0.42018389,0.000547415,8.556133158,0.043272542,129.4,20.0,,-25.91517083
2454684.477,-8.474,0.935,"La Silla Observatory, Chile",HD113226,BJD,"Trifonov et al. (A&A 636, A74 (2020))",HARPS,ThAr,Trifonov,0.420107983,0.000275566,8.556547305,0.03572835,262.9,20.0,,-23.53043078
2454892.857,2.564,0.934,"La Silla Observatory, Chile",HD113226,BJD,"Trifonov et al. (A&A 636, A74 (2020))",HARPS,ThAr,Trifonov,0.424024462,0.000288668,8.572251874,0.033530828,251.0,20.0,,13.85282596
2455977.775,-0.023,0.93,"La Silla Observatory, Chile",HD113226,BJD,"Trifonov et al. (A&A 636, A74 (2020))",HARPS,ThAr,Trifonov,0.419982186,0.000301182,8.616730886,0.032723624,248.9,15.005,,18.65760533
2455977.85,3.55,0.917,"La Silla Observatory, Chile",HD113226,BJD,"Trifonov et al. (A&A 636, A74 (2020))",HARPS,ThAr,Trifonov,0.42024709,0.000265596,8.845161964,0.031853841,285.8,14.9997,,18.44099587
2455978.785,1.898,0.929,"La Silla Observatory, Chile",HD113226,BJD,"Trifonov et al. (A&A 636, A74 (2020))",HARPS,ThAr,Trifonov,0.422661806,0.000297776,8.855080602,0.02505138,251.1,14.9997,,18.22733499
2455978.804,-0.447,0.934,"La Silla Observatory, Chile",HD113226,BJD,"Trifonov et al. (A&A 636, A74 (2020))",HARPS,ThAr,Trifonov,0.422924003,0.00030702,8.850192021,0.021225699,241.4,14.9995,,18.17320854
