Time,RV,Uncertainty,Observatory_Site,Star_Name,Time_Convention,Reference,Instrument,Wavelength_Calibration_Technique,Source,Halpha_Index,Halpha_Index_Error,Full_Width_Half_Maximum,Bisetor,Signal_to_noise_ratio_in_order_55,Exposure_Time,Airmass,Barycentric_Earth_Radial_Velocity
2454044.786,20373.191,1.086,"La Silla Observatory, Chile",HD34642,BJD,"Trifonov et al. (A&A 636, A74 (2020))",HARPS,ThAr,Trifonov,0.458140376,0.000553579,6.720099888,0.045427774,132.3,59.9988,,8.069273169
2454085.835,20361.337,1.047,"La Silla Observatory, Chile",HD34642,BJD,"Trifonov et al. (A&A 636, A74 (2020))",HARPS,ThAr,Trifonov,0.45494896,0.000386384,6.722646896,0.048340331,186.4,59.9996,,-3.309565658
2454370.819,20382.662,1.032,"La Silla Observatory, Chile",HD34642,BJD,"Trifonov et al. (A&A 636, A74 (2020))",HARPS,ThAr,Trifonov,0.458200562,0.000329247,6.725368566,0.049317278,224.6,60.002,,14.96451171
2454371.794,20382.913,1.04,"La Silla Observatory, Chile",HD34642,BJD,"Trifonov et al. (A&A 636, A74 (2020))",HARPS,ThAr,Trifonov,0.459335342,0.000376439,6.717387037,0.047699037,196.1,60.0007,,14.90965906
2454685.859,20360.377,1.052,"La Silla Observatory, Chile",HD34642,BJD,"Trifonov et al. (A&A 636, A74 (2020))",HARPS,ThAr,Trifonov,0.457773192,0.000421702,6.729315682,0.045244898,174.1,60.0,,14.16025866
2454786.695,20370.476,1.068,"La Silla Observatory, Chile",HD34642,BJD,"Trifonov et al. (A&A 636, A74 (2020))",HARPS,ThAr,Trifonov,0.45654225,0.00049355,6.731011198,0.043492041,150.9,60.0,,5.318128284
2454788.842,20371.026,1.032,"La Silla Observatory, Chile",HD34642,BJD,"Trifonov et al. (A&A 636, A74 (2020))",HARPS,ThAr,Trifonov,0.457410324,0.00033396,6.724196819,0.045367685,225.6,60.0,,4.441798915
2454892.625,20362.426,1.074,"La Silla Observatory, Chile",HD34642,BJD,"Trifonov et al. (A&A 636, A74 (2020))",HARPS,ThAr,Trifonov,0.461244149,0.000519368,6.725112527,0.046263994,144.7,60.0,,-16.30106604
2454894.589,20382.692,1.041,"La Silla Observatory, Chile",HD34642,BJD,"Trifonov et al. (A&A 636, A74 (2020))",HARPS,ThAr,Trifonov,0.459509646,0.000373167,6.724907289,0.043275025,199.8,60.0,,-16.26542598
