Time,RV,Uncertainty,Observatory_Name,Star_Name,Time_Convention,Reference,Instrument,Wavelength_Calibration_Technique,Source,Halpha_Index,Halpha_Index_Error,Full_Width_Half_Maximum,Bisetor,Signal_to_noise_ratio_in_order_55,Exposure_Time,Airmass,Barycentric_Earth_Radial_Velocity
2452991.841,-3.348,1.094,La Silla Observatory,HD86171,BJD,"Trifonov et al. (A&A 636, A74 (2020))",HARPS,ThAr,Trifonov,0.458820542,0.000686766,6.522486227,-0.032013659,107.3,899.996,,26.52075062
2453000.82,-0.736,1.055,La Silla Observatory,HD86171,BJD,"Trifonov et al. (A&A 636, A74 (2020))",HARPS,ThAr,Trifonov,0.456628841,0.000680599,6.525006763,-0.03681579,109.2,899.9956,,24.55823471
2453053.774,-0.287,1.053,La Silla Observatory,HD86171,BJD,"Trifonov et al. (A&A 636, A74 (2020))",HARPS,ThAr,Trifonov,0.459916315,0.000738255,6.529227239,-0.033961267,102.3,899.9962,,2.978061071
2453761.792,0.723,0.968,La Silla Observatory,HD86171,BJD,"Trifonov et al. (A&A 636, A74 (2020))",HARPS,ThAr,Trifonov,0.457184277,0.000472197,6.544569799,-0.030368281,160.3,900.0026,,13.66702742
2454135.75,3.62,0.957,La Silla Observatory,HD86171,BJD,"Trifonov et al. (A&A 636, A74 (2020))",HARPS,ThAr,Trifonov,0.447214941,0.000452376,6.521683453,-0.036987923,167.3,899.9994,,9.76952302
2454140.751,1.359,0.968,La Silla Observatory,HD86171,BJD,"Trifonov et al. (A&A 636, A74 (2020))",HARPS,ThAr,Trifonov,0.449884811,0.000476361,6.53079356,-0.037153072,158.6,899.9991,,7.377030436
2454142.745,0.312,0.865,La Silla Observatory,HD86171,BJD,"Trifonov et al. (A&A 636, A74 (2020))",HARPS,ThAr,Trifonov,0.45115514,0.000458832,6.535089761,-0.035751451,164.4,900.0007,,6.421577113
2454200.606,-1.65,0.758,La Silla Observatory,HD86171,BJD,"Trifonov et al. (A&A 636, A74 (2020))",HARPS,ThAr,Trifonov,0.451869189,0.000455738,6.520080593,-0.039860405,167.6,899.9976,,-19.5689075
