Time,RV,Uncertainty,Observatory_Site,Star_Name,Time_Convention,Reference,Instrument,Wavelength_Calibration_Technique,Source,Halpha_Index,Halpha_Index_Error,Full_Width_Half_Maximum,Bisetor,Signal_to_noise_ratio_in_order_55,Exposure_Time,Airmass,Barycentric_Earth_Radial_Velocity
2452988.826,8821.682,4.714,"La Silla Observatory, Chile",GJ1129,BJD,"Trifonov et al. (A&A 636, A74 (2020))",HARPS,ThAr,Trifonov,0.965541717,0.004712527,2.960868553,-0.01279763,15.3,899.9957,,25.12366243
2453369.839,8822.054,2.724,"La Silla Observatory, Chile",GJ1129,BJD,"Trifonov et al. (A&A 636, A74 (2020))",HARPS,ThAr,Trifonov,0.943888496,0.003156203,2.962171248,-0.006174364,23.8,899.9956,,21.89283152
2454080.813,8823.529,4.18,"La Silla Observatory, Chile",GJ1129,BJD,"Trifonov et al. (A&A 636, A74 (2020))",HARPS,ThAr,Trifonov,0.949445589,0.004670337,2.966045376,-0.016258341,16.4,900.0027,,25.64811672
2455232.804,8820.026,3.955,"La Silla Observatory, Chile",GJ1129,BJD,"Trifonov et al. (A&A 636, A74 (2020))",HARPS,ThAr,Trifonov,0.945092317,0.004487719,2.973467927,-0.013502829,17.8,900.0008,,8.695698831
2455236.828,8822.665,3.673,"La Silla Observatory, Chile",GJ1129,BJD,"Trifonov et al. (A&A 636, A74 (2020))",HARPS,ThAr,Trifonov,0.953040222,0.004270753,2.974133925,-0.003878439,18.8,900.001,,6.867986053
2456008.666,8816.803,3.764,"La Silla Observatory, Chile",GJ1129,BJD,"Trifonov et al. (A&A 636, A74 (2020))",HARPS,ThAr,Trifonov,0.945782494,0.004318724,2.979842626,-0.005378679,18.6,899.994,,-11.26173813
2456031.624,8808.026,7.401,"La Silla Observatory, Chile",GJ1129,BJD,"Trifonov et al. (A&A 636, A74 (2020))",HARPS,ThAr,Trifonov,0.952045644,0.010975159,2.98103168,0.007958352,6.4,518.0821,,-19.33634783
2456054.597,8819.232,4.07,"La Silla Observatory, Chile",GJ1129,BJD,"Trifonov et al. (A&A 636, A74 (2020))",HARPS,ThAr,Trifonov,0.975399231,0.004575237,2.963083519,-0.014892888,17.6,899.9942,,-24.39806265
