Time,RV,Uncertainty,Observatory_Site,Star_Name,Time_Convention,Reference,Instrument,Wavelength_Calibration_Technique,Source,Halpha_Index,Halpha_Index_Error,Full_Width_Half_Maximum,Bisetor,Signal_to_noise_ratio_in_order_55,Exposure_Time,Airmass,Barycentric_Earth_Radial_Velocity
2454365.791,19050.228,1.074,"La Silla Observatory, Chile",HD15507,BJD,"Trifonov et al. (A&A 636, A74 (2020))",HARPS,ThAr,Trifonov,0.425498402,0.000632471,7.315241218,-1.466077644,118.9,900.0009,,3.354870171
2454367.765,19011.974,1.155,"La Silla Observatory, Chile",HD15507,BJD,"Trifonov et al. (A&A 636, A74 (2020))",HARPS,ThAr,Trifonov,0.429579078,0.00065208,7.180203504,-0.02185666,115.1,899.9962,,2.828863378
2454368.795,19013.585,1.318,"La Silla Observatory, Chile",HD15507,BJD,"Trifonov et al. (A&A 636, A74 (2020))",HARPS,ThAr,Trifonov,0.42582474,0.000996591,7.178990228,-0.018938871,76.4,899.9965,,2.474793189
2454727.643,19013.596,4.269,"La Silla Observatory, Chile",HD15507,BJD,"Trifonov et al. (A&A 636, A74 (2020))",HARPS,ThAr,Trifonov,0.430414023,0.003862651,7.164666557,-0.040170007,22.2,1298.6458,,4.558636823
2455788.794,19003.782,1.276,"La Silla Observatory, Chile",HD15507,BJD,"Trifonov et al. (A&A 636, A74 (2020))",HARPS,ThAr,Trifonov,0.427233266,0.000886642,7.182051873,-0.031925879,86.5,900.0,,12.82511336
2455885.64,19009.869,1.415,"La Silla Observatory, Chile",HD15507,BJD,"Trifonov et al. (A&A 636, A74 (2020))",HARPS,ThAr,Trifonov,0.42293977,0.001141148,7.17058353,-0.028488125,68.5,899.9943,,-12.62889614
2456184.681,19012.741,1.237,"La Silla Observatory, Chile",HD15507,BJD,"Trifonov et al. (A&A 636, A74 (2020))",HARPS,ThAr,Trifonov,0.428331842,0.000806819,7.172642195,-0.025923089,95.2,900.0008,,5.651183368
2456561.84,19011.178,1.085,"La Silla Observatory, Chile",HD15507,BJD,"Trifonov et al. (A&A 636, A74 (2020))",HARPS,ThAr,Trifonov,0.430213466,0.000565066,7.184754979,-0.030544258,138.1,900.0005,,1.97184639
2456562.622,19011.856,1.08,"La Silla Observatory, Chile",HD15507,BJD,"Trifonov et al. (A&A 636, A74 (2020))",HARPS,ThAr,Trifonov,0.426880983,0.00071322,7.194618001,-0.02706368,107.4,900.0009,,2.083983455
