Time,RV,Uncertainty,Observatory_Site,Star_Name,Time_Convention,Reference,Instrument,Wavelength_Calibration_Technique,Source,Halpha_Index,Halpha_Index_Error,Full_Width_Half_Maximum,Bisetor,Signal_to_noise_ratio_in_order_55,Exposure_Time,Airmass,Barycentric_Earth_Radial_Velocity
2456505.56,-575.847,4.663,"La Silla Observatory, Chile",TYC6300-98-1,BJD,"Trifonov et al. (A&A 636, A74 (2020))",HARPS,ThAr,Trifonov,0.378424402,0.002956494,19.89652852,-0.079746254,27.4,700.0005,,-10.3512056
2456515.759,50.741,2.298,"La Silla Observatory, Chile",TYC6300-98-1,BJD,"Trifonov et al. (A&A 636, A74 (2020))",HARPS,ThAr,Trifonov,0.386655018,0.001959657,19.43411407,-0.040075861,40.6,1200.0001,,-15.42589361
2456801.883,-523.119,7.119,"La Silla Observatory, Chile",TYC6300-98-1,BJD,"Trifonov et al. (A&A 636, A74 (2020))",HARPS,ThAr,Trifonov,0.373152995,0.00610818,19.42356288,0.02764381,15.5,1200.0015,,20.85928777
2456803.841,126.01,2.344,"La Silla Observatory, Chile",TYC6300-98-1,BJD,"Trifonov et al. (A&A 636, A74 (2020))",HARPS,ThAr,Trifonov,0.380789519,0.002144531,19.70380215,0.009402069,37.8,1200.0006,,20.24630495
2456810.845,2.682,1.756,"La Silla Observatory, Chile",TYC6300-98-1,BJD,"Trifonov et al. (A&A 636, A74 (2020))",HARPS,ThAr,Trifonov,0.380761965,0.001612182,19.48730149,-0.012634927,49.1,1200.0008,,17.50668358
2456811.853,-0.358,2.113,"La Silla Observatory, Chile",TYC6300-98-1,BJD,"Trifonov et al. (A&A 636, A74 (2020))",HARPS,ThAr,Trifonov,0.376474894,0.001860366,19.70263765,0.036660044,43.2,1200.0011,,17.07666832
2456829.822,42.572,3.92,"La Silla Observatory, Chile",TYC6300-98-1,BJD,"Trifonov et al. (A&A 636, A74 (2020))",HARPS,ThAr,Trifonov,0.381203873,0.003551271,19.50530517,0.047121863,24.8,1200.0013,,9.154433035
2456836.768,3.445,2.217,"La Silla Observatory, Chile",TYC6300-98-1,BJD,"Trifonov et al. (A&A 636, A74 (2020))",HARPS,ThAr,Trifonov,0.381499072,0.002082495,19.58971834,-0.018797553,39.1,1200.0013,,5.913063309
