Time,RV,Uncertainty,Observatory_Name,Star_Name,Time_Convention,Reference,Instrument,Wavelength_Calibration_Technique,Source,Halpha_Index,Halpha_Index_Error,Full_Width_Half_Maximum,Bisetor,Signal_to_noise_ratio_in_order_55,Exposure_Time,Airmass,Barycentric_Earth_Radial_Velocity
2453063.847,-2.882,1.422,La Silla Observatory,HD115341,BJD,"Trifonov et al. (A&A 636, A74 (2020))",HARPS,ThAr,Trifonov,0.400403022,0.001190477,7.567295599,0.011164474,61.8,216.3952,,19.84298755
2453066.853,0.322,1.774,La Silla Observatory,HD115341,BJD,"Trifonov et al. (A&A 636, A74 (2020))",HARPS,ThAr,Trifonov,0.399121648,0.001577667,7.571969554,0.013156988,47.4,176.0959,,18.59063964
2453783.893,-6.1,2.773,La Silla Observatory,HD115341,BJD,"Trifonov et al. (A&A 636, A74 (2020))",HARPS,ThAr,Trifonov,0.402960479,0.002151828,7.599625171,0.008543164,35.6,60.0013,,23.61170331
2454921.847,-1.97,2.332,La Silla Observatory,HD115341,BJD,"Trifonov et al. (A&A 636, A74 (2020))",HARPS,ThAr,Trifonov,0.404354239,0.001978993,7.598153956,0.001892026,41.0,60.0,,4.979256942
2455293.728,2.434,1.927,La Silla Observatory,HD115341,BJD,"Trifonov et al. (A&A 636, A74 (2020))",HARPS,ThAr,Trifonov,0.398818496,0.001743315,7.569234028,0.00093739,45.8,60.0071,,1.856498183
2455303.66,-1.581,1.58,La Silla Observatory,HD115341,BJD,"Trifonov et al. (A&A 636, A74 (2020))",HARPS,ThAr,Trifonov,0.399895771,0.001283502,7.581141007,0.003402548,60.2,900.0071,,-3.10891746
2455785.476,3.437,1.417,La Silla Observatory,HD115341,BJD,"Trifonov et al. (A&A 636, A74 (2020))",HARPS,ThAr,Trifonov,0.398919653,0.001102255,7.589911451,0.009263406,69.0,180.0,,-25.79566019
2456312.87,-4.775,2.744,La Silla Observatory,HD115341,BJD,"Trifonov et al. (A&A 636, A74 (2020))",HARPS,ThAr,Trifonov,0.404984362,0.002252462,7.578381512,0.014252392,36.9,441.9208,,29.87282752
2456327.862,2.958,1.464,La Silla Observatory,HD115341,BJD,"Trifonov et al. (A&A 636, A74 (2020))",HARPS,ThAr,Trifonov,0.400066415,0.001162573,7.595480327,0.004262374,67.1,120.0009,,27.35730626
