Time,RV,Uncertainty,Observatory_Name,Star_Name,Time_Convention,Reference,Instrument,Wavelength_Calibration_Technique,Source,Halpha_Index,Halpha_Index_Error,Full_Width_Half_Maximum,Bisetor,Signal_to_noise_ratio_in_order_55,Exposure_Time,Airmass,Barycentric_Earth_Radial_Velocity
2453047.789,7.943,1.492,La Silla Observatory,HD96673,BJD,"Trifonov et al. (A&A 636, A74 (2020))",HARPS,ThAr,Trifonov,0.572436265,0.001928709,6.176566272,0.026511771,44.0,538.196,,14.49681008
2453056.793,-2.81,1.279,La Silla Observatory,HD96673,BJD,"Trifonov et al. (A&A 636, A74 (2020))",HARPS,ThAr,Trifonov,0.57235613,0.001675547,6.15982539,0.024620677,51.1,542.5965,,13.26277264
2453763.807,-6.28,1.287,La Silla Observatory,HD96673,BJD,"Trifonov et al. (A&A 636, A74 (2020))",HARPS,ThAr,Trifonov,0.580813036,0.001512482,6.176846456,0.024868067,56.0,354.9008,,15.71348438
2453786.832,4.762,1.257,La Silla Observatory,HD96673,BJD,"Trifonov et al. (A&A 636, A74 (2020))",HARPS,ThAr,Trifonov,0.569322677,0.00143372,6.169991629,0.014459274,57.8,354.9017,,13.29435861
2453787.788,2.864,1.539,La Silla Observatory,HD96673,BJD,"Trifonov et al. (A&A 636, A74 (2020))",HARPS,ThAr,Trifonov,0.567259799,0.001823571,6.165766571,0.02210481,45.1,354.8992,,13.19552703
2453886.53,-1.73,1.214,La Silla Observatory,HD96673,BJD,"Trifonov et al. (A&A 636, A74 (2020))",HARPS,ThAr,Trifonov,0.572123292,0.001406808,6.183202286,0.015989891,59.8,400.0011,,-10.10116537
2453887.548,-1.273,1.862,La Silla Observatory,HD96673,BJD,"Trifonov et al. (A&A 636, A74 (2020))",HARPS,ThAr,Trifonov,0.573103632,0.00233702,6.180239146,0.010429221,36.4,359.9995,,-10.3243449
2455664.709,-2.673,1.897,La Silla Observatory,HD96673,BJD,"Trifonov et al. (A&A 636, A74 (2020))",HARPS,ThAr,Trifonov,0.568401344,0.002296102,6.161369042,0.005343246,37.8,354.9003,,1.662031025
