Time,RV,Uncertainty,Observatory_Site,Star_Name,Time_Convention,Reference,Instrument,Wavelength_Calibration_Technique,Source,Halpha_Index,Halpha_Index_Error,Full_Width_Half_Maximum,Bisetor,Signal_to_noise_ratio_in_order_55,Exposure_Time,Airmass,Barycentric_Earth_Radial_Velocity
2452941.8,36634.025,1.669,"La Silla Observatory, Chile",HIP20232,BJD,"Trifonov et al. (A&A 636, A74 (2020))",HARPS,ThAr,Trifonov,0.67156009,0.001672125,6.525926799,0.021432944,51.0,432.9958,,9.714271342
2453035.614,36620.38,1.386,"La Silla Observatory, Chile",HIP20232,BJD,"Trifonov et al. (A&A 636, A74 (2020))",HARPS,ThAr,Trifonov,0.677856902,0.001289202,6.560969854,0.041333658,66.8,699.9958,,-23.32381901
2453267.872,36621.184,2.204,"La Silla Observatory, Chile",HIP20232,BJD,"Trifonov et al. (A&A 636, A74 (2020))",HARPS,ThAr,Trifonov,0.678962709,0.002058827,6.558116443,0.04787192,42.3,358.202,,21.37778056
2453271.887,36625.38,2.014,"La Silla Observatory, Chile",HIP20232,BJD,"Trifonov et al. (A&A 636, A74 (2020))",HARPS,ThAr,Trifonov,0.673181268,0.001935127,6.631277143,0.036166728,44.2,358.2021,,20.50677886
2453273.848,36627.611,1.502,"La Silla Observatory, Chile",HIP20232,BJD,"Trifonov et al. (A&A 636, A74 (2020))",HARPS,ThAr,Trifonov,0.675363503,0.001405574,6.571828808,0.039789767,61.3,358.1946,,20.16100658
2457715.791,36629.602,2.315,"La Silla Observatory, Chile",HIP20232,BJD,"Trifonov et al. (A&A 636, A74 (2020))",HARPS,ThAr,Trifonov,0.673878037,0.002339501,6.604986959,0.055788182,39.6,899.9983,,-1.002708303
2458114.626,36629.406,1.624,"La Silla Observatory, Chile",HIP20232,BJD,"Trifonov et al. (A&A 636, A74 (2020))",HARPS,ThAr,Trifonov,0.673661325,0.001571581,6.580937331,0.056664957,57.8,359.9982,,-14.33505685
2458132.634,36636.404,1.561,"La Silla Observatory, Chile",HIP20232,BJD,"Trifonov et al. (A&A 636, A74 (2020))",HARPS,ThAr,Trifonov,0.667335848,0.0014834,6.568884582,0.041585927,59.6,414.6882,,-19.9696323
