Time,RV,Uncertainty,Observatory_Site,Star_Name,Time_Convention,Reference,Instrument,Wavelength_Calibration_Technique,Source,Halpha_Index,Halpha_Index_Error,Full_Width_Half_Maximum,Bisetor,Signal_to_noise_ratio_in_order_55,Exposure_Time,Airmass,Barycentric_Earth_Radial_Velocity
2454396.77,60760.575,1.417,"La Silla Observatory, Chile",CD-381059,BJD,"Trifonov et al. (A&A 636, A74 (2020))",HARPS,ThAr,Trifonov,1.022806602,0.001895783,3.062159547,-0.002624894,47.9,899.9969,,-0.428652237
2454397.7,70920.53,1.305,"La Silla Observatory, Chile",CD-381059,BJD,"Trifonov et al. (A&A 636, A74 (2020))",HARPS,ThAr,Trifonov,0.682349266,0.001498149,23.41198575,0.411114925,64.7,899.9981,,-0.582244298
2454398.579,60761.876,2.594,"La Silla Observatory, Chile",CD-381059,BJD,"Trifonov et al. (A&A 636, A74 (2020))",HARPS,ThAr,Trifonov,1.033314368,0.003012817,3.063721324,-0.009323795,29.7,899.9976,,-0.669586545
2454399.818,60763.339,1.486,"La Silla Observatory, Chile",CD-381059,BJD,"Trifonov et al. (A&A 636, A74 (2020))",HARPS,ThAr,Trifonov,1.025006769,0.001987308,3.069338597,-0.008540144,46.7,899.9973,,-1.477404148
2454402.718,60759.741,1.751,"La Silla Observatory, Chile",CD-381059,BJD,"Trifonov et al. (A&A 636, A74 (2020))",HARPS,ThAr,Trifonov,1.026353168,0.002270426,3.06313659,-0.003552267,40.0,899.9981,,-2.196417858
2454403.724,71032.987,0.855,"La Silla Observatory, Chile",CD-381059,BJD,"Trifonov et al. (A&A 636, A74 (2020))",HARPS,ThAr,Trifonov,0.684296941,0.001035055,23.40383569,11.63906752,93.6,899.9975,,-2.525600913
2454404.697,70540.229,1.623,"La Silla Observatory, Chile",CD-381059,BJD,"Trifonov et al. (A&A 636, A74 (2020))",HARPS,ThAr,Trifonov,0.683577109,0.001786823,23.10194786,-5.0136382,54.7,899.9983,,-2.77841625
2454404.833,60762.276,3.796,"La Silla Observatory, Chile",CD-381059,BJD,"Trifonov et al. (A&A 636, A74 (2020))",HARPS,ThAr,Trifonov,1.034090468,0.004086666,3.066648009,-0.014922634,21.6,899.9974,,-3.076306172
