Time,RV,Uncertainty,Observatory_Site,Star_Name,Time_Convention,Reference,Instrument,Wavelength_Calibration_Technique,Source,Halpha_Index,Halpha_Index_Error,Full_Width_Half_Maximum,Bisetor,Signal_to_noise_ratio_in_order_55,Exposure_Time,Airmass,Barycentric_Earth_Radial_Velocity
2454045.733,99998202.0,1.239,"La Silla Observatory, Chile",HD17374,BJD,"Trifonov et al. (A&A 636, A74 (2020))",HARPS,ThAr,Trifonov,0.42680306,0.00088074,9.961662875,-0.676824739,81.3,150.001,,-9.09028158
2454370.743,-9459.324,1.143,"La Silla Observatory, Chile",HD17374,BJD,"Trifonov et al. (A&A 636, A74 (2020))",HARPS,ThAr,Trifonov,0.425540748,0.000653456,7.975737388,0.043270157,109.1,149.9969,,-5.27395074
2454371.722,-9449.241,1.154,"La Silla Observatory, Chile",HD17374,BJD,"Trifonov et al. (A&A 636, A74 (2020))",HARPS,ThAr,Trifonov,0.427306121,0.00067551,7.988781543,0.036445007,105.0,150.0002,,-5.386368842
2454623.937,-9483.633,1.139,"La Silla Observatory, Chile",HD17374,BJD,"Trifonov et al. (A&A 636, A74 (2020))",HARPS,ThAr,Trifonov,0.429799714,0.00064566,7.984732306,0.041153203,111.4,210.0,,8.934590036
2454684.838,-9474.915,1.125,"La Silla Observatory, Chile",HD17374,BJD,"Trifonov et al. (A&A 636, A74 (2020))",HARPS,ThAr,Trifonov,0.429296829,0.000600353,7.972959154,0.043887667,118.6,150.0,,2.444588999
2454685.765,-9469.995,1.121,"La Silla Observatory, Chile",HD17374,BJD,"Trifonov et al. (A&A 636, A74 (2020))",HARPS,ThAr,Trifonov,0.429668036,0.000596258,7.967769484,0.048346367,120.0,150.0,,2.347086261
2454785.66,-9529.499,1.026,"La Silla Observatory, Chile",HD17374,BJD,"Trifonov et al. (A&A 636, A74 (2020))",HARPS,ThAr,Trifonov,0.429668432,0.00082079,7.966548557,0.048724144,88.1,150.0,,-9.347318453
2454787.651,-9509.065,1.108,"La Silla Observatory, Chile",HD17374,BJD,"Trifonov et al. (A&A 636, A74 (2020))",HARPS,ThAr,Trifonov,0.426617964,0.000562136,7.984496186,0.051207897,127.9,150.0,,-9.376623962
2454788.701,-9522.262,1.072,"La Silla Observatory, Chile",HD17374,BJD,"Trifonov et al. (A&A 636, A74 (2020))",HARPS,ThAr,Trifonov,0.428391476,0.000453685,7.96412195,0.054249022,159.4,150.0,,-9.436969392
