Time,RV,Uncertainty,Observatory_Name,Star_Name,Time_Convention,Reference,Instrument,Wavelength_Calibration_Technique,Source,Halpha_Index,Halpha_Index_Error,Full_Width_Half_Maximum,Bisetor,Signal_to_noise_ratio_in_order_55,Exposure_Time,Airmass,Barycentric_Earth_Radial_Velocity
2454196.625,1823.32,1.769,La Silla Observatory,HD96118,BJD,"Trifonov et al. (A&A 636, A74 (2020))",HARPS,ThAr,Trifonov,0.343868711,0.000978088,17.08862346,0.016953451,64.4,64.4007,,2.554739981
2454231.606,9479.213,3.079,La Silla Observatory,HD96118,BJD,"Trifonov et al. (A&A 636, A74 (2020))",HARPS,ThAr,Trifonov,0.382658675,0.001661607,16.88411759,-0.202125949,40.3,59.998,,-7.10714868
2454454.844,-26900.707,4.052,La Silla Observatory,HD96118,BJD,"Trifonov et al. (A&A 636, A74 (2020))",HARPS,ThAr,Trifonov,0.522194696,0.002605319,96.24098126,0.0,31.1,32.6,,15.24083332
2454482.813,-17457.987,2.035,La Silla Observatory,HD96118,BJD,"Trifonov et al. (A&A 636, A74 (2020))",HARPS,ThAr,Trifonov,0.481060707,0.001275639,36.48385199,0.0,58.6,60.0,,16.81275114
2454526.726,-346.262,2.311,La Silla Observatory,HD96118,BJD,"Trifonov et al. (A&A 636, A74 (2020))",HARPS,ThAr,Trifonov,0.516408906,0.001579442,17.00705836,0.053952108,50.3,32.6,,11.51592767
2454548.681,6141.481,4.155,La Silla Observatory,HD96118,BJD,"Trifonov et al. (A&A 636, A74 (2020))",HARPS,ThAr,Trifonov,0.416922281,0.002415716,16.88940135,-0.282358187,30.2,30.0,,6.158628474
2454566.592,9554.948,1.944,La Silla Observatory,HD96118,BJD,"Trifonov et al. (A&A 636, A74 (2020))",HARPS,ThAr,Trifonov,0.373122502,0.001165614,17.3091722,-0.476557936,56.4,45.0,,1.244402533
2454620.523,5494.267,1.945,La Silla Observatory,HD96118,BJD,"Trifonov et al. (A&A 636, A74 (2020))",HARPS,ThAr,Trifonov,0.349607137,0.001042237,16.81712445,-0.090291107,61.1,300.0,,-12.26157643
