Time,RV,Uncertainty,Observatory_Name,Star_Name,Time_Convention,Reference,Instrument,Wavelength_Calibration_Technique,Source,Halpha_Index,Halpha_Index_Error,Full_Width_Half_Maximum,Bisetor,Signal_to_noise_ratio_in_order_55,Exposure_Time,Airmass,Barycentric_Earth_Radial_Velocity
2458064.698,-6.435,1.742,La Silla Observatory,HD286123,BJD,"Trifonov et al. (A&A 636, A74 (2020))",HARPS,ThAr,Trifonov,0.405267247,0.001984249,7.633988692,0.01199132,41.3,299.9982,,14.77363726
2458064.702,-0.03,1.76,La Silla Observatory,HD286123,BJD,"Trifonov et al. (A&A 636, A74 (2020))",HARPS,ThAr,Trifonov,0.405267613,0.001995499,7.633159322,-0.006998544,41.2,299.9983,,14.76373607
2458065.684,-4.063,2.569,La Silla Observatory,HD286123,BJD,"Trifonov et al. (A&A 636, A74 (2020))",HARPS,ThAr,Trifonov,0.412529831,0.003062978,7.632026443,0.00727972,28.5,299.9982,,14.35155895
2458065.688,0.694,2.856,La Silla Observatory,HD286123,BJD,"Trifonov et al. (A&A 636, A74 (2020))",HARPS,ThAr,Trifonov,0.404451451,0.00340454,7.632625293,0.005577029,25.9,299.9982,,14.34212936
2458066.733,5.135,2.225,La Silla Observatory,HD286123,BJD,"Trifonov et al. (A&A 636, A74 (2020))",HARPS,ThAr,Trifonov,0.412287088,0.002678454,7.604596952,0.009792916,31.8,299.9982,,13.76136471
2458066.736,-0.356,2.047,La Silla Observatory,HD286123,BJD,"Trifonov et al. (A&A 636, A74 (2020))",HARPS,ThAr,Trifonov,0.402349022,0.002422576,7.632323835,0.019479936,34.3,299.9982,,13.75076861
2458067.707,6.388,2.508,La Silla Observatory,HD286123,BJD,"Trifonov et al. (A&A 636, A74 (2020))",HARPS,ThAr,Trifonov,0.400725865,0.002807646,7.604651107,0.004846727,29.9,299.9982,,13.36462419
2458067.711,3.533,2.257,La Silla Observatory,HD286123,BJD,"Trifonov et al. (A&A 636, A74 (2020))",HARPS,ThAr,Trifonov,0.403967096,0.002565582,7.628338687,0.013918944,32.5,299.9982,,13.35490284
