Time,RV,Uncertainty,Observatory_Site,Star_Name,Time_Convention,Reference,Instrument,Wavelength_Calibration_Technique,Source,Halpha_Index,Halpha_Index_Error,Full_Width_Half_Maximum,Bisetor,Signal_to_noise_ratio_in_order_55,Exposure_Time,Airmass,Barycentric_Earth_Radial_Velocity
2455609.812,-1410.686,2.544,"La Silla Observatory, Chile",HD123732,BJD,"Trifonov et al. (A&A 636, A74 (2020))",HARPS,ThAr,Trifonov,0.805337435,0.001444656,2.730099209,-4.24609052,77.2,150.0054,,25.22913953
2455609.814,445.211,2.837,"La Silla Observatory, Chile",HD123732,BJD,"Trifonov et al. (A&A 636, A74 (2020))",HARPS,ThAr,Trifonov,0.813375807,0.001608006,1.348455021,0.0,69.6,149.9996,,25.22625078
2455609.816,-300.526,2.504,"La Silla Observatory, Chile",HD123732,BJD,"Trifonov et al. (A&A 636, A74 (2020))",HARPS,ThAr,Trifonov,0.81058147,0.001421859,5.92491988,-1096.137926,78.7,150.0053,,25.22237999
2455609.818,-18.953,2.659,"La Silla Observatory, Chile",HD123732,BJD,"Trifonov et al. (A&A 636, A74 (2020))",HARPS,ThAr,Trifonov,0.812341291,0.001489451,1.430464541,0.0,75.6,150.0063,,25.21913272
2455609.821,515.413,2.566,"La Silla Observatory, Chile",HD123732,BJD,"Trifonov et al. (A&A 636, A74 (2020))",HARPS,ThAr,Trifonov,0.808182011,0.001480498,9.504987968,-4.282616608,75.3,150.0056,,25.21541295
2455609.823,-1027.033,2.626,"La Silla Observatory, Chile",HD123732,BJD,"Trifonov et al. (A&A 636, A74 (2020))",HARPS,ThAr,Trifonov,0.809820862,0.00148252,5.820514395,0.0,75.5,150.005,,25.21210979
2455609.825,1879.11,2.772,"La Silla Observatory, Chile",HD123732,BJD,"Trifonov et al. (A&A 636, A74 (2020))",HARPS,ThAr,Trifonov,0.813774444,0.001591083,1.211499564,0.0,70.8,150.0043,,25.20829619
2455609.827,338.811,2.932,"La Silla Observatory, Chile",HD123732,BJD,"Trifonov et al. (A&A 636, A74 (2020))",HARPS,ThAr,Trifonov,0.811823413,0.001638408,2.22352234,-116208.9978,68.7,150.0059,,25.20464462
