Time,RV,Uncertainty,Observatory_Site,Star_Name,Time_Convention,Reference,Instrument,Wavelength_Calibration_Technique,Source,Halpha_Index,Halpha_Index_Error,Full_Width_Half_Maximum,Bisetor,Signal_to_noise_ratio_in_order_55,Exposure_Time,Airmass,Barycentric_Earth_Radial_Velocity
2453035.87,5.933,1.219,"La Silla Observatory, Chile",HIP51443,BJD,"Trifonov et al. (A&A 636, A74 (2020))",HARPS,ThAr,Trifonov,0.658155228,0.001333135,173.9160157,14.63298848,65.8,568.0005,,16.08781587
2453037.793,2.265,1.255,"La Silla Observatory, Chile",HIP51443,BJD,"Trifonov et al. (A&A 636, A74 (2020))",HARPS,ThAr,Trifonov,0.645685185,0.001411589,172.0230261,-828.7565506,61.2,413.6007,,15.52645784
2453363.864,-8.907,1.333,"La Silla Observatory, Chile",HIP51443,BJD,"Trifonov et al. (A&A 636, A74 (2020))",HARPS,ThAr,Trifonov,0.632149045,0.001467753,63.66561444,-72.40719993,57.9,313.1964,,25.79623027
2453364.817,-2.85,1.253,"La Silla Observatory, Chile",HIP51443,BJD,"Trifonov et al. (A&A 636, A74 (2020))",HARPS,ThAr,Trifonov,0.630823535,0.001331772,172.6525824,10.91362936,63.6,314.8003,,25.78389614
2453492.519,-0.887,1.503,"La Silla Observatory, Chile",HIP51443,BJD,"Trifonov et al. (A&A 636, A74 (2020))",HARPS,ThAr,Trifonov,0.664548988,0.00181683,6.466626803,0.032680823,48.0,314.7807,,-20.67702838
2454547.646,5.677,1.024,"La Silla Observatory, Chile",HIP51443,BJD,"Trifonov et al. (A&A 636, A74 (2020))",HARPS,ThAr,Trifonov,0.658991716,0.001288817,6.482956243,0.026736302,68.4,377.8,,-5.810139843
2454559.697,-14.693,1.323,"La Silla Observatory, Chile",HIP51443,BJD,"Trifonov et al. (A&A 636, A74 (2020))",HARPS,ThAr,Trifonov,0.640167735,0.001602747,6.414084926,0.035961416,54.9,314.8,,-11.12915871
2454871.67,10.248,1.608,"La Silla Observatory, Chile",HIP51443,BJD,"Trifonov et al. (A&A 636, A74 (2020))",HARPS,ThAr,Trifonov,0.67017702,0.001867457,6.519262768,0.034659545,48.7,314.8,,12.77168265
2456755.729,4.369,2.32,"La Silla Observatory, Chile",HIP51443,BJD,"Trifonov et al. (A&A 636, A74 (2020))",HARPS,ThAr,Trifonov,0.638810417,0.002618115,6.448941605,0.043246585,34.3,792.822,,-13.0261316
