Time,RV,Uncertainty,Observatory_Site,Star_Name,Time_Convention,Reference,Instrument,Wavelength_Calibration_Technique,Source,Halpha_Index,Halpha_Index_Error,Full_Width_Half_Maximum,Bisetor,Signal_to_noise_ratio_in_order_55,Exposure_Time,Airmass,Barycentric_Earth_Radial_Velocity
2452944.786,27055.664,2.521,"La Silla Observatory, Chile",HD21977,BJD,"Trifonov et al. (A&A 636, A74 (2020))",HARPS,ThAr,Trifonov,0.407281702,0.00179393,7.273725476,-0.012990388,40.9,64.5962,,4.82631593
2453724.642,27063.709,1.332,"La Silla Observatory, Chile",HD21977,BJD,"Trifonov et al. (A&A 636, A74 (2020))",HARPS,ThAr,Trifonov,0.410101874,0.00104654,7.282929183,-0.015957585,70.9,119.9998,,-17.63289415
2454872.58,27066.946,2.396,"La Silla Observatory, Chile",HD21977,BJD,"Trifonov et al. (A&A 636, A74 (2020))",HARPS,ThAr,Trifonov,0.408415208,0.001942634,7.299674475,0.001026147,40.6,98.5,,-28.10359341
2455108.867,27065.448,1.669,"La Silla Observatory, Chile",HD21977,BJD,"Trifonov et al. (A&A 636, A74 (2020))",HARPS,ThAr,Trifonov,0.407725611,0.001418928,7.284555514,-0.006709843,55.9,600.0002,,16.54521123
2455217.626,27061.642,2.235,"La Silla Observatory, Chile",HD21977,BJD,"Trifonov et al. (A&A 636, A74 (2020))",HARPS,ThAr,Trifonov,0.408042732,0.001909629,7.291779656,-0.008902675,42.5,81.9993,,-26.66190583
2455218.61,27065.857,1.66,"La Silla Observatory, Chile",HD21977,BJD,"Trifonov et al. (A&A 636, A74 (2020))",HARPS,ThAr,Trifonov,0.405307939,0.001401916,7.28710904,-0.012103982,56.1,81.9998,,-26.78519518
2455262.533,27057.439,1.717,"La Silla Observatory, Chile",HD21977,BJD,"Trifonov et al. (A&A 636, A74 (2020))",HARPS,ThAr,Trifonov,0.407435592,0.001352394,7.291563677,-0.023753046,56.4,123.099,,-25.24463553
2456289.622,27060.535,1.497,"La Silla Observatory, Chile",HD21977,BJD,"Trifonov et al. (A&A 636, A74 (2020))",HARPS,ThAr,Trifonov,0.40705431,0.001205906,7.294637697,-0.015380976,66.1,196.0608,,-20.5713455
