Time,RV,Uncertainty,Observatory_Site,Star_Name,Time_Convention,Reference,Instrument,Wavelength_Calibration_Technique,Source,Halpha_Index,Halpha_Index_Error,Full_Width_Half_Maximum,Bisetor,Signal_to_noise_ratio_in_order_55,Exposure_Time,Airmass,Barycentric_Earth_Radial_Velocity
2454579.552,99997754.41,1.076,"La Silla Observatory, Chile",HD42719,BJD,"Trifonov et al. (A&A 636, A74 (2020))",HARPS,ThAr,Trifonov,0.400003989,0.000363516,8.015594133,-0.646870338,200.8,900.0,,-7.17834514
2454580.511,35212.581,1.087,"La Silla Observatory, Chile",HD42719,BJD,"Trifonov et al. (A&A 636, A74 (2020))",HARPS,ThAr,Trifonov,0.400520461,0.000403234,8.420951607,0.018441366,183.3,900.0,,-7.088462721
2454581.517,35213.933,1.079,"La Silla Observatory, Chile",HD42719,BJD,"Trifonov et al. (A&A 636, A74 (2020))",HARPS,ThAr,Trifonov,0.398616649,0.000371697,8.425368414,0.019484811,196.0,900.0,,-7.03166206
2455883.752,35211.296,1.089,"La Silla Observatory, Chile",HD42719,BJD,"Trifonov et al. (A&A 636, A74 (2020))",HARPS,ThAr,Trifonov,0.401742965,0.000390357,8.427642584,0.018050903,192.3,899.9994,,5.111547495
2456184.823,35207.209,1.293,"La Silla Observatory, Chile",HD42719,BJD,"Trifonov et al. (A&A 636, A74 (2020))",HARPS,ThAr,Trifonov,0.420916759,0.000784657,8.504922375,0.019119055,96.5,900.0006,,7.783655652
2456562.82,35209.759,0.964,"La Silla Observatory, Chile",HD42719,BJD,"Trifonov et al. (A&A 636, A74 (2020))",HARPS,ThAr,Trifonov,0.403369251,0.000396483,8.441302189,0.017959445,189.1,900.0009,,7.974856109
2456563.766,35211.461,1.127,"La Silla Observatory, Chile",HD42719,BJD,"Trifonov et al. (A&A 636, A74 (2020))",HARPS,ThAr,Trifonov,0.40400806,0.000459166,8.442505264,0.019727545,161.4,900.0015,,8.02910067
2456563.888,35212.103,1.086,"La Silla Observatory, Chile",HD42719,BJD,"Trifonov et al. (A&A 636, A74 (2020))",HARPS,ThAr,Trifonov,0.404258718,0.000375168,8.4411668,0.013288232,200.6,900.0002,,7.879928497
