Time,RV,Uncertainty,Observatory_Site,Star_Name,Time_Convention,Reference,Instrument,Wavelength_Calibration_Technique,Source,Halpha_Index,Halpha_Index_Error,Full_Width_Half_Maximum,Bisetor,Signal_to_noise_ratio_in_order_55,Exposure_Time,Airmass,Barycentric_Earth_Radial_Velocity
2452943.774,15807.723,3.424,"La Silla Observatory, Chile",HD28807,BJD,"Trifonov et al. (A&A 636, A74 (2020))",HARPS,ThAr,Trifonov,0.383907491,0.002280845,8.938300141,0.081121874,33.6,31.4959,,10.74485006
2453373.706,15808.593,1.85,"La Silla Observatory, Chile",HD28807,BJD,"Trifonov et al. (A&A 636, A74 (2020))",HARPS,ThAr,Trifonov,0.371352111,0.001258768,8.945017693,0.0806459,57.0,80.1775,,-16.01883007
2454902.518,15804.185,1.964,"La Silla Observatory, Chile",HD28807,BJD,"Trifonov et al. (A&A 636, A74 (2020))",HARPS,ThAr,Trifonov,0.375998233,0.001610965,8.956697003,0.079735007,51.4,32.1,,-24.00568819
2455828.9,15810.172,1.14,"La Silla Observatory, Chile",HD28807,BJD,"Trifonov et al. (A&A 636, A74 (2020))",HARPS,ThAr,Trifonov,0.377387304,0.000762081,8.950537149,0.083932115,101.2,120.0056,,21.67332159
2455928.579,15807.655,1.37,"La Silla Observatory, Chile",HD28807,BJD,"Trifonov et al. (A&A 636, A74 (2020))",HARPS,ThAr,Trifonov,0.367322708,0.000844449,8.957298712,0.087070646,89.4,600.0051,,-15.07026953
2456226.879,15807.684,1.417,"La Silla Observatory, Chile",HD28807,BJD,"Trifonov et al. (A&A 636, A74 (2020))",HARPS,ThAr,Trifonov,0.374884058,0.000748122,8.951215909,0.077363055,102.2,300.53,,12.09648334
2456248.758,15812.046,1.084,"La Silla Observatory, Chile",HD28807,BJD,"Trifonov et al. (A&A 636, A74 (2020))",HARPS,ThAr,Trifonov,0.377652886,0.000658794,8.952622366,0.077926443,117.5,360.0015,,3.40092241
