Time,RV,Uncertainty,Observatory_Site,Star_Name,Time_Convention,Reference,Instrument,Wavelength_Calibration_Technique,Source,Halpha_Index,Halpha_Index_Error,Full_Width_Half_Maximum,Bisetor,Signal_to_noise_ratio_in_order_55,Exposure_Time,Airmass,Barycentric_Earth_Radial_Velocity
2453063.847,19286.936,1.475,"La Silla Observatory, Chile",HD115341,BJD,"Trifonov et al. (A&A 636, A74 (2020))",HARPS,ThAr,Trifonov,0.400403022,0.001190477,7.567295599,0.011164474,61.8,216.3952,,19.84298755
2453066.853,19286.417,2.111,"La Silla Observatory, Chile",HD115341,BJD,"Trifonov et al. (A&A 636, A74 (2020))",HARPS,ThAr,Trifonov,0.399121648,0.001577667,7.571969554,0.013156988,47.4,176.0959,,18.59063964
2453783.893,19282.018,2.748,"La Silla Observatory, Chile",HD115341,BJD,"Trifonov et al. (A&A 636, A74 (2020))",HARPS,ThAr,Trifonov,0.402960479,0.002151828,7.599625171,0.008543164,35.6,60.0013,,23.61170331
2454921.847,19292.342,2.358,"La Silla Observatory, Chile",HD115341,BJD,"Trifonov et al. (A&A 636, A74 (2020))",HARPS,ThAr,Trifonov,0.404354239,0.001978993,7.598153956,0.001892026,41.0,60.0,,4.979256942
2455293.728,19286.393,1.969,"La Silla Observatory, Chile",HD115341,BJD,"Trifonov et al. (A&A 636, A74 (2020))",HARPS,ThAr,Trifonov,0.398818496,0.001743315,7.569234028,0.00093739,45.8,60.0071,,1.856498183
2455303.66,19286.169,1.604,"La Silla Observatory, Chile",HD115341,BJD,"Trifonov et al. (A&A 636, A74 (2020))",HARPS,ThAr,Trifonov,0.399895771,0.001283502,7.581141007,0.003402548,60.2,900.0071,,-3.10891746
2455785.476,19291.118,1.48,"La Silla Observatory, Chile",HD115341,BJD,"Trifonov et al. (A&A 636, A74 (2020))",HARPS,ThAr,Trifonov,0.398919653,0.001102255,7.589911451,0.009263406,69.0,180.0,,-25.79566019
2456312.87,19277.192,2.718,"La Silla Observatory, Chile",HD115341,BJD,"Trifonov et al. (A&A 636, A74 (2020))",HARPS,ThAr,Trifonov,0.404984362,0.002252462,7.578381512,0.014252392,36.9,441.9208,,29.87282752
2456327.862,19289.332,1.426,"La Silla Observatory, Chile",HD115341,BJD,"Trifonov et al. (A&A 636, A74 (2020))",HARPS,ThAr,Trifonov,0.400066415,0.001162573,7.595480327,0.004262374,67.1,120.0009,,27.35730626
