Time,RV,Uncertainty,Observatory_Site,Star_Name,Time_Convention,Reference,Instrument,Wavelength_Calibration_Technique,Source,Halpha_Index,Halpha_Index_Error,Full_Width_Half_Maximum,Bisetor,Signal_to_noise_ratio_in_order_55,Exposure_Time,Airmass,Barycentric_Earth_Radial_Velocity
2453766.851,48954.513,1.131,"La Silla Observatory, Chile",HD138716,BJD,"Trifonov et al. (A&A 636, A74 (2020))",HARPS,ThAr,Trifonov,0.46211433,0.000766807,7.336522889,0.004276354,97.7,30.0012,,29.41745349
2453766.851,48953.029,1.127,"La Silla Observatory, Chile",HD138716,BJD,"Trifonov et al. (A&A 636, A74 (2020))",HARPS,ThAr,Trifonov,0.462204577,0.000755766,7.341143313,0.004029707,99.2,30.0006,,29.41627066
2453827.793,48967.39,1.081,"La Silla Observatory, Chile",HD138716,BJD,"Trifonov et al. (A&A 636, A74 (2020))",HARPS,ThAr,Trifonov,0.457375455,0.000553134,7.339606607,-0.000525915,131.1,29.9997,,19.89332183
2453860.692,48960.966,1.08,"La Silla Observatory, Chile",HD138716,BJD,"Trifonov et al. (A&A 636, A74 (2020))",HARPS,ThAr,Trifonov,0.467171926,0.00056264,7.344379815,0.006032132,130.6,30.0005,,5.176892192
2453873.581,48948.952,1.059,"La Silla Observatory, Chile",HD138716,BJD,"Trifonov et al. (A&A 636, A74 (2020))",HARPS,ThAr,Trifonov,0.467067528,0.0004726,7.34063502,0.003917374,153.7,29.9993,,-1.00658215
2453879.719,48961.112,1.294,"La Silla Observatory, Chile",HD138716,BJD,"Trifonov et al. (A&A 636, A74 (2020))",HARPS,ThAr,Trifonov,0.468413958,0.001106005,7.336462271,0.004063628,67.9,30.0011,,-4.390286405
2454193.913,48965.411,1.042,"La Silla Observatory, Chile",HD138716,BJD,"Trifonov et al. (A&A 636, A74 (2020))",HARPS,ThAr,Trifonov,0.460560663,0.000394819,7.345616736,0.003007408,187.7,30.0009,,19.27227249
2454246.671,48968.305,0.959,"La Silla Observatory, Chile",HD138716,BJD,"Trifonov et al. (A&A 636, A74 (2020))",HARPS,ThAr,Trifonov,0.463434958,0.000590361,7.348658395,0.002986771,125.3,29.9947,,-5.11488725
2454312.565,48961.327,0.744,"La Silla Observatory, Chile",HD138716,BJD,"Trifonov et al. (A&A 636, A74 (2020))",HARPS,ThAr,Trifonov,0.462633511,0.000570828,7.345903295,0.002279805,129.4,29.999,,-28.03296402
