Time,RV,Uncertainty,Observatory_Site,Star_Name,Time_Convention,Reference,Instrument,Wavelength_Calibration_Technique,Source,Halpha_Index,Halpha_Index_Error,Full_Width_Half_Maximum,Bisetor,Signal_to_noise_ratio_in_order_55,Exposure_Time,Airmass,Barycentric_Earth_Radial_Velocity
2453006.708,847.523,1.724,"La Silla Observatory, Chile",HD43180,BJD,"Trifonov et al. (A&A 636, A74 (2020))",HARPS,ThAr,Trifonov,0.4191299,0.001460483,7.091395666,-0.019425216,50.5,308.9906,,-1.127413518
2453047.581,759.713,2.314,"La Silla Observatory, Chile",HD43180,BJD,"Trifonov et al. (A&A 636, A74 (2020))",HARPS,ThAr,Trifonov,0.417729703,0.002058959,7.100732719,-0.007881207,36.5,185.3962,,-8.518368001
2453048.535,759.319,2.365,"La Silla Observatory, Chile",HD43180,BJD,"Trifonov et al. (A&A 636, A74 (2020))",HARPS,ThAr,Trifonov,0.417424584,0.002217226,7.093572761,-0.007711409,34.9,79.5971,,-8.57338998
2453049.571,756.551,1.52,"La Silla Observatory, Chile",HD43180,BJD,"Trifonov et al. (A&A 636, A74 (2020))",HARPS,ThAr,Trifonov,0.412378565,0.001486488,7.092347347,-0.013406688,51.3,123.5971,,-8.787330395
2453050.584,759.913,1.512,"La Silla Observatory, Chile",HD43180,BJD,"Trifonov et al. (A&A 636, A74 (2020))",HARPS,ThAr,Trifonov,0.415350553,0.0014711,7.097476126,-0.016315128,52.0,124.6958,,-8.952017669
2453057.608,744.137,1.426,"La Silla Observatory, Chile",HD43180,BJD,"Trifonov et al. (A&A 636, A74 (2020))",HARPS,ThAr,Trifonov,0.413167234,0.001411994,7.100262544,-0.01705681,54.9,186.9967,,-9.893384838
2453063.551,737.61,1.63,"La Silla Observatory, Chile",HD43180,BJD,"Trifonov et al. (A&A 636, A74 (2020))",HARPS,ThAr,Trifonov,0.418786444,0.001602957,7.117280884,-0.023102076,47.7,251.5962,,-10.42800038
2453309.863,-1615.224,1.53,"La Silla Observatory, Chile",HD43180,BJD,"Trifonov et al. (A&A 636, A74 (2020))",HARPS,ThAr,Trifonov,0.417283115,0.001407682,7.114815453,-0.008580915,52.9,92.501,,9.787032732
2453315.809,-1733.758,1.214,"La Silla Observatory, Chile",HD43180,BJD,"Trifonov et al. (A&A 636, A74 (2020))",HARPS,ThAr,Trifonov,0.41855975,0.000968939,7.105589813,-0.022617755,75.8,185.0004,,9.162630934
