Time,RV,Uncertainty,Observatory_Site,Star_Name,Time_Convention,Reference,Instrument,Wavelength_Calibration_Technique,Source,Halpha_Index,Halpha_Index_Error,Full_Width_Half_Maximum,Bisetor,Signal_to_noise_ratio_in_order_55,Exposure_Time,Airmass,Barycentric_Earth_Radial_Velocity
2453511.897,14918.652,1.605,"La Silla Observatory, Chile",GJ9655,BJD,"Trifonov et al. (A&A 636, A74 (2020))",HARPS,ThAr,Trifonov,0.744803354,0.001639193,12.28705924,2.831233674,51.9,900.0012,,22.34486157
2453945.699,-18674.439,1.761,"La Silla Observatory, Chile",GJ9655,BJD,"Trifonov et al. (A&A 636, A74 (2020))",HARPS,ThAr,Trifonov,0.73919682,0.001934338,5.224166408,-385.152122,44.8,900.0015,,-8.539106934
2455017.811,52662.175,2.067,"La Silla Observatory, Chile",GJ9655,BJD,"Trifonov et al. (A&A 636, A74 (2020))",HARPS,ThAr,Trifonov,0.727056158,0.002090168,5.84359077,0.068420827,42.6,899.9995,,2.9917537
2456169.681,52629.282,2.275,"La Silla Observatory, Chile",GJ9655,BJD,"Trifonov et al. (A&A 636, A74 (2020))",HARPS,ThAr,Trifonov,0.741829976,0.002127197,6.792110702,0.04061257,41.8,900.0002,,-22.24436313
2456197.57,52671.615,2.675,"La Silla Observatory, Chile",GJ9655,BJD,"Trifonov et al. (A&A 636, A74 (2020))",HARPS,ThAr,Trifonov,0.758136765,0.002492955,6.05366701,0.051451044,36.4,899.9998,,-28.94362813
2456457.929,52665.118,2.432,"La Silla Observatory, Chile",GJ9655,BJD,"Trifonov et al. (A&A 636, A74 (2020))",HARPS,ThAr,Trifonov,0.733543907,0.00226211,6.041569859,0.079219593,39.8,900.0017,,12.79087325
2456497.801,52671.691,2.784,"La Silla Observatory, Chile",GJ9655,BJD,"Trifonov et al. (A&A 636, A74 (2020))",HARPS,ThAr,Trifonov,0.735297331,0.002913911,5.941732604,0.09871058,30.6,900.0015,,-6.427853314
2456761.903,52673.909,2.116,"La Silla Observatory, Chile",GJ9655,BJD,"Trifonov et al. (A&A 636, A74 (2020))",HARPS,ThAr,Trifonov,0.741490282,0.002006517,5.995119747,0.082298534,44.7,900.002,,29.72169173
