Time,RV,Uncertainty,Observatory_Site,Star_Name,Time_Convention,Reference,Instrument,Wavelength_Calibration_Technique,Source,Halpha_Index,Halpha_Index_Error,Full_Width_Half_Maximum,Bisetor,Signal_to_noise_ratio_in_order_55,Exposure_Time,Airmass,Barycentric_Earth_Radial_Velocity
2453362.773,2627.728,1.986,"La Silla Observatory, Chile",HD273832,BJD,"Trifonov et al. (A&A 636, A74 (2020))",HARPS,ThAr,Trifonov,0.458779007,0.001530225,8.565720235,-0.014499068,52.7,300.0023,,-4.558937683
2453363.734,2614.113,2.322,"La Silla Observatory, Chile",HD273832,BJD,"Trifonov et al. (A&A 636, A74 (2020))",HARPS,ThAr,Trifonov,0.460698801,0.001701744,8.684753458,-0.011504583,46.5,380.0016,,-4.656876808
2453364.704,2561.183,2.03,"La Silla Observatory, Chile",HD273832,BJD,"Trifonov et al. (A&A 636, A74 (2020))",HARPS,ThAr,Trifonov,0.462883822,0.001516691,8.634089299,0.053961807,52.4,382.0004,,-4.760795755
2453365.653,2593.82,2.604,"La Silla Observatory, Chile",HD273832,BJD,"Trifonov et al. (A&A 636, A74 (2020))",HARPS,ThAr,Trifonov,0.462347678,0.001971171,8.616916595,0.020129871,41.0,382.5959,,-4.824050515
2453365.835,2599.499,5.48,"La Silla Observatory, Chile",HD273832,BJD,"Trifonov et al. (A&A 636, A74 (2020))",HARPS,ThAr,Trifonov,0.46896275,0.004808624,8.62642128,0.084311787,17.7,101.3964,,-5.096210404
2453407.617,2621.262,2.223,"La Silla Observatory, Chile",HD273832,BJD,"Trifonov et al. (A&A 636, A74 (2020))",HARPS,ThAr,Trifonov,0.462495055,0.001604351,8.570356684,0.001214882,49.3,760.001,,-9.456453192
2453470.487,2606.014,2.807,"La Silla Observatory, Chile",HD273832,BJD,"Trifonov et al. (A&A 636, A74 (2020))",HARPS,ThAr,Trifonov,0.45751346,0.002039672,8.604039616,-0.006388452,39.5,379.9827,,-7.191625342
