Time,RV,Uncertainty,Observatory_Site,Star_Name,Time_Convention,Reference,Instrument,Wavelength_Calibration_Technique,Source,Halpha_Index,Halpha_Index_Error,Full_Width_Half_Maximum,Bisetor,Signal_to_noise_ratio_in_order_55,Exposure_Time,Airmass,Barycentric_Earth_Radial_Velocity
2454365.687,4953.918,1.218,"La Silla Observatory, Chile",HD218960,BJD,"Trifonov et al. (A&A 636, A74 (2020))",HARPS,ThAr,Trifonov,0.415536912,0.00074822,7.60392547,-0.008228513,100.3,899.9999,,-12.62844483
2454724.649,4952.185,1.003,"La Silla Observatory, Chile",HD218960,BJD,"Trifonov et al. (A&A 636, A74 (2020))",HARPS,ThAr,Trifonov,0.416783394,0.000673566,7.602437585,-0.007847416,112.4,900.0,,-10.49299222
2454725.638,4950.887,1.184,"La Silla Observatory, Chile",HD218960,BJD,"Trifonov et al. (A&A 636, A74 (2020))",HARPS,ThAr,Trifonov,0.413754261,0.000798082,7.601624677,-0.009926627,93.9,900.0,,-10.80582889
2455787.835,4949.9,1.167,"La Silla Observatory, Chile",HD218960,BJD,"Trifonov et al. (A&A 636, A74 (2020))",HARPS,ThAr,Trifonov,0.416960767,0.000659483,7.606463784,-0.007116361,120.7,900.0,,1.116537406
2456063.929,4950.682,1.234,"La Silla Observatory, Chile",HD218960,BJD,"Trifonov et al. (A&A 636, A74 (2020))",HARPS,ThAr,Trifonov,0.419678575,0.000954655,7.615259576,-0.004363303,80.9,899.9939,,22.02308047
2456183.661,4952.854,1.053,"La Silla Observatory, Chile",HD218960,BJD,"Trifonov et al. (A&A 636, A74 (2020))",HARPS,ThAr,Trifonov,0.415864866,0.000755323,7.614972603,-0.013000762,102.8,900.0004,,-9.816974899
2456302.568,4955.106,1.375,"La Silla Observatory, Chile",HD218960,BJD,"Trifonov et al. (A&A 636, A74 (2020))",HARPS,ThAr,Trifonov,0.414063818,0.00097838,7.620407938,-0.015379769,78.7,900.0013,,-13.17701335
2456444.895,4954.627,1.351,"La Silla Observatory, Chile",HD218960,BJD,"Trifonov et al. (A&A 636, A74 (2020))",HARPS,ThAr,Trifonov,0.415374299,0.000972173,7.607622671,-0.006933919,79.1,900.0009,,21.1455598
2456561.659,4955.306,1.251,"La Silla Observatory, Chile",HD218960,BJD,"Trifonov et al. (A&A 636, A74 (2020))",HARPS,ThAr,Trifonov,0.416768778,0.000796531,7.615632684,-0.008078597,97.8,900.001,,-13.93248702
