Time,RV,Uncertainty,Observatory_Name,Star_Name,Time_Convention,Reference,Instrument,Wavelength_Calibration_Technique,Source,Halpha_Index,Halpha_Index_Error,Full_Width_Half_Maximum,Bisetor,Signal_to_noise_ratio_in_order_55,Exposure_Time,Airmass,Barycentric_Earth_Radial_Velocity
2453501.801,3.215,1.394,La Silla Observatory,HD180263,BJD,"Trifonov et al. (A&A 636, A74 (2020))",HARPS,ThAr,Trifonov,0.501103068,0.001500925,,,53.7,899.9996,,21.96098842
2453502.826,-0.705,0.559,La Silla Observatory,HD180263,BJD,"Trifonov et al. (A&A 636, A74 (2020))",HARPS,ThAr,Trifonov,0.509566968,0.000372722,6.38290617,0.022611352,217.0,900.0002,,21.68650556
2453503.817,2.568,2.386,La Silla Observatory,HD180263,BJD,"Trifonov et al. (A&A 636, A74 (2020))",HARPS,ThAr,Trifonov,0.49543686,0.002765214,6.37464934,0.015284354,30.0,180.0002,,21.49403468
2453504.803,1.617,0.918,La Silla Observatory,HD180263,BJD,"Trifonov et al. (A&A 636, A74 (2020))",HARPS,ThAr,Trifonov,0.504455877,0.000985923,6.390192747,0.025449526,81.0,180.0022,,21.30780991
2453506.889,0.307,1.16,La Silla Observatory,HD180263,BJD,"Trifonov et al. (A&A 636, A74 (2020))",HARPS,ThAr,Trifonov,0.504684684,0.001284858,6.396076653,0.016210077,61.6,180.0001,,20.61656611
2453508.872,4.165,1.512,La Silla Observatory,HD180263,BJD,"Trifonov et al. (A&A 636, A74 (2020))",HARPS,ThAr,Trifonov,0.509456742,0.001729138,6.378800284,0.029193606,47.2,180.0026,,20.17645638
2453509.744,-0.85,1.198,La Silla Observatory,HD180263,BJD,"Trifonov et al. (A&A 636, A74 (2020))",HARPS,ThAr,Trifonov,0.507942278,0.001371581,6.382241115,0.016432401,58.4,180.0005,,20.26173172
2453510.853,-3.282,1.008,La Silla Observatory,HD180263,BJD,"Trifonov et al. (A&A 636, A74 (2020))",HARPS,ThAr,Trifonov,0.506100018,0.001146295,6.393730393,0.013749717,70.7,179.9945,,19.722408
