Time,RV,Uncertainty,Observatory_Site,Star_Name,Time_Convention,Reference,Instrument,Wavelength_Calibration_Technique,Source,Halpha_Index,Halpha_Index_Error,Full_Width_Half_Maximum,Bisetor,Signal_to_noise_ratio_in_order_55,Exposure_Time,Airmass,Barycentric_Earth_Radial_Velocity
2453462.751,-24746.014,1.27,"La Silla Observatory, Chile",HD142072,BJD,"Trifonov et al. (A&A 636, A74 (2020))",HARPS,ThAr,Trifonov,0.450833565,0.000635517,9.695357394,-0.037793449,120.5,300.0006,,20.17438131
2453465.867,-24744.657,1.275,"La Silla Observatory, Chile",HD142072,BJD,"Trifonov et al. (A&A 636, A74 (2020))",HARPS,ThAr,Trifonov,0.44719885,0.00063067,9.814586452,-0.011749382,121.8,300.0008,,18.74434122
2453467.795,-29106.992,1.444,"La Silla Observatory, Chile",HD142072,BJD,"Trifonov et al. (A&A 636, A74 (2020))",HARPS,ThAr,Trifonov,0.447410104,0.000877681,12.70989122,0.0,87.3,300.0012,,18.19299681
2453499.671,-24711.4,1.376,"La Silla Observatory, Chile",HD142072,BJD,"Trifonov et al. (A&A 636, A74 (2020))",HARPS,ThAr,Trifonov,0.447701351,0.000821504,9.663623033,-0.042844979,94.2,299.9824,,4.327926943
2453521.636,-24754.197,1.456,"La Silla Observatory, Chile",HD142072,BJD,"Trifonov et al. (A&A 636, A74 (2020))",HARPS,ThAr,Trifonov,0.447211379,0.000894214,9.716400725,-0.016525593,85.3,299.9994,,-6.111564624
2453828.783,-24700.633,1.379,"La Silla Observatory, Chile",HD142072,BJD,"Trifonov et al. (A&A 636, A74 (2020))",HARPS,ThAr,Trifonov,0.452526332,0.000811465,9.865189096,-0.062575725,96.3,300.0002,,19.81087632
2453860.824,-24799.04,1.428,"La Silla Observatory, Chile",HD142072,BJD,"Trifonov et al. (A&A 636, A74 (2020))",HARPS,ThAr,Trifonov,0.450988355,0.000864811,9.773275845,0.039850619,88.8,300.0011,,5.907910661
2453891.733,-24820.752,1.337,"La Silla Observatory, Chile",HD142072,BJD,"Trifonov et al. (A&A 636, A74 (2020))",HARPS,ThAr,Trifonov,0.441397284,0.000722818,9.741261476,0.044225694,105.2,300.0002,,-8.611413045
2453987.573,-24775.073,1.563,"La Silla Observatory, Chile",HD142072,BJD,"Trifonov et al. (A&A 636, A74 (2020))",HARPS,ThAr,Trifonov,0.436340583,0.00096542,9.735229877,-0.030068051,75.5,300.0001,,-26.68040677
