Time,RV,Uncertainty,Observatory_Site,Star_Name,Time_Convention,Reference,Instrument,Wavelength_Calibration_Technique,Source,Halpha_Index,Halpha_Index_Error,Full_Width_Half_Maximum,Bisetor,Signal_to_noise_ratio_in_order_55,Exposure_Time,Airmass,Barycentric_Earth_Radial_Velocity
2454365.779,4.713,1.07,"La Silla Observatory, Chile",HD19773,BJD,"Trifonov et al. (A&A 636, A74 (2020))",HARPS,ThAr,Trifonov,0.384090615,0.000507044,7.946798209,0.044572646,143.9,900.0002,,18.87486702
2454366.829,7.041,1.203,"La Silla Observatory, Chile",HD19773,BJD,"Trifonov et al. (A&A 636, A74 (2020))",HARPS,ThAr,Trifonov,0.384511087,0.000648323,7.9436793,0.042920081,113.0,900.0014,,18.39002214
2454368.834,2.576,1.165,"La Silla Observatory, Chile",HD19773,BJD,"Trifonov et al. (A&A 636, A74 (2020))",HARPS,ThAr,Trifonov,0.384582309,0.000597616,7.953933516,0.04748294,121.7,900.0007,,17.67201418
2455788.819,4.232,1.981,"La Silla Observatory, Chile",HD19773,BJD,"Trifonov et al. (A&A 636, A74 (2020))",HARPS,ThAr,Trifonov,0.385975619,0.00125725,7.974163267,0.053581933,61.2,899.9998,,26.88980919
2456184.717,-9.61,1.275,"La Silla Observatory, Chile",HD19773,BJD,"Trifonov et al. (A&A 636, A74 (2020))",HARPS,ThAr,Trifonov,0.384079367,0.000656117,7.950935137,0.042820687,112.5,900.0009,,21.36306283
2456185.833,-4.213,1.076,"La Silla Observatory, Chile",HD19773,BJD,"Trifonov et al. (A&A 636, A74 (2020))",HARPS,ThAr,Trifonov,0.383702073,0.000532948,7.949176838,0.041175293,142.2,899.9996,,20.77399577
2456562.674,-2.218,1.142,"La Silla Observatory, Chile",HD19773,BJD,"Trifonov et al. (A&A 636, A74 (2020))",HARPS,ThAr,Trifonov,0.385041232,0.000544436,7.962242741,0.04583606,136.4,900.0008,,17.22732097
2456563.655,-1.107,1.255,"La Silla Observatory, Chile",HD19773,BJD,"Trifonov et al. (A&A 636, A74 (2020))",HARPS,ThAr,Trifonov,0.385403301,0.000638832,7.955054089,0.044600875,115.7,900.0016,,16.89532521
