Time,RV,Uncertainty,Observatory_Site,Star_Name,Time_Convention,Reference,Instrument,Wavelength_Calibration_Technique,Source,Halpha_Index,Halpha_Index_Error,Full_Width_Half_Maximum,Bisetor,Signal_to_noise_ratio_in_order_55,Exposure_Time,Airmass,Barycentric_Earth_Radial_Velocity
2452946.823,-6.27,1.618,"La Silla Observatory, Chile",HIP22424,BJD,"Trifonov et al. (A&A 636, A74 (2020))",HARPS,ThAr,Trifonov,0.785857429,0.001999946,5.964077228,0.055678824,42.5,975.9959,,10.91033481
2453674.778,4.645,1.339,"La Silla Observatory, Chile",HIP22424,BJD,"Trifonov et al. (A&A 636, A74 (2020))",HARPS,ThAr,Trifonov,0.774328386,0.001497469,5.926192795,0.06307354,57.8,750.401,,11.9764237
2453675.831,5.215,1.077,"La Silla Observatory, Chile",HIP22424,BJD,"Trifonov et al. (A&A 636, A74 (2020))",HARPS,ThAr,Trifonov,0.799237151,0.00125159,5.926461975,0.052459739,70.7,900.0022,,11.46051593
2454122.6,-0.983,1.35,"La Silla Observatory, Chile",HIP22424,BJD,"Trifonov et al. (A&A 636, A74 (2020))",HARPS,ThAr,Trifonov,0.752352504,0.001466186,5.870197038,0.04175576,58.2,899.9999,,-19.34290167
2454872.613,-1.79,1.662,"La Silla Observatory, Chile",HIP22424,BJD,"Trifonov et al. (A&A 636, A74 (2020))",HARPS,ThAr,Trifonov,0.753903323,0.001919126,5.901510765,0.08871987,45.8,900.0,,-23.20798597
2455218.699,-2.025,1.688,"La Silla Observatory, Chile",HIP22424,BJD,"Trifonov et al. (A&A 636, A74 (2020))",HARPS,ThAr,Trifonov,0.731510211,0.00198875,5.816615767,0.040365723,43.2,900.0006,,-19.64283314
2455260.56,-2.376,1.574,"La Silla Observatory, Chile",HIP22424,BJD,"Trifonov et al. (A&A 636, A74 (2020))",HARPS,ThAr,Trifonov,0.753119436,0.001759134,5.895405066,0.066293067,49.4,900.0003,,-24.17795851
2455491.874,-1.141,2.006,"La Silla Observatory, Chile",HIP22424,BJD,"Trifonov et al. (A&A 636, A74 (2020))",HARPS,ThAr,Trifonov,0.759639013,0.002383728,5.886918085,0.056524465,37.5,900.0006,,14.88115956
2455903.745,-4.25,1.657,"La Silla Observatory, Chile",HIP22424,BJD,"Trifonov et al. (A&A 636, A74 (2020))",HARPS,ThAr,Trifonov,0.749264389,0.001906797,5.881082996,0.050206141,46.8,981.3052,,-3.293537771
