Time,RV,Uncertainty,Observatory_Site,Star_Name,Time_Convention,Reference,Instrument,Wavelength_Calibration_Technique,Source,Halpha_Index,Halpha_Index_Error,Full_Width_Half_Maximum,Bisetor,Signal_to_noise_ratio_in_order_55,Exposure_Time,Airmass,Barycentric_Earth_Radial_Velocity
2454045.861,52651.264,1.029,"La Silla Observatory, Chile",HD62713,BJD,"Trifonov et al. (A&A 636, A74 (2020))",HARPS,ThAr,Trifonov,0.445202731,0.000298984,7.531440842,0.093927605,241.3,90.0022,,14.79647882
2454085.751,52660.84,1.029,"La Silla Observatory, Chile",HD62713,BJD,"Trifonov et al. (A&A 636, A74 (2020))",HARPS,ThAr,Trifonov,0.445275986,0.0003,7.540372756,0.09765401,239.7,90.0015,,11.10921053
2454371.847,52648.002,1.033,"La Silla Observatory, Chile",HD62713,BJD,"Trifonov et al. (A&A 636, A74 (2020))",HARPS,ThAr,Trifonov,0.446599501,0.000320083,7.536538267,0.093378141,223.4,90.003,,11.95536079
2454622.484,52640.895,1.054,"La Silla Observatory, Chile",HD62713,BJD,"Trifonov et al. (A&A 636, A74 (2020))",HARPS,ThAr,Trifonov,0.4510059,0.000407936,7.530545559,0.09493729,177.0,90.0,,-12.50477165
2454786.82,52641.435,1.077,"La Silla Observatory, Chile",HD62713,BJD,"Trifonov et al. (A&A 636, A74 (2020))",HARPS,ThAr,Trifonov,0.448107613,0.000510857,7.559351522,0.094352948,143.2,90.0,,14.50833157
2454891.657,52672.854,1.028,"La Silla Observatory, Chile",HD62713,BJD,"Trifonov et al. (A&A 636, A74 (2020))",HARPS,ThAr,Trifonov,0.449654384,0.000300182,7.556390606,0.096331382,247.6,90.0,,-6.940630366
2457160.486,52642.069,1.031,"La Silla Observatory, Chile",HD62713,BJD,"Trifonov et al. (A&A 636, A74 (2020))",HARPS,ThAr,Trifonov,0.443631725,0.000310726,8.2008008,0.051545524,242.2,200.0005,,-14.2580504
