Time,RV,Uncertainty,Observatory_Site,Star_Name,Time_Convention,Reference,Instrument,Wavelength_Calibration_Technique,Source,Halpha_Index,Halpha_Index_Error,Full_Width_Half_Maximum,Bisetor,Signal_to_noise_ratio_in_order_55,Exposure_Time,Airmass,Barycentric_Earth_Radial_Velocity
2452947.808,44755.033,1.95,"La Silla Observatory, Chile",HD32646,BJD,"Trifonov et al. (A&A 636, A74 (2020))",HARPS,ThAr,Trifonov,0.48071074,0.001656904,6.41293944,-0.038848925,45.6,493.4956,,13.1212118
2453007.667,44750.317,2.73,"La Silla Observatory, Chile",HD32646,BJD,"Trifonov et al. (A&A 636, A74 (2020))",HARPS,ThAr,Trifonov,0.488750954,0.00223951,6.416026421,-0.030485855,34.9,258.9957,,-12.19367714
2453015.665,44753.543,2.711,"La Silla Observatory, Chile",HD32646,BJD,"Trifonov et al. (A&A 636, A74 (2020))",HARPS,ThAr,Trifonov,0.485150902,0.002335411,6.412519252,-0.034738123,34.2,475.8017,,-15.23218917
2453781.636,44753.455,1.308,"La Silla Observatory, Chile",HD32646,BJD,"Trifonov et al. (A&A 636, A74 (2020))",HARPS,ThAr,Trifonov,0.479701454,0.001090911,6.417637816,-0.038862162,71.4,600.0008,,-24.35988765
2455903.78,44753.627,2.039,"La Silla Observatory, Chile",HD32646,BJD,"Trifonov et al. (A&A 636, A74 (2020))",HARPS,ThAr,Trifonov,0.486781783,0.001902466,6.432566821,-0.040349435,44.1,329.7054,,-1.268464663
2456383.485,44754.839,1.587,"La Silla Observatory, Chile",HD32646,BJD,"Trifonov et al. (A&A 636, A74 (2020))",HARPS,ThAr,Trifonov,0.48238934,0.001401767,6.429873261,-0.04740393,56.8,900.0002,,-22.63542772
2457406.694,44765.68,1.448,"La Silla Observatory, Chile",HD32646,BJD,"Trifonov et al. (A&A 636, A74 (2020))",HARPS,ThAr,Trifonov,0.489632798,0.001405378,6.440152331,-0.025160426,58.3,899.9983,,-18.04388387
2458056.816,44761.367,1.572,"La Silla Observatory, Chile",HD32646,BJD,"Trifonov et al. (A&A 636, A74 (2020))",HARPS,ThAr,Trifonov,0.4876416,0.001374839,6.453470142,-0.023737489,60.8,349.9982,,14.77663492
2458132.646,44763.574,1.635,"La Silla Observatory, Chile",HD32646,BJD,"Trifonov et al. (A&A 636, A74 (2020))",HARPS,ThAr,Trifonov,0.486473968,0.001373162,6.450543334,-0.014044094,58.1,378.3082,,-16.41376807
