Time,RV,Uncertainty,Observatory_Site,Star_Name,Time_Convention,Reference,Instrument,Wavelength_Calibration_Technique,Source,Halpha_Index,Halpha_Index_Error,Full_Width_Half_Maximum,Bisetor,Signal_to_noise_ratio_in_order_55,Exposure_Time,Airmass,Barycentric_Earth_Radial_Velocity
2455222.784,24267.685,2.447,"La Silla Observatory, Chile",GJ3492,BJD,"Trifonov et al. (A&A 636, A74 (2020))",HARPS,ThAr,Trifonov,0.908193986,0.002828408,3.030691218,-0.007786801,29.7,900.0012,,6.770577195
2455227.744,24267.149,2.983,"La Silla Observatory, Chile",GJ3492,BJD,"Trifonov et al. (A&A 636, A74 (2020))",HARPS,ThAr,Trifonov,0.950781692,0.003342895,3.044521968,-0.013481251,25.6,900.0058,,6.981550496
2455228.775,24264.076,3.172,"La Silla Observatory, Chile",GJ3492,BJD,"Trifonov et al. (A&A 636, A74 (2020))",HARPS,ThAr,Trifonov,0.954797122,0.003533134,3.037258058,-0.010066261,24.2,899.9996,,6.998566836
2455230.773,24264.91,2.864,"La Silla Observatory, Chile",GJ3492,BJD,"Trifonov et al. (A&A 636, A74 (2020))",HARPS,ThAr,Trifonov,0.922983679,0.003167746,3.032227805,-0.014821035,26.7,900.0015,,7.058572402
2455230.785,24266.311,3.07,"La Silla Observatory, Chile",GJ3492,BJD,"Trifonov et al. (A&A 636, A74 (2020))",HARPS,ThAr,Trifonov,0.921054098,0.003377945,3.035952899,-0.012407579,25.0,900.0003,,7.053528783
2455236.74,24262.521,3.699,"La Silla Observatory, Chile",GJ3492,BJD,"Trifonov et al. (A&A 636, A74 (2020))",HARPS,ThAr,Trifonov,0.958258639,0.00413634,3.041370498,-0.019680225,20.5,900.0007,,7.199986727
2456003.578,24273.36,4.853,"La Silla Observatory, Chile",GJ3492,BJD,"Trifonov et al. (A&A 636, A74 (2020))",HARPS,ThAr,Trifonov,0.93374363,0.005119788,3.025911718,-0.01104471,15.9,899.9941,,6.330416917
