Time,RV,Uncertainty,Observatory_Site,Star_Name,Time_Convention,Reference,Instrument,Wavelength_Calibration_Technique,Source,Halpha_Index,Halpha_Index_Error,Full_Width_Half_Maximum,Bisetor,Signal_to_noise_ratio_in_order_55,Exposure_Time,Airmass,Barycentric_Earth_Radial_Velocity
2452947.652,30516.853,2.867,"La Silla Observatory, Chile",HD8985,BJD,"Trifonov et al. (A&A 636, A74 (2020))",HARPS,ThAr,Trifonov,0.382259207,0.001839209,10.56271098,0.032202883,40.5,76.9958,,-13.87679054
2452990.691,30515.697,2.177,"La Silla Observatory, Chile",HD8985,BJD,"Trifonov et al. (A&A 636, A74 (2020))",HARPS,ThAr,Trifonov,0.389148323,0.001376569,10.56949511,0.042808192,54.2,179.996,,-24.66004556
2452999.581,30513.287,4.407,"La Silla Observatory, Chile",HD8985,BJD,"Trifonov et al. (A&A 636, A74 (2020))",HARPS,ThAr,Trifonov,0.382767363,0.003159032,10.58772246,0.058729177,25.8,38.096,,-25.13439901
2455782.933,30536.703,1.91,"La Silla Observatory, Chile",HD8985,BJD,"Trifonov et al. (A&A 636, A74 (2020))",HARPS,ThAr,Trifonov,0.387561434,0.001435889,10.5764585,0.017816798,56.0,162.6003,,18.80743003
2455818.834,30532.713,1.489,"La Silla Observatory, Chile",HD8985,BJD,"Trifonov et al. (A&A 636, A74 (2020))",HARPS,ThAr,Trifonov,0.385605278,0.000738995,10.58862424,0.025998273,103.2,200.0002,,6.728433377
2456233.598,30521.319,1.647,"La Silla Observatory, Chile",HD8985,BJD,"Trifonov et al. (A&A 636, A74 (2020))",HARPS,ThAr,Trifonov,0.391084176,0.000941337,10.58053064,0.032356348,80.6,129.586,,-13.24201417
2457304.736,30559.351,4.882,"La Silla Observatory, Chile",HD8985,BJD,"Trifonov et al. (A&A 636, A74 (2020))",HARPS,ThAr,Trifonov,0.385612127,0.005074706,10.57335421,0.054795567,19.5,118.2583,,-3.559963595
2457621.945,30522.737,1.482,"La Silla Observatory, Chile",HD8985,BJD,"Trifonov et al. (A&A 636, A74 (2020))",HARPS,ThAr,Trifonov,0.388927635,0.000999223,10.58261637,0.034960825,78.3,179.9983,,15.05854566
