Time,RV,Uncertainty,Observatory_Name,Star_Name,Time_Convention,Reference,Instrument,Wavelength_Calibration_Technique,Source,Halpha_Index,Halpha_Index_Error,Full_Width_Half_Maximum,Bisetor,Signal_to_noise_ratio_in_order_55,Exposure_Time,Airmass,Barycentric_Earth_Radial_Velocity
2453280.876,8725.737,5.108,La Silla Observatory,GJ233,BJD,"Trifonov et al. (A&A 636, A74 (2020))",HARPS,ThAr,Trifonov,0.821665332,0.000421116,16.55671759,54.88434392,236.0,599.9943,,29.73702741
2453280.882,8967.046,8.412,La Silla Observatory,GJ233,BJD,"Trifonov et al. (A&A 636, A74 (2020))",HARPS,ThAr,Trifonov,0.841707768,0.001658139,5.855681242,-0.09076936,56.5,600.0003,,29.72196298
2453332.808,-18800.022,4.88,La Silla Observatory,GJ233,BJD,"Trifonov et al. (A&A 636, A74 (2020))",HARPS,ThAr,Trifonov,1.007794335,0.000714235,10.6469882,-1490000000000000.0,155.3,499.9811,,16.92435413
2453332.822,32828.515,18.463,La Silla Observatory,GJ233,BJD,"Trifonov et al. (A&A 636, A74 (2020))",HARPS,ThAr,Trifonov,0.904190491,0.002252335,5.250079799,0.048025638,38.3,999.9828,,16.88284841
2453346.813,-19361.849,15.123,La Silla Observatory,GJ233,BJD,"Trifonov et al. (A&A 636, A74 (2020))",HARPS,ThAr,Trifonov,1.005423483,0.000457732,12.05419958,-30400000000000.0,245.0,500.0009,,10.36091718
2453346.838,32805.184,19.447,La Silla Observatory,GJ233,BJD,"Trifonov et al. (A&A 636, A74 (2020))",HARPS,ThAr,Trifonov,0.915136719,0.001833765,5.195601627,0.068394128,46.3,1000.0013,,10.29236982
2453448.549,4817.715,5.551,La Silla Observatory,GJ233,BJD,"Trifonov et al. (A&A 636, A74 (2020))",HARPS,ThAr,Trifonov,0.831896455,0.000377716,11.83392517,-25.02911927,265.9,499.9963,,-29.63508468
2453448.56,32846.427,21.116,La Silla Observatory,GJ233,BJD,"Trifonov et al. (A&A 636, A74 (2020))",HARPS,ThAr,Trifonov,0.912356352,0.001969121,5.168013505,0.082556941,41.9,1000.0019,,-29.65936823
