Time,RV,Uncertainty,Observatory_Name,Star_Name,Time_Convention,Reference,Instrument,Wavelength_Calibration_Technique,Source,Halpha_Index,Halpha_Index_Error,Full_Width_Half_Maximum,Bisetor,Signal_to_noise_ratio_in_order_55,Exposure_Time,Airmass,Barycentric_Earth_Radial_Velocity
2453603.723,3549.423,1.983,La Silla Observatory,HD220729,BJD,"Trifonov et al. (A&A 636, A74 (2020))",HARPS,ThAr,Trifonov,0.393046347,0.000298431,20.93083615,13.91524398,252.8,300.0016,,-0.824986679
2453603.727,3564.543,2.037,La Silla Observatory,HD220729,BJD,"Trifonov et al. (A&A 636, A74 (2020))",HARPS,ThAr,Trifonov,0.393372383,0.000309442,20.84011867,13.11832931,244.1,299.9987,,-0.832243987
2453603.812,3773.825,1.63,La Silla Observatory,HD220729,BJD,"Trifonov et al. (A&A 636, A74 (2020))",HARPS,ThAr,Trifonov,0.394285157,0.000290144,20.5368254,16.96301099,263.3,300.0008,,-0.994108848
2453603.816,3781.704,1.636,La Silla Observatory,HD220729,BJD,"Trifonov et al. (A&A 636, A74 (2020))",HARPS,ThAr,Trifonov,0.39415427,0.000288902,20.50751242,16.39066556,263.7,300.0019,,-1.001130318
2453603.902,4022.837,2.191,La Silla Observatory,HD220729,BJD,"Trifonov et al. (A&A 636, A74 (2020))",HARPS,ThAr,Trifonov,0.392690876,0.000317537,20.17788224,18.07680507,233.5,300.0019,,-1.140334735
2453603.906,4026.982,2.088,La Silla Observatory,HD220729,BJD,"Trifonov et al. (A&A 636, A74 (2020))",HARPS,ThAr,Trifonov,0.392441665,0.000300903,20.21924798,19.6345262,246.1,300.0012,,-1.145542519
2453989.68,-14710.982,2.296,La Silla Observatory,HD220729,BJD,"Trifonov et al. (A&A 636, A74 (2020))",HARPS,ThAr,Trifonov,0.395471754,0.00035064,41.78573628,-8.667187728,216.2,300.0025,,-8.135408825
2453989.684,-14705.425,2.031,La Silla Observatory,HD220729,BJD,"Trifonov et al. (A&A 636, A74 (2020))",HARPS,ThAr,Trifonov,0.395027766,0.000302744,41.88874292,-6.58138419,250.2,300.0001,,-8.142714348
