Time,RV,Uncertainty,Observatory_Name,Star_Name,Time_Convention,Reference,Instrument,Wavelength_Calibration_Technique,Source,Halpha_Index,Halpha_Index_Error,Full_Width_Half_Maximum,Bisetor,Signal_to_noise_ratio_in_order_55,Exposure_Time,Airmass,Barycentric_Earth_Radial_Velocity
2453360.713,-32.963,2.249,La Silla Observatory,HD45665,BJD,"Trifonov et al. (A&A 636, A74 (2020))",HARPS,ThAr,Trifonov,0.467889338,0.001783987,9.651583307,-0.003986042,44.5,101.3959,,3.08826767
2453361.747,-0.426,1.9,La Silla Observatory,HD45665,BJD,"Trifonov et al. (A&A 636, A74 (2020))",HARPS,ThAr,Trifonov,0.462784311,0.001519674,9.668192936,-0.007894049,52.5,101.4017,,2.709621847
2453362.728,-3.18,2.264,La Silla Observatory,HD45665,BJD,"Trifonov et al. (A&A 636, A74 (2020))",HARPS,ThAr,Trifonov,0.469310492,0.001815409,9.709668879,0.001733766,44.3,101.402,,2.460541522
2453363.753,-41.352,2.257,La Silla Observatory,HD45665,BJD,"Trifonov et al. (A&A 636, A74 (2020))",HARPS,ThAr,Trifonov,0.463748791,0.001747647,9.663246228,0.031121966,45.1,100.9014,,2.105017985
2453364.558,-0.649,1.749,La Silla Observatory,HD45665,BJD,"Trifonov et al. (A&A 636, A74 (2020))",HARPS,ThAr,Trifonov,0.466924695,0.001312846,9.660416829,-0.038062385,58.6,101.3961,,2.237044426
2453364.852,-1.653,1.959,La Silla Observatory,HD45665,BJD,"Trifonov et al. (A&A 636, A74 (2020))",HARPS,ThAr,Trifonov,0.461519371,0.001416587,9.674196464,-0.028287021,53.9,101.4013,,1.607331326
2453365.57,23.755,1.573,La Silla Observatory,HD45665,BJD,"Trifonov et al. (A&A 636, A74 (2020))",HARPS,ThAr,Trifonov,0.472714226,0.001222451,9.695534897,-0.014622272,64.6,101.5963,,1.923537305
2453365.84,24.745,1.965,La Silla Observatory,HD45665,BJD,"Trifonov et al. (A&A 636, A74 (2020))",HARPS,ThAr,Trifonov,0.472923584,0.001481332,9.70050123,-0.024452178,53.0,100.901,,1.334098117
