Time,RV,Uncertainty,Observatory_Site,Star_Name,Time_Convention,Reference,Instrument,Wavelength_Calibration_Technique,Source,Halpha_Index,Halpha_Index_Error,Full_Width_Half_Maximum,Bisetor,Signal_to_noise_ratio_in_order_55,Exposure_Time,Airmass,Barycentric_Earth_Radial_Velocity
2453784.878,-1431.375,1.289,"La Silla Observatory, Chile",HIP64428,BJD,"Trifonov et al. (A&A 636, A74 (2020))",HARPS,ThAr,Trifonov,0.577986593,0.001341452,6.124663939,0.021489812,63.3,354.9011,,24.34184291
2453785.846,-1429.206,1.487,"La Silla Observatory, Chile",HIP64428,BJD,"Trifonov et al. (A&A 636, A74 (2020))",HARPS,ThAr,Trifonov,0.579568112,0.001669444,6.129806425,0.022990419,51.8,354.9001,,24.13560127
2454921.859,-1430.373,1.306,"La Silla Observatory, Chile",HIP64428,BJD,"Trifonov et al. (A&A 636, A74 (2020))",HARPS,ThAr,Trifonov,0.572291781,0.001445158,6.096729124,0.022557858,60.3,354.9,,7.67542131
2456412.747,-1426.328,1.389,"La Silla Observatory, Chile",HIP64428,BJD,"Trifonov et al. (A&A 636, A74 (2020))",HARPS,ThAr,Trifonov,0.573078265,0.001345945,6.230462304,0.023109136,64.3,899.9943,,-6.82790616
2456761.724,-1431.405,1.225,"La Silla Observatory, Chile",HIP64428,BJD,"Trifonov et al. (A&A 636, A74 (2020))",HARPS,ThAr,Trifonov,0.576404603,0.001080045,6.139332894,0.023714432,81.2,900.0011,,1.221102754
2457059.859,-1428.273,1.62,"La Silla Observatory, Chile",HIP64428,BJD,"Trifonov et al. (A&A 636, A74 (2020))",HARPS,ThAr,Trifonov,0.581479599,0.001764023,6.137458521,0.017949568,51.3,900.0008,,27.34806248
2457060.851,-1427.155,1.4,"La Silla Observatory, Chile",HIP64428,BJD,"Trifonov et al. (A&A 636, A74 (2020))",HARPS,ThAr,Trifonov,0.577725528,0.001444553,6.138050886,0.019107242,61.6,900.0018,,27.17297971
2457086.888,-1431.907,1.31,"La Silla Observatory, Chile",HIP64428,BJD,"Trifonov et al. (A&A 636, A74 (2020))",HARPS,ThAr,Trifonov,0.569657337,0.001309853,6.131589459,0.020149435,68.6,900.001,,19.33069217
