Time,RV,Uncertainty,Observatory_Name,Star_Name,Time_Convention,Reference,Instrument,Wavelength_Calibration_Technique,Source,Halpha_Index,Halpha_Index_Error,Full_Width_Half_Maximum,Bisetor,Signal_to_noise_ratio_in_order_55,Exposure_Time,Airmass,Barycentric_Earth_Radial_Velocity
2453835.846,0.827,1.289,La Silla Observatory,HD147195,BJD,"Trifonov et al. (A&A 636, A74 (2020))",HARPS,ThAr,Trifonov,0.438960072,0.001428975,6.831383632,-0.027964071,54.3,134.901,,21.88322339
2453836.842,1.573,1.118,La Silla Observatory,HD147195,BJD,"Trifonov et al. (A&A 636, A74 (2020))",HARPS,ThAr,Trifonov,0.440725044,0.001234641,6.822798409,-0.029017953,62.8,134.8995,,21.5336898
2454902.834,4.642,1.769,La Silla Observatory,HD147195,BJD,"Trifonov et al. (A&A 636, A74 (2020))",HARPS,ThAr,Trifonov,0.440412266,0.001948568,6.842384225,-0.038844248,41.5,134.9,,29.24363656
2454930.809,2.509,1.535,La Silla Observatory,HD147195,BJD,"Trifonov et al. (A&A 636, A74 (2020))",HARPS,ThAr,Trifonov,0.436954739,0.001512436,6.821204545,-0.037987705,52.4,134.9,,22.27485501
2455013.695,-4.603,1.674,La Silla Observatory,HD147195,BJD,"Trifonov et al. (A&A 636, A74 (2020))",HARPS,ThAr,Trifonov,0.438174373,0.001582283,6.823170008,-0.039214373,49.3,269.8002,,-15.90473285
2455298.794,-1.878,1.579,La Silla Observatory,HD147195,BJD,"Trifonov et al. (A&A 636, A74 (2020))",HARPS,ThAr,Trifonov,0.435724323,0.001623084,6.8102772,-0.044151128,49.1,134.9064,,21.35091514
2455303.809,-5.582,1.55,La Silla Observatory,HD147195,BJD,"Trifonov et al. (A&A 636, A74 (2020))",HARPS,ThAr,Trifonov,0.434946124,0.001567222,6.818788284,-0.036281425,50.9,900.0066,,19.38436763
2455685.665,-1.922,1.328,La Silla Observatory,HD147195,BJD,"Trifonov et al. (A&A 636, A74 (2020))",HARPS,ThAr,Trifonov,0.433961698,0.001395945,6.820912396,-0.04142219,55.9,120.0,,12.4838854
2456731.87,4.686,1.763,La Silla Observatory,HD147195,BJD,"Trifonov et al. (A&A 636, A74 (2020))",HARPS,ThAr,Trifonov,0.438661158,0.001789452,6.861040576,-0.029659055,45.3,339.9507,,28.72757542
