Time,RV,Uncertainty,Observatory_Site,Star_Name,Time_Convention,Reference,Instrument,Wavelength_Calibration_Technique,Source,Halpha_Index,Halpha_Index_Error,Full_Width_Half_Maximum,Bisetor,Signal_to_noise_ratio_in_order_55,Exposure_Time,Airmass,Barycentric_Earth_Radial_Velocity
2453360.724,-30.622,4.294,"La Silla Observatory, Chile",HD242780,BJD,"Trifonov et al. (A&A 636, A74 (2020))",HARPS,ThAr,Trifonov,0.457225997,0.004017101,8.58688551,0.080886047,21.7,179.5015,,-5.123039748
2453361.77,-0.529,1.992,"La Silla Observatory, Chile",HD242780,BJD,"Trifonov et al. (A&A 636, A74 (2020))",HARPS,ThAr,Trifonov,0.469314715,0.001511924,8.569152987,0.00176388,50.4,179.5022,,-5.766160974
2453362.701,2.261,2.413,"La Silla Observatory, Chile",HD242780,BJD,"Trifonov et al. (A&A 636, A74 (2020))",HARPS,ThAr,Trifonov,0.468932143,0.00196449,8.571190797,0.028340354,40.2,179.5019,,-6.086099289
2453363.711,10.494,2.157,"La Silla Observatory, Chile",HD242780,BJD,"Trifonov et al. (A&A 636, A74 (2020))",HARPS,ThAr,Trifonov,0.476998298,0.001785559,8.615045243,-0.000352409,45.0,178.4956,,-6.628447952
2453364.733,7.12,1.881,"La Silla Observatory, Chile",HD242780,BJD,"Trifonov et al. (A&A 636, A74 (2020))",HARPS,ThAr,Trifonov,0.483414826,0.001426999,8.632458231,0.048473941,54.1,179.5004,,-7.199045321
2453365.583,4.382,1.646,"La Silla Observatory, Chile",HD242780,BJD,"Trifonov et al. (A&A 636, A74 (2020))",HARPS,ThAr,Trifonov,0.478336737,0.001277722,8.640252475,0.028181096,61.0,179.8014,,-7.268753149
2453365.77,2.583,1.728,"La Silla Observatory, Chile",HD242780,BJD,"Trifonov et al. (A&A 636, A74 (2020))",HARPS,ThAr,Trifonov,0.478674328,0.001334177,8.640624924,0.02705677,58.6,179.5012,,-7.804610416
2456985.745,-5.758,1.038,"La Silla Observatory, Chile",HD242780,BJD,"Trifonov et al. (A&A 636, A74 (2020))",HARPS,ThAr,Trifonov,0.472621387,0.000688106,9.075468695,0.005601792,119.4,900.0008,,9.078918093
