Time,RV,Uncertainty,Observatory_Site,Star_Name,Time_Convention,Reference,Instrument,Wavelength_Calibration_Technique,Source,Halpha_Index,Halpha_Index_Error,Full_Width_Half_Maximum,Bisetor,Signal_to_noise_ratio_in_order_55,Exposure_Time,Airmass,Barycentric_Earth_Radial_Velocity
2454045.779,23471.766,1.018,"La Silla Observatory, Chile",HD43785,BJD,"Trifonov et al. (A&A 636, A74 (2020))",HARPS,ThAr,Trifonov,0.443977482,0.000222459,7.551436897,0.0817864,329.0,150.0002,,12.50334768
2454085.842,23474.487,1.011,"La Silla Observatory, Chile",HD43785,BJD,"Trifonov et al. (A&A 636, A74 (2020))",HARPS,ThAr,Trifonov,0.441738188,0.000161164,7.538286803,0.081084425,450.5,149.9998,,3.094421503
2454370.845,23451.992,1.017,"La Silla Observatory, Chile",HD43785,BJD,"Trifonov et al. (A&A 636, A74 (2020))",HARPS,ThAr,Trifonov,0.443165363,0.000211971,7.545273613,0.082983439,345.3,149.9999,,15.71504249
2454623.442,23435.381,1.027,"La Silla Observatory, Chile",HD43785,BJD,"Trifonov et al. (A&A 636, A74 (2020))",HARPS,ThAr,Trifonov,0.441377125,0.000265018,7.557752906,0.086780578,272.1,240.0,,-5.911548874
2454685.904,23429.142,1.018,"La Silla Observatory, Chile",HD43785,BJD,"Trifonov et al. (A&A 636, A74 (2020))",HARPS,ThAr,Trifonov,0.443109833,0.00021565,7.557568909,0.081833666,339.9,150.0,,10.00155063
2454786.753,23430.269,1.03,"La Silla Observatory, Chile",HD43785,BJD,"Trifonov et al. (A&A 636, A74 (2020))",HARPS,ThAr,Trifonov,0.446107672,0.000298926,7.550799421,0.07775735,249.1,150.0,,10.57246481
2454891.625,23418.51,1.013,"La Silla Observatory, Chile",HD43785,BJD,"Trifonov et al. (A&A 636, A74 (2020))",HARPS,ThAr,Trifonov,0.440742669,0.000180696,7.551051084,0.086271141,411.1,150.0,,-14.24111279
