Time,RV,Uncertainty,Observatory_Site,Star_Name,Time_Convention,Reference,Instrument,Wavelength_Calibration_Technique,Source,Halpha_Index,Halpha_Index_Error,Full_Width_Half_Maximum,Bisetor,Signal_to_noise_ratio_in_order_55,Exposure_Time,Airmass,Barycentric_Earth_Radial_Velocity
2457131.577,-64383.27,0.823,"La Silla Observatory, Chile",HD105665,BJD,"Trifonov et al. (A&A 636, A74 (2020))",HARPS,ThAr,Trifonov,0.393081764,0.000519162,7.754207077,0.046327983,147.4,1064.9998,,-9.750397531
2457131.589,-64383.93,0.828,"La Silla Observatory, Chile",HD105665,BJD,"Trifonov et al. (A&A 636, A74 (2020))",HARPS,ThAr,Trifonov,0.392962102,0.000529607,7.762276441,0.040691008,145.1,1065.0009,,-9.785534743
2457132.523,-64376.891,0.928,"La Silla Observatory, Chile",HD105665,BJD,"Trifonov et al. (A&A 636, A74 (2020))",HARPS,ThAr,Trifonov,0.386770075,0.000614009,7.769887575,0.04326491,122.4,1065.0006,,-10.08262788
2457132.536,-64379.795,0.963,"La Silla Observatory, Chile",HD105665,BJD,"Trifonov et al. (A&A 636, A74 (2020))",HARPS,ThAr,Trifonov,0.388694034,0.000660532,7.766801561,0.047906157,114.6,1065.0001,,-10.1140017
2457133.555,-64381.615,0.944,"La Silla Observatory, Chile",HD105665,BJD,"Trifonov et al. (A&A 636, A74 (2020))",HARPS,ThAr,Trifonov,0.393364024,0.00059838,7.767917377,0.041378087,126.6,1065.0005,,-10.63276072
2457133.568,-64378.854,0.92,"La Silla Observatory, Chile",HD105665,BJD,"Trifonov et al. (A&A 636, A74 (2020))",HARPS,ThAr,Trifonov,0.392424414,0.000572322,7.765107522,0.040075068,132.3,1065.0002,,-10.66666276
2457134.55,-64381.692,0.853,"La Silla Observatory, Chile",HD105665,BJD,"Trifonov et al. (A&A 636, A74 (2020))",HARPS,ThAr,Trifonov,0.388494517,0.000551563,7.763338431,0.045791668,137.3,1065.0005,,-11.08463507
2457134.563,-64381.721,0.88,"La Silla Observatory, Chile",HD105665,BJD,"Trifonov et al. (A&A 636, A74 (2020))",HARPS,ThAr,Trifonov,0.389014559,0.000582895,7.759924488,0.040138316,130.5,1065.0007,,-11.11830396
