Time,RV,Uncertainty,Observatory_Name,Star_Name,Time_Convention,Reference,Instrument,Wavelength_Calibration_Technique,Source,Halpha_Index,Halpha_Index_Error,Full_Width_Half_Maximum,Bisetor,Signal_to_noise_ratio_in_order_55,Exposure_Time,Airmass,Barycentric_Earth_Radial_Velocity
2454365.814,1272.463,1.057,La Silla Observatory,HD45133,BJD,"Trifonov et al. (A&A 636, A74 (2020))",HARPS,ThAr,Trifonov,0.438568551,0.000668125,7.293925174,-0.028587513,113.6,900.0002,,10.14324258
2454366.864,1270.433,1.183,La Silla Observatory,HD45133,BJD,"Trifonov et al. (A&A 636, A74 (2020))",HARPS,ThAr,Trifonov,0.436708567,0.000880772,7.29338591,-0.025974021,87.1,899.9997,,10.11508593
2454369.76,1257.919,1.051,La Silla Observatory,HD45133,BJD,"Trifonov et al. (A&A 636, A74 (2020))",HARPS,ThAr,Trifonov,0.436862606,0.000631356,7.296766496,-0.0270056,118.0,899.9977,,10.30729928
2454369.849,1258.658,1.058,La Silla Observatory,HD45133,BJD,"Trifonov et al. (A&A 636, A74 (2020))",HARPS,ThAr,Trifonov,0.437921851,0.000680915,7.285928826,-0.031870678,112.1,899.9971,,10.21636123
2455188.564,-2134.604,0.982,La Silla Observatory,HD45133,BJD,"Trifonov et al. (A&A 636, A74 (2020))",HARPS,ThAr,Trifonov,0.436426795,0.000525016,7.298084293,-0.028349833,146.7,899.995,,2.070440168
2455189.587,-2134.727,0.974,La Silla Observatory,HD45133,BJD,"Trifonov et al. (A&A 636, A74 (2020))",HARPS,ThAr,Trifonov,0.437321529,0.00051299,7.296703406,-0.028242122,150.8,899.9948,,1.857402043
2455649.554,-1194.466,0.911,La Silla Observatory,HD45133,BJD,"Trifonov et al. (A&A 636, A74 (2020))",HARPS,ThAr,Trifonov,0.440119226,0.000541884,7.296440092,-0.027317459,145.3,900.0053,,-10.32989686
2456183.918,1024.2,0.99,La Silla Observatory,HD45133,BJD,"Trifonov et al. (A&A 636, A74 (2020))",HARPS,ThAr,Trifonov,0.437609203,0.000915467,7.298042513,-0.02886522,87.0,300.0005,,9.620358604
2456185.914,1031.707,1.371,La Silla Observatory,HD45133,BJD,"Trifonov et al. (A&A 636, A74 (2020))",HARPS,ThAr,Trifonov,0.439407015,0.001100339,7.304652482,-0.030148217,72.0,300.0,,9.738632472
