Time,RV,Uncertainty,Observatory_Site,Star_Name,Time_Convention,Reference,Instrument,Wavelength_Calibration_Technique,Source,Halpha_Index,Halpha_Index_Error,Full_Width_Half_Maximum,Bisetor,Signal_to_noise_ratio_in_order_55,Exposure_Time,Airmass,Barycentric_Earth_Radial_Velocity
2453511.935,4.277,2.227,"La Silla Observatory, Chile",HD210272,BJD,"Trifonov et al. (A&A 636, A74 (2020))",HARPS,ThAr,Trifonov,0.411991354,0.002236481,7.000881723,0.011930922,34.5,48.3002,,21.22243393
2454261.939,1.826,1.829,"La Silla Observatory, Chile",HD210272,BJD,"Trifonov et al. (A&A 636, A74 (2020))",HARPS,ThAr,Trifonov,0.408462096,0.00171601,7.001884103,-0.002384674,44.4,99.9988,,17.71084198
2455429.769,1.298,2.183,"La Silla Observatory, Chile",HD210272,BJD,"Trifonov et al. (A&A 636, A74 (2020))",HARPS,ThAr,Trifonov,0.405872883,0.001744212,7.017409776,0.002861242,42.5,33.9005,,-6.590263263
2455772.795,-2.187,1.017,"La Silla Observatory, Chile",HD210272,BJD,"Trifonov et al. (A&A 636, A74 (2020))",HARPS,ThAr,Trifonov,0.405461247,0.000870314,7.017512329,0.0019724,85.1,600.0005,,1.778927801
2455822.667,0.609,1.485,"La Silla Observatory, Chile",HD210272,BJD,"Trifonov et al. (A&A 636, A74 (2020))",HARPS,ThAr,Trifonov,0.407693143,0.001469372,7.02471606,0.000764873,51.6,200.0064,,-15.62727692
2456176.711,-4.584,1.882,"La Silla Observatory, Chile",HD210272,BJD,"Trifonov et al. (A&A 636, A74 (2020))",HARPS,ThAr,Trifonov,0.405716524,0.001661935,7.027824701,0.001170047,46.0,301.1999,,-12.24460772
2456207.672,0.477,2.431,"La Silla Observatory, Chile",HD210272,BJD,"Trifonov et al. (A&A 636, A74 (2020))",HARPS,ThAr,Trifonov,0.407650954,0.002145039,7.023674622,-0.007602275,36.6,71.3388,,-20.3089194
2456468.846,0.857,2.734,"La Silla Observatory, Chile",HD210272,BJD,"Trifonov et al. (A&A 636, A74 (2020))",HARPS,ThAr,Trifonov,0.414115826,0.002706945,7.03100006,0.007432969,31.1,120.0006,,13.72849056
2456502.806,13.25,3.249,"La Silla Observatory, Chile",HD210272,BJD,"Trifonov et al. (A&A 636, A74 (2020))",HARPS,ThAr,Trifonov,0.397307849,0.002958581,7.016658149,-0.026516395,27.7,300.0009,,1.960108003
