Time,RV,Uncertainty,Observatory_Name,Star_Name,Time_Convention,Reference,Instrument,Wavelength_Calibration_Technique,Source,Halpha_Index,Halpha_Index_Error,Full_Width_Half_Maximum,Bisetor,Signal_to_noise_ratio_in_order_55,Exposure_Time,Airmass,Barycentric_Earth_Radial_Velocity
2453052.882,-97.845,3.158,La Silla Observatory,HD123517,BJD,"Trifonov et al. (A&A 636, A74 (2020))",HARPS,ThAr,Trifonov,0.387907913,0.002062346,9.967926114,0.007903662,36.7,426.1958,,14.99253588
2453490.754,-59.048,3.389,La Silla Observatory,HD123517,BJD,"Trifonov et al. (A&A 636, A74 (2020))",HARPS,ThAr,Trifonov,0.391038912,0.001903405,9.944547414,-0.010311185,38.5,533.6808,,8.177119268
2453788.889,-24.893,1.485,La Silla Observatory,HD123517,BJD,"Trifonov et al. (A&A 636, A74 (2020))",HARPS,ThAr,Trifonov,0.388493915,0.000781341,9.958938996,-0.005175638,90.3,900.0001,,15.26350639
2453835.749,-20.626,1.358,La Silla Observatory,HD123517,BJD,"Trifonov et al. (A&A 636, A74 (2020))",HARPS,ThAr,Trifonov,0.388879387,0.000789496,9.954810091,-0.000302904,89.2,900.0012,,12.11774272
2454139.881,5.789,1.557,La Silla Observatory,HD123517,BJD,"Trifonov et al. (A&A 636, A74 (2020))",HARPS,ThAr,Trifonov,0.389438439,0.000900713,9.986073383,-0.010072607,80.1,899.9985,,14.26078949
2454255.639,18.121,1.629,La Silla Observatory,HD123517,BJD,"Trifonov et al. (A&A 636, A74 (2020))",HARPS,ThAr,Trifonov,0.387720192,0.000897546,10.00256379,0.005507557,79.9,1543.898,,-0.222529015
2454528.823,37.669,1.568,La Silla Observatory,HD123517,BJD,"Trifonov et al. (A&A 636, A74 (2020))",HARPS,ThAr,Trifonov,0.390951684,0.000830297,9.999149285,-0.024612708,86.8,900.0,,15.44815349
2454649.467,51.026,1.99,La Silla Observatory,HD123517,BJD,"Trifonov et al. (A&A 636, A74 (2020))",HARPS,ThAr,Trifonov,0.387352939,0.001059144,9.999506052,-0.023697874,67.9,900.0,,-7.153702614
