Time,RV,Uncertainty,Observatory_Site,Star_Name,Time_Convention,Reference,Instrument,Wavelength_Calibration_Technique,Source,Halpha_Index,Halpha_Index_Error,Full_Width_Half_Maximum,Bisetor,Signal_to_noise_ratio_in_order_55,Exposure_Time,Airmass,Barycentric_Earth_Radial_Velocity
2453450.873,-25653.631,1.695,"La Silla Observatory, Chile",BD+053829,BJD,"Trifonov et al. (A&A 636, A74 (2020))",HARPS,ThAr,Trifonov,0.407485571,0.000916042,7.917926401,0.042162387,75.0,599.9826,,26.07803645
2453462.868,-25646.02,1.419,"La Silla Observatory, Chile",BD+053829,BJD,"Trifonov et al. (A&A 636, A74 (2020))",HARPS,ThAr,Trifonov,0.40734147,0.00097665,7.919635563,0.046619225,69.1,600.0004,,26.38507638
2453499.801,-25643.879,4.569,"La Silla Observatory, Chile",BD+053829,BJD,"Trifonov et al. (A&A 636, A74 (2020))",HARPS,ThAr,Trifonov,0.412303043,0.003644701,7.908553728,0.04423457,20.9,599.9989,,20.7277878
2453500.744,-25652.849,1.856,"La Silla Observatory, Chile",BD+053829,BJD,"Trifonov et al. (A&A 636, A74 (2020))",HARPS,ThAr,Trifonov,0.401601592,0.00138678,7.922117502,0.052294807,49.7,600.0011,,20.58987259
2453521.74,-25642.988,1.603,"La Silla Observatory, Chile",BD+053829,BJD,"Trifonov et al. (A&A 636, A74 (2020))",HARPS,ThAr,Trifonov,0.394126799,0.001145108,7.919979403,0.030598912,58.7,600.0019,,13.51726758
2453593.69,-25654.978,1.626,"La Silla Observatory, Chile",BD+053829,BJD,"Trifonov et al. (A&A 636, A74 (2020))",HARPS,ThAr,Trifonov,0.406790354,0.001168074,7.927638795,0.045201218,57.4,600.0013,,-16.38269597
2456454.807,-25651.665,1.271,"La Silla Observatory, Chile",BD+053829,BJD,"Trifonov et al. (A&A 636, A74 (2020))",HARPS,ThAr,Trifonov,0.402780267,0.001061234,7.950857491,0.039520212,67.8,799.9997,,8.926261846
2456525.632,-25650.448,3.009,"La Silla Observatory, Chile",BD+053829,BJD,"Trifonov et al. (A&A 636, A74 (2020))",HARPS,ThAr,Trifonov,0.403403429,0.002332999,7.980299327,0.039014082,32.1,300.0009,,-19.47541016
2456538.589,-25650.61,1.389,"La Silla Observatory, Chile",BD+053829,BJD,"Trifonov et al. (A&A 636, A74 (2020))",HARPS,ThAr,Trifonov,0.406166209,0.001071535,7.957543673,0.039093347,67.1,800.0008,,-22.84835851
