Time,RV,Uncertainty,Observatory_Site,Star_Name,Time_Convention,Reference,Instrument,Wavelength_Calibration_Technique,Source,Halpha_Index,Halpha_Index_Error,Full_Width_Half_Maximum,Bisetor,Signal_to_noise_ratio_in_order_55,Exposure_Time,Airmass,Barycentric_Earth_Radial_Velocity
2453463.9,-327.698,4.554,"La Silla Observatory, Chile",HD318107,BJD,"Trifonov et al. (A&A 636, A74 (2020))",HARPS,ThAr,Trifonov,0.412299613,0.000807452,35.47302259,-9.986408198,107.4,899.9942,,28.13611931
2453582.65,-324.679,4.585,"La Silla Observatory, Chile",HD318107,BJD,"Trifonov et al. (A&A 636, A74 (2020))",HARPS,ThAr,Trifonov,0.411109284,0.000817003,39.53158652,9.265906706,106.1,900.0004,,-19.81237506
2453583.699,159.947,8.525,"La Silla Observatory, Chile",HD318107,BJD,"Trifonov et al. (A&A 636, A74 (2020))",HARPS,ThAr,Trifonov,0.408374708,0.001637604,43.52291596,-47.99240899,54.2,899.9996,,-20.28490899
2454223.647,177.497,4.756,"La Silla Observatory, Chile",HD318107,BJD,"Trifonov et al. (A&A 636, A74 (2020))",HARPS,ThAr,Trifonov,0.412520092,0.000944074,41.30328741,16.4905368,92.6,899.9953,,20.67329003
2454633.622,585.917,7.089,"La Silla Observatory, Chile",HD318107,BJD,"Trifonov et al. (A&A 636, A74 (2020))",HARPS,ThAr,Trifonov,0.404048969,0.001034817,82.10069454,89.08095711,85.1,1200.0,,0.539336008
2454869.849,-45.197,4.781,"La Silla Observatory, Chile",HD318107,BJD,"Trifonov et al. (A&A 636, A74 (2020))",HARPS,ThAr,Trifonov,0.408639328,0.000872314,39.56762731,0.543380763,100.6,1200.0,,23.95389247
2454870.877,359.177,5.586,"La Silla Observatory, Chile",HD318107,BJD,"Trifonov et al. (A&A 636, A74 (2020))",HARPS,ThAr,Trifonov,0.412679142,0.001207757,41.02415396,-85.29970031,74.4,900.0,,24.24307204
