Time,RV,Uncertainty,Observatory_Site,Star_Name,Time_Convention,Reference,Instrument,Wavelength_Calibration_Technique,Source,Halpha_Index,Halpha_Index_Error,Full_Width_Half_Maximum,Bisetor,Signal_to_noise_ratio_in_order_55,Exposure_Time,Airmass,Barycentric_Earth_Radial_Velocity
2455649.708,-14967.662,0.824,"La Silla Observatory, Chile",HD119329,BJD,"Trifonov et al. (A&A 636, A74 (2020))",HARPS,ThAr,Trifonov,0.43357021,0.000495139,7.371319686,-0.016883538,157.7,900.006,,14.65930855
2455650.678,-14963.908,1.134,"La Silla Observatory, Chile",HD119329,BJD,"Trifonov et al. (A&A 636, A74 (2020))",HARPS,ThAr,Trifonov,0.429752901,0.000650187,7.372952232,-0.01305842,120.1,899.9991,,14.38236007
2455651.693,-14962.267,1.045,"La Silla Observatory, Chile",HD119329,BJD,"Trifonov et al. (A&A 636, A74 (2020))",HARPS,ThAr,Trifonov,0.432742603,0.00049794,7.37261082,-0.017642414,155.6,900.0056,,14.02110217
2456063.611,-14967.859,1.02,"La Silla Observatory, Chile",HD119329,BJD,"Trifonov et al. (A&A 636, A74 (2020))",HARPS,ThAr,Trifonov,0.433687171,0.00063287,7.37509114,-0.018333759,122.0,899.9999,,-3.86313092
2456442.665,-14966.315,1.095,"La Silla Observatory, Chile",HD119329,BJD,"Trifonov et al. (A&A 636, A74 (2020))",HARPS,ThAr,Trifonov,0.430054304,0.000518061,7.37364083,-0.014090095,151.0,900.0008,,-9.213525127
2456443.67,-14964.072,1.202,"La Silla Observatory, Chile",HD119329,BJD,"Trifonov et al. (A&A 636, A74 (2020))",HARPS,ThAr,Trifonov,0.428919546,0.000840587,7.370993848,-0.01746457,95.5,900.001,,-9.587456476
2456461.625,-14965.645,1.106,"La Silla Observatory, Chile",HD119329,BJD,"Trifonov et al. (A&A 636, A74 (2020))",HARPS,ThAr,Trifonov,0.432765709,0.000567738,7.37491899,-0.01654112,139.9,900.001,,-15.50112086
