Time,RV,Uncertainty,Observatory_Site,Star_Name,Time_Convention,Reference,Instrument,Wavelength_Calibration_Technique,Source,Halpha_Index,Halpha_Index_Error,Full_Width_Half_Maximum,Bisetor,Signal_to_noise_ratio_in_order_55,Exposure_Time,Airmass,Barycentric_Earth_Radial_Velocity
2453360.837,-7486.372,2.277,"La Silla Observatory, Chile",HD102346,BJD,"Trifonov et al. (A&A 636, A74 (2020))",HARPS,ThAr,Trifonov,0.433436994,0.001515267,12.54015672,-0.026247036,51.9,79.7959,,28.71605628
2453361.853,-7455.703,2.344,"La Silla Observatory, Chile",HD102346,BJD,"Trifonov et al. (A&A 636, A74 (2020))",HARPS,ThAr,Trifonov,0.435904693,0.001566031,12.41085917,-0.00522718,50.4,79.8019,,28.71820534
2453362.811,-7443.795,2.514,"La Silla Observatory, Chile",HD102346,BJD,"Trifonov et al. (A&A 636, A74 (2020))",HARPS,ThAr,Trifonov,0.438748217,0.00171361,12.5740377,-0.015511307,46.5,79.7972,,28.82346303
2453363.801,-7455.164,2.471,"La Silla Observatory, Chile",HD102346,BJD,"Trifonov et al. (A&A 636, A74 (2020))",HARPS,ThAr,Trifonov,0.437787019,0.001652628,12.52422575,0.007545982,47.6,79.4016,,28.85879282
2453364.755,-7445.047,2.45,"La Silla Observatory, Chile",HD102346,BJD,"Trifonov et al. (A&A 636, A74 (2020))",HARPS,ThAr,Trifonov,0.440291735,0.001641858,12.56707942,-0.081869652,47.6,79.8003,,28.93310861
2453364.863,-7438.878,2.046,"La Silla Observatory, Chile",HD102346,BJD,"Trifonov et al. (A&A 636, A74 (2020))",HARPS,ThAr,Trifonov,0.438579959,0.001322225,12.5725643,-0.051690157,59.4,79.8013,,28.7452063
2453365.77,-7482.972,2.172,"La Silla Observatory, Chile",HD102346,BJD,"Trifonov et al. (A&A 636, A74 (2020))",HARPS,ThAr,Trifonov,0.440047626,0.001390955,12.50690976,0.038303113,55.4,79.9015,,28.91827742
2453365.809,-7484.698,2.124,"La Silla Observatory, Chile",HD102346,BJD,"Trifonov et al. (A&A 636, A74 (2020))",HARPS,ThAr,Trifonov,0.439280235,0.001384608,12.49439985,0.021551998,56.6,79.8959,,28.85608038
2453365.849,-7485.54,2.423,"La Silla Observatory, Chile",HD102346,BJD,"Trifonov et al. (A&A 636, A74 (2020))",HARPS,ThAr,Trifonov,0.444373864,0.001726489,12.51767279,0.010137114,47.5,79.4004,,28.77547128
