Time,RV,Uncertainty,Observatory_Site,Star_Name,Time_Convention,Reference,Instrument,Wavelength_Calibration_Technique,Source,Halpha_Index,Halpha_Index_Error,Full_Width_Half_Maximum,Bisetor,Signal_to_noise_ratio_in_order_55,Exposure_Time,Airmass,Barycentric_Earth_Radial_Velocity
2453063.83,20292.356,2.388,"La Silla Observatory, Chile",HD105575,BJD,"Trifonov et al. (A&A 636, A74 (2020))",HARPS,ThAr,Trifonov,0.807066331,0.002123431,6.810547497,0.032659525,47.3,462.2957,,15.83534448
2453404.775,16146.383,1.829,"La Silla Observatory, Chile",HD105575,BJD,"Trifonov et al. (A&A 636, A74 (2020))",HARPS,ThAr,Trifonov,0.872350528,0.001537771,6.791614947,0.026237325,67.1,221.7021,,23.93686414
2455325.581,24101.822,2.453,"La Silla Observatory, Chile",HD105575,BJD,"Trifonov et al. (A&A 636, A74 (2020))",HARPS,ThAr,Trifonov,0.797670761,0.002206892,6.745343117,0.066594204,46.4,180.0068,,-14.77534717
2455370.47,24340.923,3.033,"La Silla Observatory, Chile",HD105575,BJD,"Trifonov et al. (A&A 636, A74 (2020))",HARPS,ThAr,Trifonov,0.870689794,0.002850409,6.770925178,0.010911807,38.4,342.8003,,-25.99640844
2455404.495,24540.713,4.399,"La Silla Observatory, Chile",HD105575,BJD,"Trifonov et al. (A&A 636, A74 (2020))",HARPS,ThAr,Trifonov,0.768366838,0.004023151,6.775824178,0.111502074,25.2,171.4004,,-25.29600256
2455664.754,25551.798,2.965,"La Silla Observatory, Chile",HD105575,BJD,"Trifonov et al. (A&A 636, A74 (2020))",HARPS,ThAr,Trifonov,0.791838498,0.002634258,6.742294257,0.039540512,39.0,171.4056,,-3.931140452
2456080.519,26541.792,1.764,"La Silla Observatory, Chile",HD105575,BJD,"Trifonov et al. (A&A 636, A74 (2020))",HARPS,ThAr,Trifonov,0.864463194,0.001649284,6.776776216,0.019789724,66.0,220.0059,,-22.46775275
