Time,RV,Uncertainty,Observatory_Site,Star_Name,Time_Convention,Reference,Instrument,Wavelength_Calibration_Technique,Source,Halpha_Index,Halpha_Index_Error,Full_Width_Half_Maximum,Bisetor,Signal_to_noise_ratio_in_order_55,Exposure_Time,Airmass,Barycentric_Earth_Radial_Velocity
2454247.623,100002138.4,1.743,"La Silla Observatory, Chile",HD141637,BJD,"Trifonov et al. (A&A 636, A74 (2020))",HARPS,ThAr,Trifonov,1.10557458,0.001532469,11.02955328,-0.642062579,106.7,29.9957,,-1.727229488
2454247.623,100003063.7,1.689,"La Silla Observatory, Chile",HD141637,BJD,"Trifonov et al. (A&A 636, A74 (2020))",HARPS,ThAr,Trifonov,1.101754236,0.001405355,13.41456458,1.952203074,116.8,29.9966,,-1.729058978
2454247.624,100002382.8,1.706,"La Silla Observatory, Chile",HD141637,BJD,"Trifonov et al. (A&A 636, A74 (2020))",HARPS,ThAr,Trifonov,1.105435939,0.001447265,10.06926318,0.546657098,113.8,29.9992,,-1.730906682
2454895.894,-327830.964,1.169,"La Silla Observatory, Chile",HD141637,BJD,"Trifonov et al. (A&A 636, A74 (2020))",HARPS,ThAr,Trifonov,1.094730078,0.000485848,46.28148893,1.767629815,342.6,240.0,,29.17674139
2454895.897,-316843.533,1.142,"La Silla Observatory, Chile",HD141637,BJD,"Trifonov et al. (A&A 636, A74 (2020))",HARPS,ThAr,Trifonov,1.095148848,0.000439195,29.78517919,152.9280224,380.2,240.0,,29.16813044
2454896.848,-324769.415,1.125,"La Silla Observatory, Chile",HD141637,BJD,"Trifonov et al. (A&A 636, A74 (2020))",HARPS,ThAr,Trifonov,1.09967787,0.000411018,41.01324364,73.37027178,405.1,240.0,,29.14915121
2454896.852,-450663.084,1.131,"La Silla Observatory, Chile",HD141637,BJD,"Trifonov et al. (A&A 636, A74 (2020))",HARPS,ThAr,Trifonov,1.10116305,0.000420917,208.6670434,-10.42576994,394.9,240.0,,29.14194312
2454899.878,-388026.481,0.909,"La Silla Observatory, Chile",HD141637,BJD,"Trifonov et al. (A&A 636, A74 (2020))",HARPS,ThAr,Trifonov,1.10092101,0.000487101,72.41302401,0.0,344.1,240.0,,28.62511419
2454899.881,-318843.612,0.915,"La Silla Observatory, Chile",HD141637,BJD,"Trifonov et al. (A&A 636, A74 (2020))",HARPS,ThAr,Trifonov,1.10205181,0.000495732,39.19628211,83.51713003,339.4,240.0,,28.61733433
