Time,RV,Uncertainty,Observatory_Site,Star_Name,Time_Convention,Reference,Instrument,Wavelength_Calibration_Technique,Source,Halpha_Index,Halpha_Index_Error,Full_Width_Half_Maximum,Bisetor,Signal_to_noise_ratio_in_order_55,Exposure_Time,Airmass,Barycentric_Earth_Radial_Velocity
2452941.709,-3450.128,1.862,"La Silla Observatory, Chile",HIP11989,BJD,"Trifonov et al. (A&A 636, A74 (2020))",HARPS,ThAr,Trifonov,0.534438489,0.002414886,6.181040636,0.00667113,32.7,415.0957,,-6.435948314
2453315.696,-2698.337,1.154,"La Silla Observatory, Chile",HIP11989,BJD,"Trifonov et al. (A&A 636, A74 (2020))",HARPS,ThAr,Trifonov,0.537475014,0.001221881,6.193212434,0.020826275,65.8,430.6011,,-8.926008161
2453315.819,-2681.186,1.588,"La Silla Observatory, Chile",HIP11989,BJD,"Trifonov et al. (A&A 636, A74 (2020))",HARPS,ThAr,Trifonov,0.530327411,0.001861612,6.199077014,0.015874096,43.1,430.6001,,-9.161715472
2453316.801,-2577.693,1.307,"La Silla Observatory, Chile",HIP11989,BJD,"Trifonov et al. (A&A 636, A74 (2020))",HARPS,ThAr,Trifonov,0.537099136,0.001567558,6.19890027,0.020230947,51.5,900.0021,,-9.410905013
2453339.718,14.561,1.335,"La Silla Observatory, Chile",HIP11989,BJD,"Trifonov et al. (A&A 636, A74 (2020))",HARPS,ThAr,Trifonov,0.540004604,0.00145646,6.176495933,0.02672653,54.7,424.9828,,-14.74528039
2453370.635,2697.549,1.239,"La Silla Observatory, Chile",HIP11989,BJD,"Trifonov et al. (A&A 636, A74 (2020))",HARPS,ThAr,Trifonov,0.538943,0.001463058,6.181342898,0.023645616,56.6,428.2955,,-18.26107017
2453372.61,2818.867,1.236,"La Silla Observatory, Chile",HIP11989,BJD,"Trifonov et al. (A&A 636, A74 (2020))",HARPS,ThAr,Trifonov,0.537267494,0.001704653,6.185461041,0.018769036,49.0,430.5775,,-18.28230474
2453374.626,2934.254,1.216,"La Silla Observatory, Chile",HIP11989,BJD,"Trifonov et al. (A&A 636, A74 (2020))",HARPS,ThAr,Trifonov,0.540552718,0.001358577,6.190193693,0.020390829,59.8,430.583,,-18.34798999
