Time,RV,Uncertainty,Observatory_Site,Star_Name,Time_Convention,Reference,Instrument,Wavelength_Calibration_Technique,Source,Halpha_Index,Halpha_Index_Error,Full_Width_Half_Maximum,Bisetor,Signal_to_noise_ratio_in_order_55,Exposure_Time,Airmass,Barycentric_Earth_Radial_Velocity
2457331.519,16.695,2.75,"La Silla Observatory, Chile",TYC8770-239-1,BJD,"Trifonov et al. (A&A 636, A74 (2020))",HARPS,ThAr,Trifonov,0.4470239,0.001990528,9.774856633,0.046884728,42.7,899.9983,,-19.97070577
2457332.511,9.493,3.098,"La Silla Observatory, Chile",TYC8770-239-1,BJD,"Trifonov et al. (A&A 636, A74 (2020))",HARPS,ThAr,Trifonov,0.450354465,0.002318543,9.801598212,0.023245693,37.6,899.9983,,-19.73442367
2457498.852,-30.371,2.769,"La Silla Observatory, Chile",TYC8770-239-1,BJD,"Trifonov et al. (A&A 636, A74 (2020))",HARPS,ThAr,Trifonov,0.447127365,0.002335971,9.848074188,0.045296539,38.4,899.9982,,22.17497288
2457637.508,13.678,5.062,"La Silla Observatory, Chile",TYC8770-239-1,BJD,"Trifonov et al. (A&A 636, A74 (2020))",HARPS,ThAr,Trifonov,0.447787694,0.004031366,9.853942975,0.02891922,23.1,899.9982,,-21.65997532
2457638.532,-6.253,2.584,"La Silla Observatory, Chile",TYC8770-239-1,BJD,"Trifonov et al. (A&A 636, A74 (2020))",HARPS,ThAr,Trifonov,0.450512193,0.002348001,9.771200327,0.06196535,39.5,1199.9982,,-21.86177721
2457639.53,4.518,2.811,"La Silla Observatory, Chile",TYC8770-239-1,BJD,"Trifonov et al. (A&A 636, A74 (2020))",HARPS,ThAr,Trifonov,0.456049962,0.002566956,9.865764016,0.052085259,36.1,1199.9983,,-22.02027774
2457640.48,11.508,1.761,"La Silla Observatory, Chile",TYC8770-239-1,BJD,"Trifonov et al. (A&A 636, A74 (2020))",HARPS,ThAr,Trifonov,0.446264063,0.001386189,9.771766945,0.018058249,62.0,1199.9983,,-22.10389768
2458212.903,-11.689,1.629,"La Silla Observatory, Chile",TYC8770-239-1,BJD,"Trifonov et al. (A&A 636, A74 (2020))",HARPS,ThAr,Trifonov,0.449781761,0.001330413,9.756140373,0.037368791,63.1,1799.9983,,23.8140254
2458214.891,6.263,2.204,"La Silla Observatory, Chile",TYC8770-239-1,BJD,"Trifonov et al. (A&A 636, A74 (2020))",HARPS,ThAr,Trifonov,0.448929436,0.001761938,9.833512002,0.023423218,47.2,1799.9982,,23.72555005
