Time,RV,Uncertainty,Observatory_Site,Star_Name,Time_Convention,Reference,Instrument,Wavelength_Calibration_Technique,Source,Halpha_Index,Halpha_Index_Error,Full_Width_Half_Maximum,Bisetor,Signal_to_noise_ratio_in_order_55,Exposure_Time,Airmass,Barycentric_Earth_Radial_Velocity
2454045.668,12334.432,1.058,"La Silla Observatory, Chile",HD10761,BJD,"Trifonov et al. (A&A 636, A74 (2020))",HARPS,ThAr,Trifonov,0.416821747,0.000364709,8.431125666,0.056754863,190.6,59.9976,,-8.605392881
2454085.582,12319.995,1.033,"La Silla Observatory, Chile",HD10761,BJD,"Trifonov et al. (A&A 636, A74 (2020))",HARPS,ThAr,Trifonov,0.418871909,0.00027401,8.428844697,0.058916168,255.7,60.0001,,-25.31148432
2454370.718,12414.194,1.033,"La Silla Observatory, Chile",HD10761,BJD,"Trifonov et al. (A&A 636, A74 (2020))",HARPS,ThAr,Trifonov,0.416357757,0.000276042,8.428397488,0.056035068,256.5,60.0003,,11.7874419
2454371.673,12414.817,1.05,"La Silla Observatory, Chile",HD10761,BJD,"Trifonov et al. (A&A 636, A74 (2020))",HARPS,ThAr,Trifonov,0.417924476,0.000340855,8.43540985,0.057830959,205.4,60.0004,,11.44104529
2454623.925,12440.352,1.066,"La Silla Observatory, Chile",HD10761,BJD,"Trifonov et al. (A&A 636, A74 (2020))",HARPS,ThAr,Trifonov,0.41347591,0.000394335,8.426535314,0.064517419,179.1,100.0,,22.02837449
2454684.762,12464.134,1.062,"La Silla Observatory, Chile",HD10761,BJD,"Trifonov et al. (A&A 636, A74 (2020))",HARPS,ThAr,Trifonov,0.419244428,0.000371682,8.431591017,0.063485712,186.4,60.0,,28.39618655
2454785.643,12483.503,0.889,"La Silla Observatory, Chile",HD10761,BJD,"Trifonov et al. (A&A 636, A74 (2020))",HARPS,ThAr,Trifonov,0.410841811,0.000483934,8.441396186,0.048078779,145.2,60.0,,-13.23442367
2454788.621,12475.261,1.032,"La Silla Observatory, Chile",HD10761,BJD,"Trifonov et al. (A&A 636, A74 (2020))",HARPS,ThAr,Trifonov,0.414680934,0.000267672,8.434850403,0.052691855,265.6,60.0,,-14.59048795
