Time,RV,Uncertainty,Observatory_Site,Star_Name,Time_Convention,Reference,Instrument,Wavelength_Calibration_Technique,Source,Halpha_Index,Halpha_Index_Error,Full_Width_Half_Maximum,Bisetor,Signal_to_noise_ratio_in_order_55,Exposure_Time,Airmass,Barycentric_Earth_Radial_Velocity
2454897.806,58340.301,1.165,"La Silla Observatory, Chile",HD146296,BJD,"Trifonov et al. (A&A 636, A74 (2020))",HARPS,ThAr,Trifonov,0.411895112,0.000525626,6.555050411,-0.0151219,139.6,2700.0,,19.81896065
2454897.837,58340.053,1.145,"La Silla Observatory, Chile",HD146296,BJD,"Trifonov et al. (A&A 636, A74 (2020))",HARPS,ThAr,Trifonov,0.411868277,0.000493259,6.550380585,-0.0157484,149.7,2700.0,,19.79857818
2454897.864,58340.552,1.195,"La Silla Observatory, Chile",HD146296,BJD,"Trifonov et al. (A&A 636, A74 (2020))",HARPS,ThAr,Trifonov,0.412327531,0.000592957,6.550150661,-0.016066582,125.3,1800.0,,19.77847988
2454897.885,58341.188,1.169,"La Silla Observatory, Chile",HD146296,BJD,"Trifonov et al. (A&A 636, A74 (2020))",HARPS,ThAr,Trifonov,0.412350836,0.000555062,6.543301124,-0.016524111,134.8,1800.0,,19.76211346
2454898.806,58341.239,1.218,"La Silla Observatory, Chile",HD146296,BJD,"Trifonov et al. (A&A 636, A74 (2020))",HARPS,ThAr,Trifonov,0.413531482,0.00062753,6.552143753,-0.019123886,117.8,2700.0,,19.82137837
2454898.838,58338.705,1.196,"La Silla Observatory, Chile",HD146296,BJD,"Trifonov et al. (A&A 636, A74 (2020))",HARPS,ThAr,Trifonov,0.413290567,0.000584273,6.552406046,-0.02023576,126.3,2700.0,,19.79983632
2454898.865,58339.392,1.232,"La Silla Observatory, Chile",HD146296,BJD,"Trifonov et al. (A&A 636, A74 (2020))",HARPS,ThAr,Trifonov,0.412819755,0.000652202,6.555622597,-0.010985294,113.6,1800.0,,19.77958665
2454898.886,58340.519,1.261,"La Silla Observatory, Chile",HD146296,BJD,"Trifonov et al. (A&A 636, A74 (2020))",HARPS,ThAr,Trifonov,0.413622294,0.000699018,6.553261042,-0.015406294,106.1,1800.0,,19.76298483
2454899.857,58337.696,1.166,"La Silla Observatory, Chile",HD146296,BJD,"Trifonov et al. (A&A 636, A74 (2020))",HARPS,ThAr,Trifonov,0.411040422,0.000530909,6.551797064,-0.015362187,138.7,2700.0,,19.7830923
