Time,RV,Uncertainty,Observatory_Site,Star_Name,Time_Convention,Reference,Instrument,Wavelength_Calibration_Technique,Source,Halpha_Index,Halpha_Index_Error,Full_Width_Half_Maximum,Bisetor,Signal_to_noise_ratio_in_order_55,Exposure_Time,Airmass,Barycentric_Earth_Radial_Velocity
2454336.534,0.905,3.641,"La Silla Observatory, Chile",HD150562,BJD,"Trifonov et al. (A&A 636, A74 (2020))",HARPS,ThAr,Trifonov,0.508152172,0.002216093,5.124825143,0.0,44.2,1299.9996,,-25.6270727
2454338.583,6.795,3.183,"La Silla Observatory, Chile",HD150562,BJD,"Trifonov et al. (A&A 636, A74 (2020))",HARPS,ThAr,Trifonov,0.503423935,0.001882095,12.03314902,0.051865633,50.8,1300.0001,,-25.93563241
2454544.825,-5.974,1.842,"La Silla Observatory, Chile",HD150562,BJD,"Trifonov et al. (A&A 636, A74 (2020))",HARPS,ThAr,Trifonov,0.489247958,0.001110795,11.99391621,0.038105196,85.1,1300.0,,26.40574881
2454545.847,-2.866,1.779,"La Silla Observatory, Chile",HD150562,BJD,"Trifonov et al. (A&A 636, A74 (2020))",HARPS,ThAr,Trifonov,0.489378985,0.001068053,11.98632298,0.011559837,88.5,1300.0,,26.25838625
2454633.751,5.349,2.167,"La Silla Observatory, Chile",HD150562,BJD,"Trifonov et al. (A&A 636, A74 (2020))",HARPS,ThAr,Trifonov,0.493984008,0.001312305,11.96962126,-0.012854536,72.8,1300.0,,-4.194845965
2454865.883,2.366,1.905,"La Silla Observatory, Chile",HD150562,BJD,"Trifonov et al. (A&A 636, A74 (2020))",HARPS,ThAr,Trifonov,0.491608766,0.001122768,11.97491233,0.033126637,83.9,1300.0,,23.19677208
2454866.87,5.697,2.082,"La Silla Observatory, Chile",HD150562,BJD,"Trifonov et al. (A&A 636, A74 (2020))",HARPS,ThAr,Trifonov,0.494302562,0.001265575,11.96953764,0.032783405,75.3,1300.0,,23.44636646
2454867.812,-2.045,2.321,"La Silla Observatory, Chile",HD150562,BJD,"Trifonov et al. (A&A 636, A74 (2020))",HARPS,ThAr,Trifonov,0.494246462,0.001365821,12.01754822,0.020674499,69.3,1300.0,,23.70946442
2454868.817,-0.424,2.597,"La Silla Observatory, Chile",HD150562,BJD,"Trifonov et al. (A&A 636, A74 (2020))",HARPS,ThAr,Trifonov,0.495001594,0.00152468,12.04385506,0.005365274,62.3,1300.0,,23.9340818
2454869.817,1.171,1.917,"La Silla Observatory, Chile",HD150562,BJD,"Trifonov et al. (A&A 636, A74 (2020))",HARPS,ThAr,Trifonov,0.491217779,0.001125899,12.03250333,-0.00011003,83.2,1300.0,,24.15310937
2454870.851,-4.456,2.056,"La Silla Observatory, Chile",HD150562,BJD,"Trifonov et al. (A&A 636, A74 (2020))",HARPS,ThAr,Trifonov,0.494373195,0.001235482,11.967763,0.009028076,76.9,1300.0,,24.34514389
