Time,RV,Uncertainty,Observatory_Site,Star_Name,Time_Convention,Reference,Instrument,Wavelength_Calibration_Technique,Source,Halpha_Index,Halpha_Index_Error,Full_Width_Half_Maximum,Bisetor,Signal_to_noise_ratio_in_order_55,Exposure_Time,Airmass,Barycentric_Earth_Radial_Velocity
2452947.666,18970.988,2.83,"La Silla Observatory, Chile",HD9608,BJD,"Trifonov et al. (A&A 636, A74 (2020))",HARPS,ThAr,Trifonov,0.395534655,0.002001654,7.068689974,-0.012810795,37.0,122.8954,,-13.59068857
2453266.8,18979.495,2.37,"La Silla Observatory, Chile",HD9608,BJD,"Trifonov et al. (A&A 636, A74 (2020))",HARPS,ThAr,Trifonov,0.401762342,0.00162192,7.068079873,0.00658596,45.0,165.6017,,-0.305778552
2453288.709,18979.719,1.918,"La Silla Observatory, Chile",HD9608,BJD,"Trifonov et al. (A&A 636, A74 (2020))",HARPS,ThAr,Trifonov,0.400829402,0.001384783,7.052261873,-0.009147501,52.6,90.0019,,-7.071089587
2453292.701,18981.425,1.987,"La Silla Observatory, Chile",HD9608,BJD,"Trifonov et al. (A&A 636, A74 (2020))",HARPS,ThAr,Trifonov,0.398536447,0.001390865,7.063938043,0.005594244,52.1,120.0007,,-8.260853462
2453296.725,18975.775,2.527,"La Silla Observatory, Chile",HD9608,BJD,"Trifonov et al. (A&A 636, A74 (2020))",HARPS,ThAr,Trifonov,0.395313413,0.001904941,7.064218796,0.00987526,39.9,82.383,,-9.476426161
2456233.636,18972.011,1.448,"La Silla Observatory, Chile",HD9608,BJD,"Trifonov et al. (A&A 636, A74 (2020))",HARPS,ThAr,Trifonov,0.403464494,0.000981318,7.075854004,0.000598564,78.1,197.865,,-13.21548866
2456504.904,18982.248,3.134,"La Silla Observatory, Chile",HD9608,BJD,"Trifonov et al. (A&A 636, A74 (2020))",HARPS,ThAr,Trifonov,0.407003455,0.002519333,7.070965191,0.01006444,32.8,500.0012,,13.46225338
