Time,RV,Uncertainty,Observatory_Name,Star_Name,Time_Convention,Reference,Instrument,Wavelength_Calibration_Technique,Source,Halpha_Index,Halpha_Index_Error,Full_Width_Half_Maximum,Bisetor,Signal_to_noise_ratio_in_order_55,Exposure_Time,Airmass,Barycentric_Earth_Radial_Velocity
2453359.859,21.734,2.215,La Silla Observatory,HD83683,BJD,"Trifonov et al. (A&A 636, A74 (2020))",HARPS,ThAr,Trifonov,0.384514928,0.001643895,13.35985641,0.00630606,47.7,29.9824,,24.51635514
2453360.818,-14.704,2.992,La Silla Observatory,HD83683,BJD,"Trifonov et al. (A&A 636, A74 (2020))",HARPS,ThAr,Trifonov,0.389838957,0.002024787,13.37655676,0.001996343,38.4,30.0024,,24.31010265
2453361.848,38.003,2.417,La Silla Observatory,HD83683,BJD,"Trifonov et al. (A&A 636, A74 (2020))",HARPS,ThAr,Trifonov,0.385466586,0.001499759,13.39437114,0.043072947,49.8,29.9959,,23.90011613
2453362.812,16.133,2.472,La Silla Observatory,HD83683,BJD,"Trifonov et al. (A&A 636, A74 (2020))",HARPS,ThAr,Trifonov,0.387372544,0.001778317,13.37561657,0.015325019,44.2,30.0023,,23.66683203
2453363.801,-20.861,2.258,La Silla Observatory,HD83683,BJD,"Trifonov et al. (A&A 636, A74 (2020))",HARPS,ThAr,Trifonov,0.385340473,0.001487414,13.44580498,0.031643902,51.3,30.0019,,23.3569335
2453364.856,-2.767,1.85,La Silla Observatory,HD83683,BJD,"Trifonov et al. (A&A 636, A74 (2020))",HARPS,ThAr,Trifonov,0.388941249,0.001206474,13.39883034,0.007872426,61.1,30.0014,,22.85412992
2453365.803,-23.395,1.824,La Silla Observatory,HD83683,BJD,"Trifonov et al. (A&A 636, A74 (2020))",HARPS,ThAr,Trifonov,0.391832084,0.001251712,13.36863289,0.05001966,60.2,29.995,,22.64785517
