Time,RV,Uncertainty,Observatory_Site,Star_Name,Time_Convention,Reference,Instrument,Wavelength_Calibration_Technique,Source,Halpha_Index,Halpha_Index_Error,Full_Width_Half_Maximum,Bisetor,Signal_to_noise_ratio_in_order_55,Exposure_Time,Airmass,Barycentric_Earth_Radial_Velocity
2453875.75,-33959.122,1.16,"La Silla Observatory, Chile",HD175639,BJD,"Trifonov et al. (A&A 636, A74 (2020))",HARPS,ThAr,Trifonov,0.71290656,0.00035657,67.07488741,-15.20676978,323.4,116.3997,,19.53049324
2453875.751,-24241.815,1.16,"La Silla Observatory, Chile",HD175639,BJD,"Trifonov et al. (A&A 636, A74 (2020))",HARPS,ThAr,Trifonov,0.712031023,0.000355007,101.7329812,-13.05183688,325.5,116.3999,,19.52601682
2453875.881,-21433.577,1.49,"La Silla Observatory, Chile",HD175639,BJD,"Trifonov et al. (A&A 636, A74 (2020))",HARPS,ThAr,Trifonov,0.711361997,0.000750478,23.32485195,3.97986372,153.1,153.0982,,19.16522799
2453875.883,-18275.8,1.248,"La Silla Observatory, Chile",HD175639,BJD,"Trifonov et al. (A&A 636, A74 (2020))",HARPS,ThAr,Trifonov,0.711767388,0.000456714,29.41468672,-13.87038746,254.6,153.0987,,19.15946138
2453881.792,-11632.273,1.27,"La Silla Observatory, Chile",HD175639,BJD,"Trifonov et al. (A&A 636, A74 (2020))",HARPS,ThAr,Trifonov,0.708106755,0.000467669,37.71771516,-0.513239226,254.7,116.3984,,17.44934763
2453881.794,-29640.228,1.262,"La Silla Observatory, Chile",HD175639,BJD,"Trifonov et al. (A&A 636, A74 (2020))",HARPS,ThAr,Trifonov,0.70843721,0.000458664,93.32095253,-25.88411891,256.2,116.4007,,17.4445073
2453986.502,-15371.256,1.428,"La Silla Observatory, Chile",HD175639,BJD,"Trifonov et al. (A&A 636, A74 (2020))",HARPS,ThAr,Trifonov,0.707437165,0.000647662,16.82504223,46723.93355,175.7,300.0017,,-22.81832121
2453986.506,-2352.241,1.746,"La Silla Observatory, Chile",HD175639,BJD,"Trifonov et al. (A&A 636, A74 (2020))",HARPS,ThAr,Trifonov,0.707922067,0.001119758,2.050773406,-0.975287196,101.9,299.9995,,-22.83016216
