Time,RV,Uncertainty,Observatory_Name,Star_Name,Time_Convention,Reference,Instrument,Wavelength_Calibration_Technique,Source,Halpha_Index,Halpha_Index_Error,Full_Width_Half_Maximum,Bisetor,Signal_to_noise_ratio_in_order_55,Exposure_Time,Airmass,Barycentric_Earth_Radial_Velocity
2456414.511,168.197,3.822,La Silla Observatory,HD298542,BJD,"Trifonov et al. (A&A 636, A74 (2020))",HARPS,ThAr,Trifonov,0.43477285,0.001277831,11.425921,-0.0031748,59.2,800.0006,,-9.39283621
2456646.775,211.616,3.203,La Silla Observatory,HD298542,BJD,"Trifonov et al. (A&A 636, A74 (2020))",HARPS,ThAr,Trifonov,0.439980153,0.000961636,11.51260562,0.025905478,77.7,900.0,,14.55941425
2456647.744,-1662.303,4.078,La Silla Observatory,HD298542,BJD,"Trifonov et al. (A&A 636, A74 (2020))",HARPS,ThAr,Trifonov,0.731767981,0.001365354,15.34573255,1.42e+53,90.3,1199.9933,,14.59821245
2456670.872,205.53,3.874,La Silla Observatory,HD298542,BJD,"Trifonov et al. (A&A 636, A74 (2020))",HARPS,ThAr,Trifonov,0.434823097,0.0012655,11.37767175,-0.039948763,60.3,900.002,,13.12419632
2456975.775,194.908,3.24,La Silla Observatory,HD298542,BJD,"Trifonov et al. (A&A 636, A74 (2020))",HARPS,ThAr,Trifonov,0.429954583,0.000924103,11.47699908,0.014882728,79.6,900.0018,,11.71459187
2457010.745,253.206,2.668,La Silla Observatory,HD298542,BJD,"Trifonov et al. (A&A 636, A74 (2020))",HARPS,ThAr,Trifonov,0.432584763,0.000723816,11.45783686,-0.027770358,102.6,1800.0006,,14.60568191
