Time,RV,Uncertainty,Observatory_Name,Star_Name,Time_Convention,Reference,Instrument,Wavelength_Calibration_Technique,Source,Halpha_Index,Halpha_Index_Error,Full_Width_Half_Maximum,Bisetor,Signal_to_noise_ratio_in_order_55,Exposure_Time,Airmass,Barycentric_Earth_Radial_Velocity
2454897.806,-0.507,0.984,La Silla Observatory,HD146296,BJD,"Trifonov et al. (A&A 636, A74 (2020))",HARPS,ThAr,Trifonov,0.411895112,0.000525626,6.555050411,-0.0151219,139.6,2700.0,,19.81896065
2454897.837,-0.138,0.968,La Silla Observatory,HD146296,BJD,"Trifonov et al. (A&A 636, A74 (2020))",HARPS,ThAr,Trifonov,0.411868277,0.000493259,6.550380585,-0.0157484,149.7,2700.0,,19.79857818
2454897.864,0.774,1.011,La Silla Observatory,HD146296,BJD,"Trifonov et al. (A&A 636, A74 (2020))",HARPS,ThAr,Trifonov,0.412327531,0.000592957,6.550150661,-0.016066582,125.3,1800.0,,19.77847988
2454897.885,0.058,0.988,La Silla Observatory,HD146296,BJD,"Trifonov et al. (A&A 636, A74 (2020))",HARPS,ThAr,Trifonov,0.412350836,0.000555062,6.543301124,-0.016524111,134.8,1800.0,,19.76211346
2454898.806,-0.379,1.032,La Silla Observatory,HD146296,BJD,"Trifonov et al. (A&A 636, A74 (2020))",HARPS,ThAr,Trifonov,0.413531482,0.00062753,6.552143753,-0.019123886,117.8,2700.0,,19.82137837
2454898.838,-1.206,1.012,La Silla Observatory,HD146296,BJD,"Trifonov et al. (A&A 636, A74 (2020))",HARPS,ThAr,Trifonov,0.413290567,0.000584273,6.552406046,-0.02023576,126.3,2700.0,,19.79983632
2454898.865,0.71,1.045,La Silla Observatory,HD146296,BJD,"Trifonov et al. (A&A 636, A74 (2020))",HARPS,ThAr,Trifonov,0.412819755,0.000652202,6.555622597,-0.010985294,113.6,1800.0,,19.77958665
2454898.886,1.957,1.072,La Silla Observatory,HD146296,BJD,"Trifonov et al. (A&A 636, A74 (2020))",HARPS,ThAr,Trifonov,0.413622294,0.000699018,6.553261042,-0.015406294,106.1,1800.0,,19.76298483
2454899.857,-0.939,0.986,La Silla Observatory,HD146296,BJD,"Trifonov et al. (A&A 636, A74 (2020))",HARPS,ThAr,Trifonov,0.411040422,0.000530909,6.551797064,-0.015362187,138.7,2700.0,,19.7830923
