Time,RV,Uncertainty,Observatory_Name,Star_Name,Time_Convention,Reference,Instrument,Wavelength_Calibration_Technique,Source,Halpha_Index,Halpha_Index_Error,Full_Width_Half_Maximum,Bisetor,Signal_to_noise_ratio_in_order_55,Exposure_Time,Airmass,Barycentric_Earth_Radial_Velocity
2453046.803,-3.248,0.916,La Silla Observatory,HD112540,BJD,"Trifonov et al. (A&A 636, A74 (2020))",HARPS,ThAr,Trifonov,0.441116356,0.000645197,6.723227376,-0.03697191,114.0,899.9958,,10.53539178
2453064.829,-4.711,1.802,La Silla Observatory,HD112540,BJD,"Trifonov et al. (A&A 636, A74 (2020))",HARPS,ThAr,Trifonov,0.439169733,0.001625787,6.729929105,-0.030279911,47.2,899.9956,,12.02689775
2453833.69,-6.267,1.024,La Silla Observatory,HD112540,BJD,"Trifonov et al. (A&A 636, A74 (2020))",HARPS,ThAr,Trifonov,0.443952454,0.000573049,6.732968805,-0.027531214,129.1,900.0003,,11.25414432
2455290.711,8.535,0.899,La Silla Observatory,HD112540,BJD,"Trifonov et al. (A&A 636, A74 (2020))",HARPS,ThAr,Trifonov,0.454473716,0.000786704,6.790176759,-0.012487762,99.2,900.006,,11.59106352
2455291.72,0.875,0.896,La Silla Observatory,HD112540,BJD,"Trifonov et al. (A&A 636, A74 (2020))",HARPS,ThAr,Trifonov,0.452627736,0.000728308,6.788319228,-0.014380287,106.7,900.006,,11.51397767
2455321.658,4.19,1.299,La Silla Observatory,HD112540,BJD,"Trifonov et al. (A&A 636, A74 (2020))",HARPS,ThAr,Trifonov,0.447786688,0.000967829,6.773306687,-0.028302065,80.4,900.0062,,7.842820748
2455327.622,-5.09,0.918,La Silla Observatory,HD112540,BJD,"Trifonov et al. (A&A 636, A74 (2020))",HARPS,ThAr,Trifonov,0.444445011,0.000579676,6.748249652,-0.025183712,131.1,900.0059,,6.847166678
2455341.7,2.764,0.927,La Silla Observatory,HD112540,BJD,"Trifonov et al. (A&A 636, A74 (2020))",HARPS,ThAr,Trifonov,0.449812916,0.000716048,6.763904417,-0.034405829,107.6,900.0066,,4.22786989
