Time,RV,Uncertainty,Observatory_Site,Star_Name,Time_Convention,Reference,Instrument,Wavelength_Calibration_Technique,Source,Halpha_Index,Halpha_Index_Error,Full_Width_Half_Maximum,Bisetor,Signal_to_noise_ratio_in_order_55,Exposure_Time,Airmass,Barycentric_Earth_Radial_Velocity
2454255.921,-0.232,1.26,"La Silla Observatory, Chile",HD197921,BJD,"Trifonov et al. (A&A 636, A74 (2020))",HARPS,ThAr,Trifonov,0.550797071,0.001544325,6.159005485,0.00816946,54.9,299.9978,,17.00948291
2455390.798,-3.365,1.31,"La Silla Observatory, Chile",HD197921,BJD,"Trifonov et al. (A&A 636, A74 (2020))",HARPS,ThAr,Trifonov,0.552092854,0.001801453,6.160171433,0.008589767,47.7,219.8,,3.138361677
2456197.613,-1.83,1.395,"La Silla Observatory, Chile",HD197921,BJD,"Trifonov et al. (A&A 636, A74 (2020))",HARPS,ThAr,Trifonov,0.549884056,0.001680869,6.168409674,0.008808933,52.0,525.0063,,-22.31498174
2456460.855,0.095,1.967,"La Silla Observatory, Chile",HD197921,BJD,"Trifonov et al. (A&A 636, A74 (2020))",HARPS,ThAr,Trifonov,0.549749009,0.00300633,6.198756745,0.009945284,31.7,202.3107,,12.83139002
2456480.848,4.265,1.278,"La Silla Observatory, Chile",HD197921,BJD,"Trifonov et al. (A&A 636, A74 (2020))",HARPS,ThAr,Trifonov,0.546358215,0.001635578,6.203042065,0.007760934,53.5,404.6214,,5.365245513
2456504.764,5.144,1.22,"La Silla Observatory, Chile",HD197921,BJD,"Trifonov et al. (A&A 636, A74 (2020))",HARPS,ThAr,Trifonov,0.550625836,0.001398322,6.19925744,0.014496745,61.9,800.0006,,-4.205944228
2456859.78,-1.808,0.98,"La Silla Observatory, Chile",HD197921,BJD,"Trifonov et al. (A&A 636, A74 (2020))",HARPS,ThAr,Trifonov,0.544431235,0.001066539,6.191288787,0.001337816,80.4,599.9999,,-0.069426259
2456895.689,-1.838,1.257,"La Silla Observatory, Chile",HD197921,BJD,"Trifonov et al. (A&A 636, A74 (2020))",HARPS,ThAr,Trifonov,0.55121493,0.00149966,6.184811334,0.008380999,55.8,450.0006,,-13.83243746
