Time,RV,Uncertainty,Observatory_Site,Star_Name,Time_Convention,Reference,Instrument,Wavelength_Calibration_Technique,Source,Halpha_Index,Halpha_Index_Error,Full_Width_Half_Maximum,Bisetor,Signal_to_noise_ratio_in_order_55,Exposure_Time,Airmass,Barycentric_Earth_Radial_Velocity
2457067.554,26315.775,2.86,"La Silla Observatory, Chile",TYC7087-2536-1,BJD,"Trifonov et al. (A&A 636, A74 (2020))",HARPS,ThAr,Trifonov,0.434577362,0.002472276,6.73316676,-0.02675165,33.2,900.0016,,-10.93164441
2457068.569,26311.257,3.897,"La Silla Observatory, Chile",TYC7087-2536-1,BJD,"Trifonov et al. (A&A 636, A74 (2020))",HARPS,ThAr,Trifonov,0.436189803,0.003704321,6.71319473,-0.027012601,24.1,900.0019,,-11.20851521
2457069.569,26305.349,2.419,"La Silla Observatory, Chile",TYC7087-2536-1,BJD,"Trifonov et al. (A&A 636, A74 (2020))",HARPS,ThAr,Trifonov,0.438417775,0.002146522,6.728767452,-0.030049144,38.9,1200.0019,,-11.44698563
2457070.553,26309.613,2.413,"La Silla Observatory, Chile",TYC7087-2536-1,BJD,"Trifonov et al. (A&A 636, A74 (2020))",HARPS,ThAr,Trifonov,0.436041727,0.00207741,6.738799759,-0.033008397,39.1,1200.0018,,-11.64210856
2457070.625,26314.9,2.425,"La Silla Observatory, Chile",TYC7087-2536-1,BJD,"Trifonov et al. (A&A 636, A74 (2020))",HARPS,ThAr,Trifonov,0.433169734,0.002172886,6.73210026,-0.026993605,38.6,1200.0027,,-11.8132701
2457071.565,26308.262,1.755,"La Silla Observatory, Chile",TYC7087-2536-1,BJD,"Trifonov et al. (A&A 636, A74 (2020))",HARPS,ThAr,Trifonov,0.438256831,0.001538485,6.729964589,-0.037400675,52.8,1200.0018,,-11.90275932
2457072.558,26315.908,2.844,"La Silla Observatory, Chile",TYC7087-2536-1,BJD,"Trifonov et al. (A&A 636, A74 (2020))",HARPS,ThAr,Trifonov,0.438458707,0.002483099,6.75834354,-0.019752741,33.4,1200.0016,,-12.11218142
