Time,RV,Uncertainty,Observatory_Site,Star_Name,Time_Convention,Reference,Instrument,Wavelength_Calibration_Technique,Source,Halpha_Index,Halpha_Index_Error,Full_Width_Half_Maximum,Bisetor,Signal_to_noise_ratio_in_order_55,Exposure_Time,Airmass,Barycentric_Earth_Radial_Velocity
2454367.737,8094.12,1.233,"La Silla Observatory, Chile",HD219556,BJD,"Trifonov et al. (A&A 636, A74 (2020))",HARPS,ThAr,Trifonov,0.449012028,0.000975655,6.346833819,-0.005365322,79.9,900.0001,,-12.69259186
2454368.677,8091.701,1.189,"La Silla Observatory, Chile",HD219556,BJD,"Trifonov et al. (A&A 636, A74 (2020))",HARPS,ThAr,Trifonov,0.449170136,0.000837357,6.349048309,-0.001715294,91.1,899.9965,,-12.91825616
2454369.593,8092.905,2.866,"La Silla Observatory, Chile",HD219556,BJD,"Trifonov et al. (A&A 636, A74 (2020))",HARPS,ThAr,Trifonov,0.448916408,0.002662604,6.350056489,-0.008081176,31.5,300.0005,,-13.08591387
2455787.861,8072.749,1.119,"La Silla Observatory, Chile",HD219556,BJD,"Trifonov et al. (A&A 636, A74 (2020))",HARPS,ThAr,Trifonov,0.448320354,0.000709183,6.934451926,-0.038231946,117.1,900.0003,,3.074375589
2456064.927,8080.11,0.948,"La Silla Observatory, Chile",HD219556,BJD,"Trifonov et al. (A&A 636, A74 (2020))",HARPS,ThAr,Trifonov,0.45048552,0.000666323,6.907683233,-0.038777162,117.8,899.9939,,23.57593461
2456183.686,8096.043,0.884,"La Silla Observatory, Chile",HD219556,BJD,"Trifonov et al. (A&A 636, A74 (2020))",HARPS,ThAr,Trifonov,0.447457063,0.000695518,6.376731586,0.006159841,114.2,900.0001,,-8.789916058
2456185.748,8075.847,1.019,"La Silla Observatory, Chile",HD219556,BJD,"Trifonov et al. (A&A 636, A74 (2020))",HARPS,ThAr,Trifonov,0.446995596,0.000799541,6.904337926,-0.035403111,99.5,899.9994,,-9.684535336
2456303.545,8091.467,2.299,"La Silla Observatory, Chile",HD219556,BJD,"Trifonov et al. (A&A 636, A74 (2020))",HARPS,ThAr,Trifonov,0.437567812,0.001863417,6.372297143,-0.01385475,40.2,900.0015,,-15.3949934
2456561.683,8094.187,1.159,"La Silla Observatory, Chile",HD219556,BJD,"Trifonov et al. (A&A 636, A74 (2020))",HARPS,ThAr,Trifonov,0.447475142,0.000846253,6.372409774,0.004817125,94.0,899.9935,,-13.41443541
