Time,RV,Uncertainty,Observatory_Site,Star_Name,Time_Convention,Reference,Instrument,Wavelength_Calibration_Technique,Source,Halpha_Index,Halpha_Index_Error,Full_Width_Half_Maximum,Bisetor,Signal_to_noise_ratio_in_order_55,Exposure_Time,Airmass,Barycentric_Earth_Radial_Velocity
2454365.763,-6.401,1.115,"La Silla Observatory, Chile",HD26071,BJD,"Trifonov et al. (A&A 636, A74 (2020))",HARPS,ThAr,Trifonov,0.436012033,0.000833142,7.319040722,-0.012957198,92.2,900.0009,,11.41343067
2454366.84,-3.781,1.247,"La Silla Observatory, Chile",HD26071,BJD,"Trifonov et al. (A&A 636, A74 (2020))",HARPS,ThAr,Trifonov,0.435007208,0.00100915,7.329786193,-0.016132944,75.7,899.9996,,11.06864077
2454367.83,-3.654,0.987,"La Silla Observatory, Chile",HD26071,BJD,"Trifonov et al. (A&A 636, A74 (2020))",HARPS,ThAr,Trifonov,0.435629588,0.000868844,7.32425984,-0.010616904,87.8,900.0018,,10.894861
2455787.941,-4.044,1.097,"La Silla Observatory, Chile",HD26071,BJD,"Trifonov et al. (A&A 636, A74 (2020))",HARPS,ThAr,Trifonov,0.433348025,0.000763861,7.327795991,-0.018182355,102.2,900.0001,,15.49646899
2456184.728,-4.162,1.241,"La Silla Observatory, Chile",HD26071,BJD,"Trifonov et al. (A&A 636, A74 (2020))",HARPS,ThAr,Trifonov,0.43263705,0.000940984,7.304926649,-0.018975489,82.1,900.0009,,12.7587388
2456561.875,5.894,0.847,"La Silla Observatory, Chile",HD26071,BJD,"Trifonov et al. (A&A 636, A74 (2020))",HARPS,ThAr,Trifonov,0.427960462,0.000732827,7.32410974,-0.011616547,107.0,899.9998,,10.32222934
2456562.684,7.716,1.109,"La Silla Observatory, Chile",HD26071,BJD,"Trifonov et al. (A&A 636, A74 (2020))",HARPS,ThAr,Trifonov,0.433685391,0.000734408,7.327884889,-0.011451578,103.7,900.0005,,10.47375272
2456563.665,4.133,1.194,"La Silla Observatory, Chile",HD26071,BJD,"Trifonov et al. (A&A 636, A74 (2020))",HARPS,ThAr,Trifonov,0.427349188,0.000827932,7.332652123,-0.016569424,90.9,900.0006,,10.28950218
