Time,RV,Uncertainty,Observatory_Name,Star_Name,Time_Convention,Reference,Instrument,Wavelength_Calibration_Technique,Source,Halpha_Index,Halpha_Index_Error,Full_Width_Half_Maximum,Bisetor,Signal_to_noise_ratio_in_order_55,Exposure_Time,Airmass,Barycentric_Earth_Radial_Velocity
2453579.635,5.985,1.487,La Silla Observatory,GJ2137,BJD,"Trifonov et al. (A&A 636, A74 (2020))",HARPS,ThAr,Trifonov,0.617804568,0.001906607,6.188055153,0.023295674,45.0,245.5024,,-14.17003906
2453882.829,3.092,1.149,La Silla Observatory,GJ2137,BJD,"Trifonov et al. (A&A 636, A74 (2020))",HARPS,ThAr,Trifonov,0.626011928,0.001297365,6.213399943,0.025969928,66.6,299.9987,,15.12845017
2454985.86,-5.256,1.249,La Silla Observatory,GJ2137,BJD,"Trifonov et al. (A&A 636, A74 (2020))",HARPS,ThAr,Trifonov,0.616620248,0.001734586,6.199327103,0.020710181,51.6,245.5,,11.81515808
2455017.755,-3.261,1.086,La Silla Observatory,GJ2137,BJD,"Trifonov et al. (A&A 636, A74 (2020))",HARPS,ThAr,Trifonov,0.621577668,0.001251894,6.212814492,0.02284919,72.0,490.9997,,-3.563615581
2455313.884,-4.396,1.35,La Silla Observatory,GJ2137,BJD,"Trifonov et al. (A&A 636, A74 (2020))",HARPS,ThAr,Trifonov,0.636554209,0.001687999,6.231279215,0.02531572,53.4,491.0065,,25.65091047
2456089.877,2.085,1.679,La Silla Observatory,GJ2137,BJD,"Trifonov et al. (A&A 636, A74 (2020))",HARPS,ThAr,Trifonov,0.626370624,0.002746099,6.233982745,0.01677858,35.9,899.9944,,7.926652344
2456457.888,7.226,1.876,La Silla Observatory,GJ2137,BJD,"Trifonov et al. (A&A 636, A74 (2020))",HARPS,ThAr,Trifonov,0.63488941,0.002474018,6.368415051,0.022808994,37.6,225.9514,,6.553830855
2456517.618,1.194,1.305,La Silla Observatory,GJ2137,BJD,"Trifonov et al. (A&A 636, A74 (2020))",HARPS,ThAr,Trifonov,0.630632533,0.00168833,6.245703681,0.030880363,53.2,1036.3309,,-20.60224936
