Time,RV,Uncertainty,Observatory_Name,Star_Name,Time_Convention,Reference,Instrument,Wavelength_Calibration_Technique,Source,Halpha_Index,Halpha_Index_Error,Full_Width_Half_Maximum,Bisetor,Signal_to_noise_ratio_in_order_55,Exposure_Time,Airmass,Barycentric_Earth_Radial_Velocity
2453578.615,4.187,1.164,La Silla Observatory,HD161555,BJD,"Trifonov et al. (A&A 636, A74 (2020))",HARPS,ThAr,Trifonov,0.405050704,0.000753254,7.592777606,0.014672767,94.3,114.6021,,-17.41861042
2454931.854,-1.62,1.586,La Silla Observatory,HD161555,BJD,"Trifonov et al. (A&A 636, A74 (2020))",HARPS,ThAr,Trifonov,0.399891949,0.001322512,7.602951324,0.016215371,57.6,38.0,,26.47095816
2455017.671,-3.11,1.546,La Silla Observatory,HD161555,BJD,"Trifonov et al. (A&A 636, A74 (2020))",HARPS,ThAr,Trifonov,0.408156464,0.001230895,7.595018501,0.020774989,62.4,57.2988,,-8.098282387
2455299.851,2.919,1.702,La Silla Observatory,HD161555,BJD,"Trifonov et al. (A&A 636, A74 (2020))",HARPS,ThAr,Trifonov,0.4023477,0.001385326,7.591500432,0.010763889,55.6,180.007,,25.91118355
2455755.745,1.631,1.118,La Silla Observatory,HD161555,BJD,"Trifonov et al. (A&A 636, A74 (2020))",HARPS,ThAr,Trifonov,0.40377643,0.000677174,7.609934817,0.016059808,109.1,765.2005,,-11.70359226
2455770.613,0.754,0.786,La Silla Observatory,HD161555,BJD,"Trifonov et al. (A&A 636, A74 (2020))",HARPS,ThAr,Trifonov,0.405006875,0.000640236,7.603158431,0.017654944,116.0,200.0,,-17.58283473
2455825.467,-4.805,1.083,La Silla Observatory,HD161555,BJD,"Trifonov et al. (A&A 636, A74 (2020))",HARPS,ThAr,Trifonov,0.400848564,0.000783817,7.604040734,0.020871386,96.3,120.0059,,-28.63432089
2455838.502,-0.964,1.25,La Silla Observatory,HD161555,BJD,"Trifonov et al. (A&A 636, A74 (2020))",HARPS,ThAr,Trifonov,0.403782619,0.001001959,7.614727878,0.021121481,74.4,400.0054,,-27.98274743
2456177.608,1.426,6.224,La Silla Observatory,HD161555,BJD,"Trifonov et al. (A&A 636, A74 (2020))",HARPS,ThAr,Trifonov,0.403945657,0.004969879,7.653319261,0.026513815,17.6,613.33,,-28.25313324
