Time,RV,Uncertainty,Observatory_Site,Star_Name,Time_Convention,Reference,Instrument,Wavelength_Calibration_Technique,Source,Halpha_Index,Halpha_Index_Error,Full_Width_Half_Maximum,Bisetor,Signal_to_noise_ratio_in_order_55,Exposure_Time,Airmass,Barycentric_Earth_Radial_Velocity
2454569.784,-1563.953,2.852,"La Silla Observatory, Chile",HIP70975,BJD,"Trifonov et al. (A&A 636, A74 (2020))",HARPS,ThAr,Trifonov,0.953095353,0.003425206,2.978169969,-0.006493811,23.9,600.0,,8.437028489
2454583.777,-1564.617,2.245,"La Silla Observatory, Chile",HIP70975,BJD,"Trifonov et al. (A&A 636, A74 (2020))",HARPS,ThAr,Trifonov,0.946454294,0.002820353,2.969906319,-0.006587919,28.6,900.0,,1.394769621
2454587.781,-1568.49,3.388,"La Silla Observatory, Chile",HIP70975,BJD,"Trifonov et al. (A&A 636, A74 (2020))",HARPS,ThAr,Trifonov,0.955264312,0.003776792,2.976398172,-0.013986638,21.2,900.0,,-0.658463327
2454588.77,-1567.321,2.0,"La Silla Observatory, Chile",HIP70975,BJD,"Trifonov et al. (A&A 636, A74 (2020))",HARPS,ThAr,Trifonov,0.953050289,0.002569861,2.972206116,-0.004071641,31.7,900.0,,-1.140148636
2454589.746,-1560.644,2.101,"La Silla Observatory, Chile",HIP70975,BJD,"Trifonov et al. (A&A 636, A74 (2020))",HARPS,ThAr,Trifonov,0.950484804,0.002672792,2.977628565,-0.006154011,30.5,900.0,,-1.584796557
2454590.749,-1566.197,3.164,"La Silla Observatory, Chile",HIP70975,BJD,"Trifonov et al. (A&A 636, A74 (2020))",HARPS,ThAr,Trifonov,0.956491559,0.00367076,2.980818162,-0.004212586,21.9,900.0,,-2.104375883
2454591.731,-1565.646,1.63,"La Silla Observatory, Chile",HIP70975,BJD,"Trifonov et al. (A&A 636, A74 (2020))",HARPS,ThAr,Trifonov,0.951881891,0.002309881,2.977578031,-0.008309057,35.8,900.0,,-2.565495928
2454592.753,-1565.843,1.695,"La Silla Observatory, Chile",HIP70975,BJD,"Trifonov et al. (A&A 636, A74 (2020))",HARPS,ThAr,Trifonov,0.955202621,0.002342087,2.97653741,-0.009008979,35.2,900.0,,-3.137942358
2455956.87,-1562.882,2.357,"La Silla Observatory, Chile",HIP70975,BJD,"Trifonov et al. (A&A 636, A74 (2020))",HARPS,ThAr,Trifonov,0.954179997,0.00293677,2.975235395,-0.008732334,28.8,900.0057,,30.39129724
