Time,RV,Uncertainty,Observatory_Site,Star_Name,Time_Convention,Reference,Instrument,Wavelength_Calibration_Technique,Source,Halpha_Index,Halpha_Index_Error,Full_Width_Half_Maximum,Bisetor,Signal_to_noise_ratio_in_order_55,Exposure_Time,Airmass,Barycentric_Earth_Radial_Velocity
2454799.548,17129.236,7.03,"La Silla Observatory, Chile",HIP5215,BJD,"Trifonov et al. (A&A 636, A74 (2020))",HARPS,ThAr,Trifonov,0.851072017,0.009446007,3.160664064,-0.020928054,8.5,300.0,,-21.66703563
2455434.786,17115.855,2.318,"La Silla Observatory, Chile",HIP5215,BJD,"Trifonov et al. (A&A 636, A74 (2020))",HARPS,ThAr,Trifonov,0.864409253,0.002401679,3.181518275,0.002913519,35.4,900.0005,,21.67390175
2455435.814,17118.996,2.141,"La Silla Observatory, Chile",HIP5215,BJD,"Trifonov et al. (A&A 636, A74 (2020))",HARPS,ThAr,Trifonov,0.902850219,0.002359178,3.181234103,-0.001885794,37.2,900.0007,,21.25945255
2455436.775,17116.472,1.841,"La Silla Observatory, Chile",HIP5215,BJD,"Trifonov et al. (A&A 636, A74 (2020))",HARPS,ThAr,Trifonov,0.92872476,0.002175588,3.175727844,-0.00825606,40.7,900.0007,,21.02339149
2455438.769,17115.253,1.929,"La Silla Observatory, Chile",HIP5215,BJD,"Trifonov et al. (A&A 636, A74 (2020))",HARPS,ThAr,Trifonov,0.882266261,0.002241853,3.181671481,-0.009892331,38.8,900.0003,,20.33516434
2455444.801,17122.682,2.392,"La Silla Observatory, Chile",HIP5215,BJD,"Trifonov et al. (A&A 636, A74 (2020))",HARPS,ThAr,Trifonov,0.900642557,0.002510659,3.191679347,-0.012600032,34.8,900.0004,,17.97927095
2455446.773,17110.531,3.182,"La Silla Observatory, Chile",HIP5215,BJD,"Trifonov et al. (A&A 636, A74 (2020))",HARPS,ThAr,Trifonov,0.896739075,0.003197427,3.198182828,-0.011798105,27.3,900.0006,,17.25506625
