Time,RV,Uncertainty,Observatory_Site,Star_Name,Time_Convention,Reference,Instrument,Wavelength_Calibration_Technique,Source,Halpha_Index,Halpha_Index_Error,Full_Width_Half_Maximum,Bisetor,Signal_to_noise_ratio_in_order_55,Exposure_Time,Airmass,Barycentric_Earth_Radial_Velocity
2453016.838,28369.576,1.902,"La Silla Observatory, Chile",HD95860,BJD,"Trifonov et al. (A&A 636, A74 (2020))",HARPS,ThAr,Trifonov,0.399684484,0.00149319,7.002984347,0.022744845,49.9,537.8012,,18.3864103
2453052.726,28374.221,2.05,"La Silla Observatory, Chile",HD95860,BJD,"Trifonov et al. (A&A 636, A74 (2020))",HARPS,ThAr,Trifonov,0.400288663,0.00162392,7.004373459,0.021240854,46.6,568.4968,,14.16661756
2453490.589,28369.565,1.573,"La Silla Observatory, Chile",HD95860,BJD,"Trifonov et al. (A&A 636, A74 (2020))",HARPS,ThAr,Trifonov,0.402433426,0.001204267,7.001086241,0.014654202,60.0,899.9811,,-6.593558653
2453830.741,28377.403,1.216,"La Silla Observatory, Chile",HD95860,BJD,"Trifonov et al. (A&A 636, A74 (2020))",HARPS,ThAr,Trifonov,0.394581317,0.000788527,7.011107853,0.016271969,91.7,900.0005,,0.868858817
2454171.765,28371.072,1.348,"La Silla Observatory, Chile",HD95860,BJD,"Trifonov et al. (A&A 636, A74 (2020))",HARPS,ThAr,Trifonov,0.39591618,0.00100433,7.015136167,0.009623559,73.2,899.9939,,8.244214981
2454550.673,28370.028,1.44,"La Silla Observatory, Chile",HD95860,BJD,"Trifonov et al. (A&A 636, A74 (2020))",HARPS,ThAr,Trifonov,0.397661884,0.00119387,7.00814418,0.019411301,62.7,900.0,,4.285497099
2454553.66,28376.143,1.46,"La Silla Observatory, Chile",HD95860,BJD,"Trifonov et al. (A&A 636, A74 (2020))",HARPS,ThAr,Trifonov,0.398713222,0.001113353,7.013185397,0.003844824,67.4,900.0,,3.380943197
