Time,RV,Uncertainty,Observatory_Site,Star_Name,Time_Convention,Reference,Instrument,Wavelength_Calibration_Technique,Source,Halpha_Index,Halpha_Index_Error,Full_Width_Half_Maximum,Bisetor,Signal_to_noise_ratio_in_order_55,Exposure_Time,Airmass,Barycentric_Earth_Radial_Velocity
2453918.797,24269.245,2.001,"La Silla Observatory, Chile",HD191033,BJD,"Trifonov et al. (A&A 636, A74 (2020))",HARPS,ThAr,Trifonov,0.389379209,0.001454444,9.27994575,0.032043432,51.8,59.9998,,9.474634929
2453920.799,24276.546,2.053,"La Silla Observatory, Chile",HD191033,BJD,"Trifonov et al. (A&A 636, A74 (2020))",HARPS,ThAr,Trifonov,0.389402033,0.001463788,9.261412443,0.031539476,52.2,59.9989,,8.513797203
2454313.694,24271.727,1.603,"La Silla Observatory, Chile",HD191033,BJD,"Trifonov et al. (A&A 636, A74 (2020))",HARPS,ThAr,Trifonov,0.389875117,0.001084663,9.279664988,0.04068882,69.6,899.9985,,-4.933035934
2455782.769,24296.197,1.705,"La Silla Observatory, Chile",HD191033,BJD,"Trifonov et al. (A&A 636, A74 (2020))",HARPS,ThAr,Trifonov,0.387317009,0.001213314,9.302239733,0.048470735,63.5,136.5,,-9.030436834
2455785.664,24283.027,1.455,"La Silla Observatory, Chile",HD191033,BJD,"Trifonov et al. (A&A 636, A74 (2020))",HARPS,ThAr,Trifonov,0.388277538,0.000869253,9.283708668,0.040750464,88.8,227.5003,,-10.18194396
2455822.555,24285.473,1.355,"La Silla Observatory, Chile",HD191033,BJD,"Trifonov et al. (A&A 636, A74 (2020))",HARPS,ThAr,Trifonov,0.39175195,0.000950423,9.302997495,0.032083959,80.0,150.0062,,-24.60063737
2456177.707,24283.036,1.699,"La Silla Observatory, Chile",HD191033,BJD,"Trifonov et al. (A&A 636, A74 (2020))",HARPS,ThAr,Trifonov,0.38743113,0.001039634,9.280488942,0.036926843,73.3,730.8902,,-21.61770427
2456471.921,24282.032,1.913,"La Silla Observatory, Chile",HD191033,BJD,"Trifonov et al. (A&A 636, A74 (2020))",HARPS,ThAr,Trifonov,0.393294883,0.001262903,9.306483269,0.050898136,61.3,299.9939,,10.98773258
2456968.572,24294.156,1.652,"La Silla Observatory, Chile",HD191033,BJD,"Trifonov et al. (A&A 636, A74 (2020))",HARPS,ThAr,Trifonov,0.391411183,0.001021893,9.30490447,0.043682617,76.1,300.0019,,-29.15298395
