Time,RV,Uncertainty,Observatory_Site,Star_Name,Time_Convention,Reference,Instrument,Wavelength_Calibration_Technique,Source,Halpha_Index,Halpha_Index_Error,Full_Width_Half_Maximum,Bisetor,Signal_to_noise_ratio_in_order_55,Exposure_Time,Airmass,Barycentric_Earth_Radial_Velocity
2454804.661,-32046.908,6.377,"La Silla Observatory, Chile",HIP16445,BJD,"Trifonov et al. (A&A 636, A74 (2020))",HARPS,ThAr,Trifonov,0.904911892,0.007866098,3.03773401,-0.008150923,10.6,300.0,,-9.648156407
2455464.846,-32016.14,4.176,"La Silla Observatory, Chile",HIP16445,BJD,"Trifonov et al. (A&A 636, A74 (2020))",HARPS,ThAr,Trifonov,0.8951623,0.004412299,3.052840826,-0.004984661,19.4,900.0005,,23.03423116
2455820.866,-32047.668,2.988,"La Silla Observatory, Chile",HIP16445,BJD,"Trifonov et al. (A&A 636, A74 (2020))",HARPS,ThAr,Trifonov,0.872646466,0.00325324,3.053838046,-0.010194214,26.5,900.0058,,25.61935569
2455823.875,-32043.363,4.372,"La Silla Observatory, Chile",HIP16445,BJD,"Trifonov et al. (A&A 636, A74 (2020))",HARPS,ThAr,Trifonov,0.873602119,0.004523156,3.055619341,-0.007115156,18.7,900.0062,,24.81851132
2455824.855,-32040.546,3.977,"La Silla Observatory, Chile",HIP16445,BJD,"Trifonov et al. (A&A 636, A74 (2020))",HARPS,ThAr,Trifonov,0.875498135,0.004150421,3.056172738,-0.009708124,20.6,900.0059,,24.5997437
2455827.867,-32043.031,3.501,"La Silla Observatory, Chile",HIP16445,BJD,"Trifonov et al. (A&A 636, A74 (2020))",HARPS,ThAr,Trifonov,0.891840065,0.003661691,3.046048842,-0.009314031,23.7,900.006,,23.69714519
2455828.868,-32051.926,3.516,"La Silla Observatory, Chile",HIP16445,BJD,"Trifonov et al. (A&A 636, A74 (2020))",HARPS,ThAr,Trifonov,0.88095966,0.003695388,3.047559502,-0.008702254,23.0,900.0059,,23.3892619
