Time,RV,Uncertainty,Observatory_Name,Star_Name,Time_Convention,Reference,Instrument,Wavelength_Calibration_Technique,Source,Halpha_Index,Halpha_Index_Error,Full_Width_Half_Maximum,Bisetor,Signal_to_noise_ratio_in_order_55,Exposure_Time,Airmass,Barycentric_Earth_Radial_Velocity
2454568.656,4.041,1.79,La Silla Observatory,GJ3707,BJD,"Trifonov et al. (A&A 636, A74 (2020))",HARPS,ThAr,Trifonov,0.921533389,0.003880658,2.975949412,-0.013644006,19.3,600.0,,-6.597690379
2454583.578,-1.438,1.191,La Silla Observatory,GJ3707,BJD,"Trifonov et al. (A&A 636, A74 (2020))",HARPS,ThAr,Trifonov,0.914159793,0.002735199,2.980490701,-0.009116707,27.3,900.0,,-13.34356258
2454588.612,-0.895,1.497,La Silla Observatory,GJ3707,BJD,"Trifonov et al. (A&A 636, A74 (2020))",HARPS,ThAr,Trifonov,0.914586267,0.003146517,2.974646209,-0.008364246,23.6,900.0,,-15.59239348
2454589.566,-0.525,1.246,La Silla Observatory,GJ3707,BJD,"Trifonov et al. (A&A 636, A74 (2020))",HARPS,ThAr,Trifonov,0.921546564,0.002773165,2.974784153,-0.010049314,27.2,900.0,,-15.8763837
2454590.575,-1.249,1.267,La Silla Observatory,GJ3707,BJD,"Trifonov et al. (A&A 636, A74 (2020))",HARPS,ThAr,Trifonov,0.916189774,0.002827066,2.974457353,-0.010841934,26.5,900.0,,-16.31673408
2454591.558,0.468,1.113,La Silla Observatory,GJ3707,BJD,"Trifonov et al. (A&A 636, A74 (2020))",HARPS,ThAr,Trifonov,0.92396159,0.002215685,2.97313039,-0.01289932,34.3,900.0,,-16.67613385
2454592.567,0.641,1.298,La Silla Observatory,GJ3707,BJD,"Trifonov et al. (A&A 636, A74 (2020))",HARPS,ThAr,Trifonov,0.922061572,0.002919535,2.969850493,-0.007351395,26.0,900.0,,-17.10173289
2455233.827,-1.991,2.6,La Silla Observatory,GJ3707,BJD,"Trifonov et al. (A&A 636, A74 (2020))",HARPS,ThAr,Trifonov,0.915402769,0.005425439,2.968611327,0.004326471,13.6,900.0005,,23.12244856
2456665.831,3.596,2.114,La Silla Observatory,GJ3707,BJD,"Trifonov et al. (A&A 636, A74 (2020))",HARPS,ThAr,Trifonov,0.91827264,0.004252585,1.954032258,0.069453687,17.8,900.0023,,29.31556051
