Time,RV,Uncertainty,Observatory_Name,Star_Name,Time_Convention,Reference,Instrument,Wavelength_Calibration_Technique,Source,Halpha_Index,Halpha_Index_Error,Full_Width_Half_Maximum,Bisetor,Signal_to_noise_ratio_in_order_55,Exposure_Time,Airmass,Barycentric_Earth_Radial_Velocity
2453033.773,-2.736,1.393,La Silla Observatory,HD84687,BJD,"Trifonov et al. (A&A 636, A74 (2020))",HARPS,ThAr,Trifonov,0.385695237,0.000713155,11.87420385,-2.388341127,107.6,119.9953,,12.69099778
2453038.769,1.593,2.12,La Silla Observatory,HD84687,BJD,"Trifonov et al. (A&A 636, A74 (2020))",HARPS,ThAr,Trifonov,0.385237388,0.001069093,11.86341203,-2.390230515,70.8,119.9955,,11.14565824
2453372.825,0.832,1.654,La Silla Observatory,HD84687,BJD,"Trifonov et al. (A&A 636, A74 (2020))",HARPS,ThAr,Trifonov,0.385372063,0.000884402,11.75900995,0.03695974,85.2,59.9768,,18.91041046
2454902.797,-17.641,3.553,La Silla Observatory,HD84687,BJD,"Trifonov et al. (A&A 636, A74 (2020))",HARPS,ThAr,Trifonov,0.38609016,0.002014995,11.71052249,0.053425326,42.1,30.0,,-2.285608024
2455314.582,2.057,3.233,La Silla Observatory,HD84687,BJD,"Trifonov et al. (A&A 636, A74 (2020))",HARPS,ThAr,Trifonov,0.384744468,0.001768714,11.74827932,0.066896933,47.2,60.0071,,-16.28638067
2455588.763,1.925,2.154,La Silla Observatory,HD84687,BJD,"Trifonov et al. (A&A 636, A74 (2020))",HARPS,ThAr,Trifonov,0.386153598,0.001071658,11.78876147,0.030412181,74.1,300.0011,,13.26122107
2455673.526,10.986,2.673,La Silla Observatory,HD84687,BJD,"Trifonov et al. (A&A 636, A74 (2020))",HARPS,ThAr,Trifonov,0.382410865,0.001437205,11.76872345,0.054627488,56.4,150.0002,,-14.68357908
