Time,RV,Uncertainty,Observatory_Name,Star_Name,Time_Convention,Reference,Instrument,Wavelength_Calibration_Technique,Source,Halpha_Index,Halpha_Index_Error,Full_Width_Half_Maximum,Bisetor,Signal_to_noise_ratio_in_order_55,Exposure_Time,Airmass,Barycentric_Earth_Radial_Velocity
2453508.733,-3.143,2.023,La Silla Observatory,GJ2119,BJD,"Trifonov et al. (A&A 636, A74 (2020))",HARPS,ThAr,Trifonov,0.691927144,0.002789986,3.783796018,0.003607795,30.6,900.0004,,6.176849405
2453542.676,-2.451,1.224,La Silla Observatory,GJ2119,BJD,"Trifonov et al. (A&A 636, A74 (2020))",HARPS,ThAr,Trifonov,0.687901878,0.00169636,3.794461034,-0.020342217,50.1,900.0007,,-8.896550654
2456412.84,-6.629,2.186,La Silla Observatory,GJ2119,BJD,"Trifonov et al. (A&A 636, A74 (2020))",HARPS,ThAr,Trifonov,0.70850471,0.002732756,3.814140427,-0.032724019,33.5,900.0006,,13.65180628
2456480.634,-3.828,2.318,La Silla Observatory,GJ2119,BJD,"Trifonov et al. (A&A 636, A74 (2020))",HARPS,ThAr,Trifonov,0.714119057,0.003109765,3.801155509,-0.029108903,29.2,900.001,,-15.21068569
2456755.865,19.451,2.647,La Silla Observatory,GJ2119,BJD,"Trifonov et al. (A&A 636, A74 (2020))",HARPS,ThAr,Trifonov,0.713292666,0.003286274,3.782022207,0.004941435,27.2,900.0011,,21.33038237
2456755.876,-10.239,2.149,La Silla Observatory,GJ2119,BJD,"Trifonov et al. (A&A 636, A74 (2020))",HARPS,ThAr,Trifonov,0.706520257,0.002746579,3.791740753,-0.004225758,32.7,900.0008,,21.30806431
2456761.807,5.969,1.39,La Silla Observatory,GJ2119,BJD,"Trifonov et al. (A&A 636, A74 (2020))",HARPS,ThAr,Trifonov,0.709726828,0.001815384,3.807682909,-0.029550999,49.9,900.0011,,19.60749162
2456900.58,103.574,7.654,La Silla Observatory,GJ2119,BJD,"Trifonov et al. (A&A 636, A74 (2020))",HARPS,ThAr,Trifonov,0.751276695,0.009226115,3.798945206,0.112586851,10.6,490.0017,,-26.8439729
2457148.855,-6.263,2.615,La Silla Observatory,GJ2119,BJD,"Trifonov et al. (A&A 636, A74 (2020))",HARPS,ThAr,Trifonov,0.735118909,0.003513394,3.83550887,-0.024739829,26.6,600.0013,,11.37445686
