Time,RV,Uncertainty,Observatory_Site,Star_Name,Time_Convention,Reference,Instrument,Wavelength_Calibration_Technique,Source,Halpha_Index,Halpha_Index_Error,Full_Width_Half_Maximum,Bisetor,Signal_to_noise_ratio_in_order_55,Exposure_Time,Airmass,Barycentric_Earth_Radial_Velocity
2455649.621,-5742.724,0.983,"La Silla Observatory, Chile",HD92003,BJD,"Trifonov et al. (A&A 636, A74 (2020))",HARPS,ThAr,Trifonov,0.419222766,0.000972071,7.197447166,-0.024647805,81.9,900.0067,,-10.33902953
2455650.618,-5749.617,1.291,"La Silla Observatory, Chile",HD92003,BJD,"Trifonov et al. (A&A 636, A74 (2020))",HARPS,ThAr,Trifonov,0.421196757,0.000965621,7.204036125,-0.021555949,81.0,900.0004,,-10.78968446
2455651.633,-5745.062,1.19,"La Silla Observatory, Chile",HD92003,BJD,"Trifonov et al. (A&A 636, A74 (2020))",HARPS,ThAr,Trifonov,0.422000813,0.000753752,7.203812328,-0.017651353,104.3,899.9984,,-11.28858413
2456064.502,-5747.904,1.061,"La Silla Observatory, Chile",HD92003,BJD,"Trifonov et al. (A&A 636, A74 (2020))",HARPS,ThAr,Trifonov,0.419668733,0.000645382,7.203341654,-0.016660888,120.5,899.9997,,-26.28475957
2456443.567,-5742.51,1.358,"La Silla Observatory, Chile",HD92003,BJD,"Trifonov et al. (A&A 636, A74 (2020))",HARPS,ThAr,Trifonov,0.416061515,0.001035123,7.205546528,-0.019464322,75.7,900.0015,,-27.91953012
2456444.55,-5744.077,1.492,"La Silla Observatory, Chile",HD92003,BJD,"Trifonov et al. (A&A 636, A74 (2020))",HARPS,ThAr,Trifonov,0.412461933,0.001213169,7.214303852,-0.022790219,63.6,900.0007,,-27.93786432
2456461.541,-5746.478,1.2,"La Silla Observatory, Chile",HD92003,BJD,"Trifonov et al. (A&A 636, A74 (2020))",HARPS,ThAr,Trifonov,0.417967525,0.000703077,7.213968363,-0.019704505,109.1,900.0,,-27.55520047
