Time,RV,Uncertainty,Observatory_Site,Star_Name,Time_Convention,Reference,Instrument,Wavelength_Calibration_Technique,Source,Halpha_Index,Halpha_Index_Error,Full_Width_Half_Maximum,Bisetor,Signal_to_noise_ratio_in_order_55,Exposure_Time,Airmass,Barycentric_Earth_Radial_Velocity
2453032.732,41174.567,1.746,"La Silla Observatory, Chile",HD72374,BJD,"Trifonov et al. (A&A 636, A74 (2020))",HARPS,ThAr,Trifonov,0.409739668,0.001451426,6.847568197,-0.02345425,51.2,240.0005,,6.965515715
2453036.694,41174.29,1.574,"La Silla Observatory, Chile",HD72374,BJD,"Trifonov et al. (A&A 636, A74 (2020))",HARPS,ThAr,Trifonov,0.412416724,0.001249088,6.851773022,-0.027640991,58.5,300.0005,,6.626084508
2453374.79,41171.343,1.868,"La Silla Observatory, Chile",HD72374,BJD,"Trifonov et al. (A&A 636, A74 (2020))",HARPS,ThAr,Trifonov,0.411587855,0.001464412,6.847187659,-0.025933422,50.2,219.1772,,8.41422731
2453788.688,41170.694,1.858,"La Silla Observatory, Chile",HD72374,BJD,"Trifonov et al. (A&A 636, A74 (2020))",HARPS,ThAr,Trifonov,0.415090032,0.001513607,6.856670514,-0.022597789,49.7,110.3006,,4.076240747
2454134.688,41173.092,2.044,"La Silla Observatory, Chile",HD72374,BJD,"Trifonov et al. (A&A 636, A74 (2020))",HARPS,ThAr,Trifonov,0.414324375,0.001645206,6.858200037,-0.013892617,45.9,110.2019,,6.408016137
2454922.532,41221.881,1.756,"La Silla Observatory, Chile",HD72374,BJD,"Trifonov et al. (A&A 636, A74 (2020))",HARPS,ThAr,Trifonov,0.408497049,0.001413493,6.854623614,-0.026694537,53.7,110.2,,-1.338374301
2455532.822,41173.484,1.605,"La Silla Observatory, Chile",HD72374,BJD,"Trifonov et al. (A&A 636, A74 (2020))",HARPS,ThAr,Trifonov,0.412461014,0.001338966,6.864526047,-0.029728846,58.8,153.3993,,8.100694807
2455664.528,41167.038,2.613,"La Silla Observatory, Chile",HD72374,BJD,"Trifonov et al. (A&A 636, A74 (2020))",HARPS,ThAr,Trifonov,0.408668059,0.002132655,6.870919411,-0.031824723,37.2,110.2067,,-2.986645944
2455877.859,41169.193,1.15,"La Silla Observatory, Chile",HD72374,BJD,"Trifonov et al. (A&A 636, A74 (2020))",HARPS,ThAr,Trifonov,0.412218025,0.000775691,6.868226565,-0.02369323,97.4,661.0051,,6.529607772
