Time,RV,Uncertainty,Observatory_Site,Star_Name,Time_Convention,Reference,Instrument,Wavelength_Calibration_Technique,Source,Halpha_Index,Halpha_Index_Error,Full_Width_Half_Maximum,Bisetor,Signal_to_noise_ratio_in_order_55,Exposure_Time,Airmass,Barycentric_Earth_Radial_Velocity
2453032.752,6223.819,1.243,"La Silla Observatory, Chile",HD78964,BJD,"Trifonov et al. (A&A 636, A74 (2020))",HARPS,ThAr,Trifonov,0.509708102,0.001265093,7.280687124,0.003498669,64.3,599.9954,,9.214999502
2453032.761,6170.548,1.598,"La Silla Observatory, Chile",HD78964,BJD,"Trifonov et al. (A&A 636, A74 (2020))",HARPS,ThAr,Trifonov,0.562301605,0.001735126,7.206681865,0.000760759,49.7,600.0009,,9.204427206
2453036.725,6171.024,1.738,"La Silla Observatory, Chile",HD78964,BJD,"Trifonov et al. (A&A 636, A74 (2020))",HARPS,ThAr,Trifonov,0.548360054,0.001725563,7.163508469,0.006021636,48.2,733.6006,,8.937157562
2453145.521,6173.361,2.127,"La Silla Observatory, Chile",HD78964,BJD,"Trifonov et al. (A&A 636, A74 (2020))",HARPS,ThAr,Trifonov,0.541994615,0.001965467,7.156530629,0.000305476,41.4,649.1018,,-6.86875061
2453342.812,6168.376,2.103,"La Silla Observatory, Chile",HD78964,BJD,"Trifonov et al. (A&A 636, A74 (2020))",HARPS,ThAr,Trifonov,0.549137394,0.001988764,7.187156164,-0.002372026,41.4,371.5819,,8.479774057
2453369.756,6162.754,1.209,"La Silla Observatory, Chile",HD78964,BJD,"Trifonov et al. (A&A 636, A74 (2020))",HARPS,ThAr,Trifonov,0.548529887,0.001369372,7.178929621,0.005736234,60.3,371.5953,,10.02179776
2453374.81,6175.359,1.522,"La Silla Observatory, Chile",HD78964,BJD,"Trifonov et al. (A&A 636, A74 (2020))",HARPS,ThAr,Trifonov,0.554078557,0.001473128,7.204911704,0.002622511,56.3,739.1828,,10.00056552
2453403.747,6165.396,1.417,"La Silla Observatory, Chile",HD78964,BJD,"Trifonov et al. (A&A 636, A74 (2020))",HARPS,ThAr,Trifonov,0.549654405,0.0013257,7.158124749,0.004697745,61.9,557.4022,,8.767532257
2455664.59,6181.215,2.313,"La Silla Observatory, Chile",HD78964,BJD,"Trifonov et al. (A&A 636, A74 (2020))",HARPS,ThAr,Trifonov,0.563943967,0.002388883,7.232713024,0.005122399,37.4,371.6057,,-1.284393137
