Time,RV,Uncertainty,Observatory_Name,Star_Name,Time_Convention,Reference,Instrument,Wavelength_Calibration_Technique,Source,Halpha_Index,Halpha_Index_Error,Full_Width_Half_Maximum,Bisetor,Signal_to_noise_ratio_in_order_55,Exposure_Time,Airmass,Barycentric_Earth_Radial_Velocity
2454045.79,-17.791,1.028,La Silla Observatory,HD45669,BJD,"Trifonov et al. (A&A 636, A74 (2020))",HARPS,ThAr,Trifonov,0.432873237,0.000586296,8.565988641,0.162637678,115.6,89.998,,-0.557541682
2454370.85,-25.682,0.98,La Silla Observatory,HD45669,BJD,"Trifonov et al. (A&A 636, A74 (2020))",HARPS,ThAr,Trifonov,0.420867193,0.000474946,8.545026783,0.168975809,139.4,90.0009,,-1.645093376
2454371.824,-92.959,0.968,La Silla Observatory,HD45669,BJD,"Trifonov et al. (A&A 636, A74 (2020))",HARPS,ThAr,Trifonov,0.423226147,0.000443517,8.538380874,0.180619061,148.0,90.001,,-1.610324167
2454623.451,103.335,1.011,La Silla Observatory,HD45669,BJD,"Trifonov et al. (A&A 636, A74 (2020))",HARPS,ThAr,Trifonov,0.426003713,0.000518527,8.5813756,0.177764714,127.8,120.0,,-0.621594251
2454685.911,28.886,0.979,La Silla Observatory,HD45669,BJD,"Trifonov et al. (A&A 636, A74 (2020))",HARPS,ThAr,Trifonov,0.425233366,0.000470084,8.574551536,0.188336077,142.7,90.0,,-1.851506642
2454787.767,101.473,0.948,La Silla Observatory,HD45669,BJD,"Trifonov et al. (A&A 636, A74 (2020))",HARPS,ThAr,Trifonov,0.425380286,0.000403255,8.538849577,0.174995323,165.9,90.0,,-0.157175606
2454891.627,-89.513,0.94,La Silla Observatory,HD45669,BJD,"Trifonov et al. (A&A 636, A74 (2020))",HARPS,ThAr,Trifonov,0.444154006,0.00038244,8.605917549,0.175462572,180.8,90.0,,1.997638633
