Time,RV,Uncertainty,Observatory_Name,Star_Name,Time_Convention,Reference,Instrument,Wavelength_Calibration_Technique,Source,Halpha_Index,Halpha_Index_Error,Full_Width_Half_Maximum,Bisetor,Signal_to_noise_ratio_in_order_55,Exposure_Time,Airmass,Barycentric_Earth_Radial_Velocity
2457841.506,29.64,1.45,La Silla Observatory,TYC7588-318-1,BJD,"Trifonov et al. (A&A 636, A74 (2020))",HARPS,ThAr,Trifonov,0.415847429,0.001748543,7.60050615,0.00519662,47.3,1199.9982,,-13.56030276
2457843.509,26.466,1.815,La Silla Observatory,TYC7588-318-1,BJD,"Trifonov et al. (A&A 636, A74 (2020))",HARPS,ThAr,Trifonov,0.420903481,0.002034822,7.587229038,0.007644327,40.9,1199.9983,,-13.34754017
2457844.515,27.363,1.858,La Silla Observatory,TYC7588-318-1,BJD,"Trifonov et al. (A&A 636, A74 (2020))",HARPS,ThAr,Trifonov,0.419373287,0.002185539,7.602569925,-0.002008001,38.2,1199.9982,,-13.24104153
2457873.473,-35.599,1.787,La Silla Observatory,TYC7588-318-1,BJD,"Trifonov et al. (A&A 636, A74 (2020))",HARPS,ThAr,Trifonov,0.419982921,0.002875184,7.61861406,-0.014357791,33.2,1199.9983,,-8.4482916
2457876.472,-36.388,2.056,La Silla Observatory,TYC7588-318-1,BJD,"Trifonov et al. (A&A 636, A74 (2020))",HARPS,ThAr,Trifonov,0.423080107,0.002321782,7.616638377,0.018841944,35.8,1199.9982,,-7.820056725
2457878.466,-36.548,1.884,La Silla Observatory,TYC7588-318-1,BJD,"Trifonov et al. (A&A 636, A74 (2020))",HARPS,ThAr,Trifonov,0.423553175,0.002105224,7.624321228,-0.009661505,38.8,1199.9983,,-7.389441877
