Time,RV,Uncertainty,Observatory_Site,Star_Name,Time_Convention,Reference,Instrument,Wavelength_Calibration_Technique,Source,Halpha_Index,Halpha_Index_Error,Full_Width_Half_Maximum,Bisetor,Signal_to_noise_ratio_in_order_55,Exposure_Time,Airmass,Barycentric_Earth_Radial_Velocity
2454724.635,-0.771,0.823,"La Silla Observatory, Chile",HD206837,BJD,"Trifonov et al. (A&A 636, A74 (2020))",HARPS,ThAr,Trifonov,0.418488673,0.000638659,7.252637508,-0.010224624,118.6,900.0,,-16.82407173
2454725.613,1.607,0.904,"La Silla Observatory, Chile",HD206837,BJD,"Trifonov et al. (A&A 636, A74 (2020))",HARPS,ThAr,Trifonov,0.417435135,0.000719471,7.253941607,-0.012132008,103.5,900.0,,-17.13188352
2454726.628,1.656,1.105,"La Silla Observatory, Chile",HD206837,BJD,"Trifonov et al. (A&A 636, A74 (2020))",HARPS,ThAr,Trifonov,0.420501522,0.000777351,7.242928027,-0.003750793,99.0,900.0,,-17.52034238
2455788.749,0.682,1.092,"La Silla Observatory, Chile",HD206837,BJD,"Trifonov et al. (A&A 636, A74 (2020))",HARPS,ThAr,Trifonov,0.418087515,0.000732137,7.256820025,-0.0061724,107.2,900.0002,,-3.855169698
2456063.907,-1.101,1.1,"La Silla Observatory, Chile",HD206837,BJD,"Trifonov et al. (A&A 636, A74 (2020))",HARPS,ThAr,Trifonov,0.417640115,0.000828864,7.259155464,-0.010367704,92.3,899.9997,,26.10192065
2456183.637,-1.823,0.84,"La Silla Observatory, Chile",HD206837,BJD,"Trifonov et al. (A&A 636, A74 (2020))",HARPS,ThAr,Trifonov,0.417804922,0.000677902,7.258575618,-0.006745025,112.6,900.0001,,-16.07883648
2456444.885,0.39,1.384,"La Silla Observatory, Chile",HD206837,BJD,"Trifonov et al. (A&A 636, A74 (2020))",HARPS,ThAr,Trifonov,0.416664981,0.00099978,6.817374521,0.035496473,77.1,900.0009,,23.76270328
2456462.903,0.996,1.368,"La Silla Observatory, Chile",HD206837,BJD,"Trifonov et al. (A&A 636, A74 (2020))",HARPS,ThAr,Trifonov,0.414505501,0.001015234,6.899569774,4.98e-05,76.3,900.0005,,18.99862519
