Time,RV,Uncertainty,Observatory_Name,Star_Name,Time_Convention,Reference,Instrument,Wavelength_Calibration_Technique,Source,Halpha_Index,Halpha_Index_Error,Full_Width_Half_Maximum,Bisetor,Signal_to_noise_ratio_in_order_55,Exposure_Time,Airmass,Barycentric_Earth_Radial_Velocity
2453158.857,0.757,2.497,La Silla Observatory,TYC6871-1581-1,BJD,"Trifonov et al. (A&A 636, A74 (2020))",HARPS,ThAr,Trifonov,0.428832222,0.002678531,5.74851178,-0.199801636,27.3,900.0018,,13.77579847
2453159.796,4.084,2.569,La Silla Observatory,TYC6871-1581-1,BJD,"Trifonov et al. (A&A 636, A74 (2020))",HARPS,ThAr,Trifonov,0.432443623,0.002829177,5.723161687,-0.161796696,27.1,900.0007,,13.49236271
2453520.846,3.326,2.437,La Silla Observatory,TYC6871-1581-1,BJD,"Trifonov et al. (A&A 636, A74 (2020))",HARPS,ThAr,Trifonov,0.437240779,0.002808056,5.760441567,-0.135771533,28.2,899.9999,,15.24226491
2453861.875,1.403,1.628,La Silla Observatory,TYC6871-1581-1,BJD,"Trifonov et al. (A&A 636, A74 (2020))",HARPS,ThAr,Trifonov,0.432685503,0.001873187,5.672386562,-0.153402381,41.5,900.0003,,24.09568931
2453863.882,3.679,2.084,La Silla Observatory,TYC6871-1581-1,BJD,"Trifonov et al. (A&A 636, A74 (2020))",HARPS,ThAr,Trifonov,0.432623213,0.002560373,5.719652494,-0.122603362,31.7,900.0009,,23.46768754
2453865.881,1.194,1.463,La Silla Observatory,TYC6871-1581-1,BJD,"Trifonov et al. (A&A 636, A74 (2020))",HARPS,ThAr,Trifonov,0.429532388,0.001667975,5.705185285,-0.10644418,46.4,900.0015,,22.83773244
2454293.758,-8.075,1.79,La Silla Observatory,TYC6871-1581-1,BJD,"Trifonov et al. (A&A 636, A74 (2020))",HARPS,ThAr,Trifonov,0.433687063,0.002109153,5.732622468,-0.142123303,37.2,899.9994,,-4.950366623
2454387.552,-0.123,1.885,La Silla Observatory,TYC6871-1581-1,BJD,"Trifonov et al. (A&A 636, A74 (2020))",HARPS,ThAr,Trifonov,0.435405243,0.002215438,5.720614352,-0.134380794,36.2,899.9964,,-29.42185413
2454394.559,-2.65,1.976,La Silla Observatory,TYC6871-1581-1,BJD,"Trifonov et al. (A&A 636, A74 (2020))",HARPS,ThAr,Trifonov,0.430989252,0.002125327,5.688395326,-0.095928106,36.1,899.9982,,-28.59522737
