Time,RV,Uncertainty,Observatory_Site,Star_Name,Time_Convention,Reference,Instrument,Wavelength_Calibration_Technique,Source,Halpha_Index,Halpha_Index_Error,Full_Width_Half_Maximum,Bisetor,Signal_to_noise_ratio_in_order_55,Exposure_Time,Airmass,Barycentric_Earth_Radial_Velocity
2454577.809,-2.385,1.175,"La Silla Observatory, Chile",HD127423,BJD,"Trifonov et al. (A&A 636, A74 (2020))",HARPS,ThAr,Trifonov,0.422033168,0.000642802,7.86017802,0.041997535,122.1,900.0,,8.130438391
2454578.712,7.034,1.122,"La Silla Observatory, Chile",HD127423,BJD,"Trifonov et al. (A&A 636, A74 (2020))",HARPS,ThAr,Trifonov,0.420911997,0.000557573,7.850831048,0.037321925,138.0,900.0,,7.907281133
2454579.804,9.678,1.18,"La Silla Observatory, Chile",HD127423,BJD,"Trifonov et al. (A&A 636, A74 (2020))",HARPS,ThAr,Trifonov,0.422370526,0.000608534,7.858570723,0.033808314,127.1,900.0,,7.230122012
2454580.797,11.717,1.418,"La Silla Observatory, Chile",HD127423,BJD,"Trifonov et al. (A&A 636, A74 (2020))",HARPS,ThAr,Trifonov,0.420436058,0.000877074,7.870077027,0.041040082,90.3,900.0,,6.787231163
2454581.796,4.208,1.097,"La Silla Observatory, Chile",HD127423,BJD,"Trifonov et al. (A&A 636, A74 (2020))",HARPS,ThAr,Trifonov,0.422599258,0.000567864,7.861164117,0.04187966,139.7,900.0,,6.326825299
2455651.852,-8.002,0.985,"La Silla Observatory, Chile",HD127423,BJD,"Trifonov et al. (A&A 636, A74 (2020))",HARPS,ThAr,Trifonov,0.411241543,0.000606042,7.845530377,0.029201164,132.9,900.0053,,17.28159915
2456184.483,-14.419,1.352,"La Silla Observatory, Chile",HD127423,BJD,"Trifonov et al. (A&A 636, A74 (2020))",HARPS,ThAr,Trifonov,0.411307394,0.000714744,7.876263191,0.034965623,108.1,900.0009,,-23.03307253
2456444.689,-13.027,1.805,"La Silla Observatory, Chile",HD127423,BJD,"Trifonov et al. (A&A 636, A74 (2020))",HARPS,ThAr,Trifonov,0.406959357,0.00106678,7.471040276,0.087085383,74.0,900.0013,,-10.41614083
