Time,RV,Uncertainty,Observatory_Site,Star_Name,Time_Convention,Reference,Instrument,Wavelength_Calibration_Technique,Source,Halpha_Index,Halpha_Index_Error,Full_Width_Half_Maximum,Bisetor,Signal_to_noise_ratio_in_order_55,Exposure_Time,Airmass,Barycentric_Earth_Radial_Velocity
2453834.867,4884.049,1.435,"La Silla Observatory, Chile",HD139763,BJD,"Trifonov et al. (A&A 636, A74 (2020))",HARPS,ThAr,Trifonov,0.710498113,0.00145311,6.528300678,0.052673695,60.8,162.1996,,18.45145115
2453835.821,4877.555,1.176,"La Silla Observatory, Chile",HD139763,BJD,"Trifonov et al. (A&A 636, A74 (2020))",HARPS,ThAr,Trifonov,0.700617689,0.001392207,6.518309351,0.050140293,63.8,162.2013,,18.16622491
2453889.692,4880.847,1.581,"La Silla Observatory, Chile",HD139763,BJD,"Trifonov et al. (A&A 636, A74 (2020))",HARPS,ThAr,Trifonov,0.68951898,0.001509193,6.500761832,0.037160075,57.0,400.0017,,-7.60538462
2455677.758,4896.908,2.16,"La Silla Observatory, Chile",HD139763,BJD,"Trifonov et al. (A&A 636, A74 (2020))",HARPS,ThAr,Trifonov,0.717306954,0.002299528,6.563194455,0.042127726,41.0,162.2003,,11.32928389
2455678.697,4894.325,1.917,"La Silla Observatory, Chile",HD139763,BJD,"Trifonov et al. (A&A 636, A74 (2020))",HARPS,ThAr,Trifonov,0.712948622,0.002044076,6.558091043,0.051164611,45.7,899.4,,11.02617328
2455782.575,4883.841,1.308,"La Silla Observatory, Chile",HD139763,BJD,"Trifonov et al. (A&A 636, A74 (2020))",HARPS,ThAr,Trifonov,0.697305542,0.001403961,6.542876244,0.0443254,63.2,484.0009,,-29.08675818
2456093.748,4883.422,1.345,"La Silla Observatory, Chile",HD139763,BJD,"Trifonov et al. (A&A 636, A74 (2020))",HARPS,ThAr,Trifonov,0.690099815,0.001431838,6.52527227,0.044275567,62.0,356.9003,,-13.55994935
2457104.784,4900.534,1.342,"La Silla Observatory, Chile",HD139763,BJD,"Trifonov et al. (A&A 636, A74 (2020))",HARPS,ThAr,Trifonov,0.712105499,0.00123232,6.575705479,0.039062784,74.8,1100.001,,24.89983033
