Time,RV,Uncertainty,Observatory_Site,Star_Name,Time_Convention,Reference,Instrument,Wavelength_Calibration_Technique,Source,Halpha_Index,Halpha_Index_Error,Full_Width_Half_Maximum,Bisetor,Signal_to_noise_ratio_in_order_55,Exposure_Time,Airmass,Barycentric_Earth_Radial_Velocity
2454594.824,41.753,2.161,"La Silla Observatory, Chile",TYC9034-968-1,BJD,"Trifonov et al. (A&A 636, A74 (2020))",HARPS,ThAr,Trifonov,0.9095643,0.002576243,9.882958656,-0.00090105,41.9,900.0,,7.96920863
2454596.591,-3.007,1.839,"La Silla Observatory, Chile",TYC9034-968-1,BJD,"Trifonov et al. (A&A 636, A74 (2020))",HARPS,ThAr,Trifonov,0.908649704,0.00227583,9.865867258,0.028131315,47.8,900.0,,7.599425124
2454596.825,30.317,1.832,"La Silla Observatory, Chile",TYC9034-968-1,BJD,"Trifonov et al. (A&A 636, A74 (2020))",HARPS,ThAr,Trifonov,0.892275336,0.002232201,9.846669332,0.02011607,48.3,900.0,,7.308601174
2454874.823,-3.997,2.424,"La Silla Observatory, Chile",TYC9034-968-1,BJD,"Trifonov et al. (A&A 636, A74 (2020))",HARPS,ThAr,Trifonov,0.965494466,0.002954517,9.992705694,0.049793398,38.1,600.0,,20.15627964
2454875.837,-10.005,3.035,"La Silla Observatory, Chile",TYC9034-968-1,BJD,"Trifonov et al. (A&A 636, A74 (2020))",HARPS,ThAr,Trifonov,0.916303222,0.00351172,10.00356257,0.037620644,31.1,600.0,,20.24798399
2454876.826,-22.46,3.233,"La Silla Observatory, Chile",TYC9034-968-1,BJD,"Trifonov et al. (A&A 636, A74 (2020))",HARPS,ThAr,Trifonov,0.908466284,0.00371561,9.940162398,0.023354611,29.7,600.0,,20.35043352
2454877.81,-7.297,1.948,"La Silla Observatory, Chile",TYC9034-968-1,BJD,"Trifonov et al. (A&A 636, A74 (2020))",HARPS,ThAr,Trifonov,0.897207435,0.002337883,9.932425594,0.000889796,46.4,600.0,,20.44952508
2454891.878,-13.854,2.093,"La Silla Observatory, Chile",TYC9034-968-1,BJD,"Trifonov et al. (A&A 636, A74 (2020))",HARPS,ThAr,Trifonov,0.943025002,0.002572822,10.08089205,0.059247945,43.8,600.0,,20.95589992
2454892.894,-47.573,2.426,"La Silla Observatory, Chile",TYC9034-968-1,BJD,"Trifonov et al. (A&A 636, A74 (2020))",HARPS,ThAr,Trifonov,0.954567168,0.003003177,9.980502244,0.041527656,37.8,600.0,,20.92811783
