Time,RV,Uncertainty,Observatory_Name,Star_Name,Time_Convention,Reference,Instrument,Wavelength_Calibration_Technique,Source,Halpha_Index,Halpha_Index_Error,Full_Width_Half_Maximum,Bisetor,Signal_to_noise_ratio_in_order_55,Exposure_Time,Airmass,Barycentric_Earth_Radial_Velocity
2454367.737,-1.5,1.05,La Silla Observatory,HD219556,BJD,"Trifonov et al. (A&A 636, A74 (2020))",HARPS,ThAr,Trifonov,0.449012028,0.000975655,6.346833819,-0.005365322,79.9,900.0001,,-12.69259186
2454368.677,-2.959,1.129,La Silla Observatory,HD219556,BJD,"Trifonov et al. (A&A 636, A74 (2020))",HARPS,ThAr,Trifonov,0.449170136,0.000837357,6.349048309,-0.001715294,91.1,899.9965,,-12.91825616
2454369.593,-0.196,2.512,La Silla Observatory,HD219556,BJD,"Trifonov et al. (A&A 636, A74 (2020))",HARPS,ThAr,Trifonov,0.448916408,0.002662604,6.350056489,-0.008081176,31.5,300.0005,,-13.08591387
2455787.861,-2.184,1.011,La Silla Observatory,HD219556,BJD,"Trifonov et al. (A&A 636, A74 (2020))",HARPS,ThAr,Trifonov,0.448320354,0.000709183,6.934451926,-0.038231946,117.1,900.0003,,3.074375589
2456064.927,4.997,0.886,La Silla Observatory,HD219556,BJD,"Trifonov et al. (A&A 636, A74 (2020))",HARPS,ThAr,Trifonov,0.45048552,0.000666323,6.907683233,-0.038777162,117.8,899.9939,,23.57593461
2456183.686,0.194,0.786,La Silla Observatory,HD219556,BJD,"Trifonov et al. (A&A 636, A74 (2020))",HARPS,ThAr,Trifonov,0.447457063,0.000695518,6.376731586,0.006159841,114.2,900.0001,,-8.789916058
2456185.748,-1.69,1.107,La Silla Observatory,HD219556,BJD,"Trifonov et al. (A&A 636, A74 (2020))",HARPS,ThAr,Trifonov,0.446995596,0.000799541,6.904337926,-0.035403111,99.5,899.9994,,-9.684535336
2456303.545,0.228,2.488,La Silla Observatory,HD219556,BJD,"Trifonov et al. (A&A 636, A74 (2020))",HARPS,ThAr,Trifonov,0.437567812,0.001863417,6.372297143,-0.01385475,40.2,900.0015,,-15.3949934
2456561.683,0.467,0.951,La Silla Observatory,HD219556,BJD,"Trifonov et al. (A&A 636, A74 (2020))",HARPS,ThAr,Trifonov,0.447475142,0.000846253,6.372409774,0.004817125,94.0,899.9935,,-13.41443541
