Time,RV,Uncertainty,Observatory_Site,Star_Name,Time_Convention,Reference,Instrument,Wavelength_Calibration_Technique,Source,Halpha_Index,Halpha_Index_Error,Full_Width_Half_Maximum,Bisetor,Signal_to_noise_ratio_in_order_55,Exposure_Time,Airmass,Barycentric_Earth_Radial_Velocity
2453945.816,-21988.116,1.098,"La Silla Observatory, Chile",HD212658,BJD,"Trifonov et al. (A&A 636, A74 (2020))",HARPS,ThAr,Trifonov,0.68087112,0.00132251,8.629171008,0.0,69.2,307.798,,12.11937643
2453951.823,-22088.963,1.419,"La Silla Observatory, Chile",HD212658,BJD,"Trifonov et al. (A&A 636, A74 (2020))",HARPS,ThAr,Trifonov,0.695786055,0.001661644,8.739048708,0.0,56.9,600.0005,,9.32940466
2454757.568,-20722.673,1.454,"La Silla Observatory, Chile",HD212658,BJD,"Trifonov et al. (A&A 636, A74 (2020))",HARPS,ThAr,Trifonov,0.71149635,0.001542331,6.992139786,0.033580206,62.0,439.7,,-24.09664928
2455090.725,-20718.118,1.38,"La Silla Observatory, Chile",HD212658,BJD,"Trifonov et al. (A&A 636, A74 (2020))",HARPS,ThAr,Trifonov,0.713738009,0.001500155,6.99250844,0.027705588,63.1,439.6999,,-11.61362249
2455429.88,-20729.7,2.308,"La Silla Observatory, Chile",HD212658,BJD,"Trifonov et al. (A&A 636, A74 (2020))",HARPS,ThAr,Trifonov,0.694111451,0.002177171,7.046191437,0.024616804,42.9,219.8006,,0.946331267
2455433.817,-20742.32,1.369,"La Silla Observatory, Chile",HD212658,BJD,"Trifonov et al. (A&A 636, A74 (2020))",HARPS,ThAr,Trifonov,0.704775961,0.001263338,7.100787664,0.037192829,74.5,439.7005,,-0.907940424
2455457.584,-20751.418,1.546,"La Silla Observatory, Chile",HD212658,BJD,"Trifonov et al. (A&A 636, A74 (2020))",HARPS,ThAr,Trifonov,0.665802004,0.001511993,6.929889069,0.056224748,61.0,373.7007,,-12.03518769
2456085.844,-20750.171,1.854,"La Silla Observatory, Chile",HD212658,BJD,"Trifonov et al. (A&A 636, A74 (2020))",HARPS,ThAr,Trifonov,0.662736421,0.001887884,6.91143413,0.032126083,48.8,300.0002,,28.1840279
2456092.949,-20763.32,1.602,"La Silla Observatory, Chile",HD212658,BJD,"Trifonov et al. (A&A 636, A74 (2020))",HARPS,ThAr,Trifonov,0.672653274,0.001623507,6.987738569,0.041939519,58.2,219.8003,,26.78012166
