Time,RV,Uncertainty,Observatory_Site,Star_Name,Time_Convention,Reference,Instrument,Wavelength_Calibration_Technique,Source,Halpha_Index,Halpha_Index_Error,Full_Width_Half_Maximum,Bisetor,Signal_to_noise_ratio_in_order_55,Exposure_Time,Airmass,Barycentric_Earth_Radial_Velocity
2453622.739,4578.862,1.294,"La Silla Observatory, Chile",HD223781,BJD,"Trifonov et al. (A&A 636, A74 (2020))",HARPS,ThAr,Trifonov,0.69466611,0.000527988,10.12593013,0.597798367,211.1,179.4016,,7.627049092
2453622.741,4845.234,1.304,"La Silla Observatory, Chile",HD223781,BJD,"Trifonov et al. (A&A 636, A74 (2020))",HARPS,ThAr,Trifonov,0.694399,0.000529375,10.56415648,0.801293178,210.2,179.4003,,7.619913099
2453622.837,4829.006,1.49,"La Silla Observatory, Chile",HD223781,BJD,"Trifonov et al. (A&A 636, A74 (2020))",HARPS,ThAr,Trifonov,0.695835028,0.000797037,10.27423552,0.801248241,139.0,167.4995,,7.35220089
2453622.84,4828.542,1.495,"La Silla Observatory, Chile",HD223781,BJD,"Trifonov et al. (A&A 636, A74 (2020))",HARPS,ThAr,Trifonov,0.693595887,0.000790893,10.21864463,0.692357602,139.0,167.5005,,7.346536432
2453624.687,4727.597,1.519,"La Silla Observatory, Chile",HD223781,BJD,"Trifonov et al. (A&A 636, A74 (2020))",HARPS,ThAr,Trifonov,0.693405675,0.000764955,10.47970799,0.794359674,146.4,200.0008,,6.805713345
2453624.69,4568.248,1.525,"La Silla Observatory, Chile",HD223781,BJD,"Trifonov et al. (A&A 636, A74 (2020))",HARPS,ThAr,Trifonov,0.694390168,0.000772939,10.43735899,0.650360034,143.4,200.0018,,6.798379728
2453990.701,5289.138,1.19,"La Silla Observatory, Chile",HD223781,BJD,"Trifonov et al. (A&A 636, A74 (2020))",HARPS,ThAr,Trifonov,0.69816957,0.000374668,7.185373132,-0.155572939,306.6,235.1013,,6.415393443
2453990.704,5221.952,1.168,"La Silla Observatory, Chile",HD223781,BJD,"Trifonov et al. (A&A 636, A74 (2020))",HARPS,ThAr,Trifonov,0.69716471,0.000347937,7.352115493,-0.102593222,328.9,235.0997,,6.406599734
