Time,RV,Uncertainty,Observatory_Site,Star_Name,Time_Convention,Reference,Instrument,Wavelength_Calibration_Technique,Source,Halpha_Index,Halpha_Index_Error,Full_Width_Half_Maximum,Bisetor,Signal_to_noise_ratio_in_order_55,Exposure_Time,Airmass,Barycentric_Earth_Radial_Velocity
2454803.628,57510.984,4.548,"La Silla Observatory, Chile",GJ1022,BJD,"Trifonov et al. (A&A 636, A74 (2020))",HARPS,ThAr,Trifonov,0.896878088,0.00493079,3.044982886,0.009692407,16.7,300.0,,-16.07768935
2455424.744,57514.677,5.524,"La Silla Observatory, Chile",GJ1022,BJD,"Trifonov et al. (A&A 636, A74 (2020))",HARPS,ThAr,Trifonov,0.909272344,0.006241833,3.050466568,0.000617587,12.8,900.0005,,2.333152363
2455425.715,57513.883,4.639,"La Silla Observatory, Chile",GJ1022,BJD,"Trifonov et al. (A&A 636, A74 (2020))",HARPS,ThAr,Trifonov,0.891372338,0.004926355,3.043383754,-5.88e-05,16.5,900.0002,,2.102017323
2455434.753,57516.46,3.731,"La Silla Observatory, Chile",GJ1022,BJD,"Trifonov et al. (A&A 636, A74 (2020))",HARPS,ThAr,Trifonov,0.935648648,0.00404068,3.049746869,-0.002303459,20.8,900.0005,,-0.376196111
2455435.754,57520.276,2.454,"La Silla Observatory, Chile",GJ1022,BJD,"Trifonov et al. (A&A 636, A74 (2020))",HARPS,ThAr,Trifonov,0.884505357,0.002826467,3.043296506,-0.011899532,29.7,900.0008,,-0.648903876
2455437.781,57521.333,2.729,"La Silla Observatory, Chile",GJ1022,BJD,"Trifonov et al. (A&A 636, A74 (2020))",HARPS,ThAr,Trifonov,0.887049399,0.003042592,3.041448958,-0.008526588,27.3,900.0004,,-1.231522518
2455439.666,57517.138,3.1,"La Silla Observatory, Chile",GJ1022,BJD,"Trifonov et al. (A&A 636, A74 (2020))",HARPS,ThAr,Trifonov,0.885574806,0.003408383,3.042626916,-0.014294009,24.3,900.0005,,-1.616711285
2455443.77,57517.352,4.572,"La Silla Observatory, Chile",GJ1022,BJD,"Trifonov et al. (A&A 636, A74 (2020))",HARPS,ThAr,Trifonov,0.896172746,0.004915913,3.045185627,-0.002255185,16.8,900.0004,,-2.842322757
2455445.896,57516.61,3.544,"La Silla Observatory, Chile",GJ1022,BJD,"Trifonov et al. (A&A 636, A74 (2020))",HARPS,ThAr,Trifonov,0.896840834,0.003794434,3.047643513,-0.016330964,22.0,900.0005,,-3.559864814
