Time,RV,Uncertainty,Observatory_Site,Star_Name,Time_Convention,Reference,Instrument,Wavelength_Calibration_Technique,Source,Halpha_Index,Halpha_Index_Error,Full_Width_Half_Maximum,Bisetor,Signal_to_noise_ratio_in_order_55,Exposure_Time,Airmass,Barycentric_Earth_Radial_Velocity
2452945.746,27806.381,3.436,"La Silla Observatory, Chile",HD24085,BJD,"Trifonov et al. (A&A 636, A74 (2020))",HARPS,ThAr,Trifonov,0.398509586,0.002271703,8.52477155,0.029075606,32.7,85.8959,,-6.272128602
2453269.865,27803.058,1.722,"La Silla Observatory, Chile",HD24085,BJD,"Trifonov et al. (A&A 636, A74 (2020))",HARPS,ThAr,Trifonov,0.396233781,0.00112884,8.541003005,0.008393969,63.5,187.1008,,-3.326884318
2453369.655,27801.467,1.577,"La Silla Observatory, Chile",HD24085,BJD,"Trifonov et al. (A&A 636, A74 (2020))",HARPS,ThAr,Trifonov,0.393848151,0.00124236,8.524685076,0.019850972,58.8,119.9958,,-5.216079066
2453691.742,27800.891,1.753,"La Silla Observatory, Chile",HD24085,BJD,"Trifonov et al. (A&A 636, A74 (2020))",HARPS,ThAr,Trifonov,0.394144026,0.001264122,8.536511695,0.019990876,58.4,300.0023,,-6.676396935
2455772.935,27809.219,1.193,"La Silla Observatory, Chile",HD24085,BJD,"Trifonov et al. (A&A 636, A74 (2020))",HARPS,ThAr,Trifonov,0.394089831,0.000853886,8.550249018,0.013492469,87.5,600.0004,,2.492473249
2455877.703,27805.026,1.937,"La Silla Observatory, Chile",HD24085,BJD,"Trifonov et al. (A&A 636, A74 (2020))",HARPS,ThAr,Trifonov,0.394548297,0.00144045,8.554803567,0.027619019,53.7,280.6999,,-6.546687439
2455892.672,27801.951,0.706,"La Silla Observatory, Chile",HD24085,BJD,"Trifonov et al. (A&A 636, A74 (2020))",HARPS,ThAr,Trifonov,0.395236107,0.000340398,8.541176211,0.015801129,218.9,899.9997,,-6.629869451
2456233.881,27808.02,2.245,"La Silla Observatory, Chile",HD24085,BJD,"Trifonov et al. (A&A 636, A74 (2020))",HARPS,ThAr,Trifonov,0.39434187,0.001640934,8.565966608,0.024621768,47.2,111.7864,,-6.402944106
