Time,RV,Uncertainty,Observatory_Name,Star_Name,Time_Convention,Reference,Instrument,Wavelength_Calibration_Technique,Source,Halpha_Index,Halpha_Index_Error,Full_Width_Half_Maximum,Bisetor,Signal_to_noise_ratio_in_order_55,Exposure_Time,Airmass,Barycentric_Earth_Radial_Velocity
2454455.579,-2.523,1.281,La Silla Observatory,GJ3328,BJD,"Trifonov et al. (A&A 636, A74 (2020))",HARPS,ThAr,Trifonov,0.803352214,0.001915615,3.807524399,0.100208945,43.3,900.0,,-6.301079576
2454456.67,1.679,1.334,La Silla Observatory,GJ3328,BJD,"Trifonov et al. (A&A 636, A74 (2020))",HARPS,ThAr,Trifonov,0.800306914,0.002011644,3.166623026,-0.001683617,41.3,900.0,,-7.058293863
2454457.686,-0.053,1.153,La Silla Observatory,GJ3328,BJD,"Trifonov et al. (A&A 636, A74 (2020))",HARPS,ThAr,Trifonov,0.795423666,0.001868176,3.17176949,-0.011842014,44.8,900.0,,-7.597225481
2454458.733,3.85,1.454,La Silla Observatory,GJ3328,BJD,"Trifonov et al. (A&A 636, A74 (2020))",HARPS,ThAr,Trifonov,0.799498677,0.002249856,3.156854035,-0.022522298,36.6,900.0,,-8.221606465
2454462.623,2.652,1.365,La Silla Observatory,GJ3328,BJD,"Trifonov et al. (A&A 636, A74 (2020))",HARPS,ThAr,Trifonov,0.794910749,0.002153711,3.170856771,-0.007841272,38.2,900.0,,-9.826049826
2454463.584,-4.091,1.739,La Silla Observatory,GJ3328,BJD,"Trifonov et al. (A&A 636, A74 (2020))",HARPS,ThAr,Trifonov,0.802708124,0.002549693,3.170148243,-0.004644335,32.7,900.0,,-10.1906814
2454463.785,-6.177,1.869,La Silla Observatory,GJ3328,BJD,"Trifonov et al. (A&A 636, A74 (2020))",HARPS,ThAr,Trifonov,0.79423093,0.002627324,3.173248315,-0.015027817,30.6,900.0,,-10.74749489
2454464.661,1.734,1.84,La Silla Observatory,GJ3328,BJD,"Trifonov et al. (A&A 636, A74 (2020))",HARPS,ThAr,Trifonov,0.809454361,0.002819218,3.168055801,-0.009406021,29.4,900.0,,-10.89350601
