Time,RV,Uncertainty,Observatory_Site,Star_Name,Time_Convention,Reference,Instrument,Wavelength_Calibration_Technique,Source,Halpha_Index,Halpha_Index_Error,Full_Width_Half_Maximum,Bisetor,Signal_to_noise_ratio_in_order_55,Exposure_Time,Airmass,Barycentric_Earth_Radial_Velocity
2453036.89,-25966.115,1.451,"La Silla Observatory, Chile",HD106589,BJD,"Trifonov et al. (A&A 636, A74 (2020))",HARPS,ThAr,Trifonov,0.421561365,0.001155849,6.650038357,-0.033279149,64.8,300.0004,,21.71041944
2453057.839,-25965.157,1.625,"La Silla Observatory, Chile",HD106589,BJD,"Trifonov et al. (A&A 636, A74 (2020))",HARPS,ThAr,Trifonov,0.420798178,0.001418976,6.65886367,-0.031121662,54.9,339.9959,,18.23537855
2454171.813,-25963.015,1.694,"La Silla Observatory, Chile",HD106589,BJD,"Trifonov et al. (A&A 636, A74 (2020))",HARPS,ThAr,Trifonov,0.426401758,0.001489168,6.67206386,-0.030641156,51.5,165.1958,,13.2412329
2455664.76,-25962.956,2.225,"La Silla Observatory, Chile",HD106589,BJD,"Trifonov et al. (A&A 636, A74 (2020))",HARPS,ThAr,Trifonov,0.428074446,0.001887751,6.685600403,-0.037072066,42.5,165.2063,,1.845140063
2455673.598,-25967.628,2.225,"La Silla Observatory, Chile",HD106589,BJD,"Trifonov et al. (A&A 636, A74 (2020))",HARPS,ThAr,Trifonov,0.423254165,0.001890652,6.677784571,-0.027150106,42.8,165.2003,,-1.258947409
2455673.62,-25962.745,1.574,"La Silla Observatory, Chile",HD106589,BJD,"Trifonov et al. (A&A 636, A74 (2020))",HARPS,ThAr,Trifonov,0.424153814,0.001295607,6.667068057,-0.037601132,60.5,330.4005,,-1.303657754
2456025.672,-25977.603,1.825,"La Silla Observatory, Chile",HD106589,BJD,"Trifonov et al. (A&A 636, A74 (2020))",HARPS,ThAr,Trifonov,0.428708986,0.001298915,6.783678633,-0.042862642,60.4,399.994,,3.646746412
2456095.516,-25963.699,2.567,"La Silla Observatory, Chile",HD106589,BJD,"Trifonov et al. (A&A 636, A74 (2020))",HARPS,ThAr,Trifonov,0.420774118,0.002108846,6.692276775,-0.043202627,38.0,330.4003,,-18.70196306
2456332.826,-25956.982,2.19,"La Silla Observatory, Chile",HD106589,BJD,"Trifonov et al. (A&A 636, A74 (2020))",HARPS,ThAr,Trifonov,0.425451442,0.001823486,6.69503513,-0.026245571,43.8,500.0008,,20.69222087
