Time,RV,Uncertainty,Observatory_Site,Star_Name,Time_Convention,Reference,Instrument,Wavelength_Calibration_Technique,Source,Halpha_Index,Halpha_Index_Error,Full_Width_Half_Maximum,Bisetor,Signal_to_noise_ratio_in_order_55,Exposure_Time,Airmass,Barycentric_Earth_Radial_Velocity
2452985.752,-45.888,1.606,"La Silla Observatory, Chile",HIP31293,BJD,"Trifonov et al. (A&A 636, A74 (2020))",HARPS,ThAr,Trifonov,0.951935932,0.002815501,3.025580335,-0.004335162,29.4,414.8961,,0.250291498
2453335.792,-42.277,1.279,"La Silla Observatory, Chile",HIP31293,BJD,"Trifonov et al. (A&A 636, A74 (2020))",HARPS,ThAr,Trifonov,1.04912089,0.002173974,3.051986957,-0.010941163,40.0,434.6828,,-1.054127774
2453785.585,-42.803,1.055,"La Silla Observatory, Chile",HIP31293,BJD,"Trifonov et al. (A&A 636, A74 (2020))",HARPS,ThAr,Trifonov,0.93652525,0.001338846,3.050512121,-0.008259251,62.3,900.0006,,4.69499724
2453811.611,-48.378,0.98,"La Silla Observatory, Chile",HIP31293,BJD,"Trifonov et al. (A&A 636, A74 (2020))",HARPS,ThAr,Trifonov,0.921042552,0.001496543,3.059264508,-0.003732674,55.8,900.0004,,4.793238145
2453814.614,-48.262,1.09,"La Silla Observatory, Chile",HIP31293,BJD,"Trifonov et al. (A&A 636, A74 (2020))",HARPS,ThAr,Trifonov,0.928535202,0.001420879,3.048669369,-0.006408158,58.3,900.0007,,4.742908167
2454139.609,-42.7,0.956,"La Silla Observatory, Chile",HIP31293,BJD,"Trifonov et al. (A&A 636, A74 (2020))",HARPS,ThAr,Trifonov,0.937314364,0.00151787,3.058991424,-0.004335875,55.9,900.0021,,4.326695983
2454990.487,-50.638,1.43,"La Silla Observatory, Chile",HIP31293,BJD,"Trifonov et al. (A&A 636, A74 (2020))",HARPS,ThAr,Trifonov,0.925944346,0.002212876,3.052013475,-0.009546727,37.8,899.9989,,-0.058662134
2455225.566,747.484,1.607,"La Silla Observatory, Chile",HIP31293,BJD,"Trifonov et al. (A&A 636, A74 (2020))",HARPS,ThAr,Trifonov,0.937190832,0.002334005,2.997689353,-0.009466235,35.5,900.0046,,3.905744091
2455231.629,-49.953,1.055,"La Silla Observatory, Chile",HIP31293,BJD,"Trifonov et al. (A&A 636, A74 (2020))",HARPS,ThAr,Trifonov,0.915408684,0.001586316,3.059648859,-0.007227739,53.9,899.9997,,4.159549048
