Time,RV,Uncertainty,Observatory_Site,Star_Name,Time_Convention,Reference,Instrument,Wavelength_Calibration_Technique,Source,Halpha_Index,Halpha_Index_Error,Full_Width_Half_Maximum,Bisetor,Signal_to_noise_ratio_in_order_55,Exposure_Time,Airmass,Barycentric_Earth_Radial_Velocity
2454248.581,60.98,2.283,"La Silla Observatory, Chile",HD102361,BJD,"Trifonov et al. (A&A 636, A74 (2020))",HARPS,ThAr,Trifonov,0.422397566,0.00162286,11.8674056,0.264964559,49.9,399.9944,,-23.8700171
2454248.586,60.637,1.932,"La Silla Observatory, Chile",HD102361,BJD,"Trifonov et al. (A&A 636, A74 (2020))",HARPS,ThAr,Trifonov,0.421168062,0.001311297,11.87044503,0.27344399,60.8,449.9975,,-23.88067539
2454248.592,41.225,3.305,"La Silla Observatory, Chile",HD102361,BJD,"Trifonov et al. (A&A 636, A74 (2020))",HARPS,ThAr,Trifonov,0.426526042,0.002543549,11.86735451,0.237735412,33.2,449.9952,,-23.89515621
2454250.546,-937.009,1.714,"La Silla Observatory, Chile",HD102361,BJD,"Trifonov et al. (A&A 636, A74 (2020))",HARPS,ThAr,Trifonov,0.418320948,0.001056,11.90196256,0.392028384,73.7,299.9945,,-24.23776209
2454250.549,-942.458,1.759,"La Silla Observatory, Chile",HD102361,BJD,"Trifonov et al. (A&A 636, A74 (2020))",HARPS,ThAr,Trifonov,0.42126586,0.00111012,11.90740522,0.392589452,70.6,299.9952,,-24.24719523
2454250.553,-945.624,1.737,"La Silla Observatory, Chile",HD102361,BJD,"Trifonov et al. (A&A 636, A74 (2020))",HARPS,ThAr,Trifonov,0.421077022,0.001085884,11.91443391,0.391896488,72.0,299.9947,,-24.25692015
2455650.704,-13128.543,1.261,"La Silla Observatory, Chile",HD102361,BJD,"Trifonov et al. (A&A 636, A74 (2020))",HARPS,ThAr,Trifonov,0.420093005,0.000569766,10.86155985,0.050414596,143.5,900.0051,,-1.08142825
2455788.494,-4128.79,1.616,"La Silla Observatory, Chile",HD102361,BJD,"Trifonov et al. (A&A 636, A74 (2020))",HARPS,ThAr,Trifonov,0.419747321,0.000920939,12.06755801,0.481657425,83.4,899.9999,,-19.30875606
