Time,RV,Uncertainty,Observatory_Name,Star_Name,Time_Convention,Reference,Instrument,Wavelength_Calibration_Technique,Source,Halpha_Index,Halpha_Index_Error,Full_Width_Half_Maximum,Bisetor,Signal_to_noise_ratio_in_order_55,Exposure_Time,Airmass,Barycentric_Earth_Radial_Velocity
2453516.859,6.639,1.391,La Silla Observatory,HIP96240,BJD,"Trifonov et al. (A&A 636, A74 (2020))",HARPS,ThAr,Trifonov,0.603344078,0.001725564,6.694395979,0.020369627,49.9,374.1002,,21.45166262
2453920.751,8.638,1.352,La Silla Observatory,HIP96240,BJD,"Trifonov et al. (A&A 636, A74 (2020))",HARPS,ThAr,Trifonov,0.599965916,0.001634062,6.702909202,0.019601846,53.4,479.1003,,4.794933521
2456089.843,13.455,7.092,La Silla Observatory,HIP96240,BJD,"Trifonov et al. (A&A 636, A74 (2020))",HARPS,ThAr,Trifonov,0.577605694,0.008682374,6.747454592,0.08889119,11.9,600.0063,,15.15101063
2456169.693,6.204,1.277,La Silla Observatory,HIP96240,BJD,"Trifonov et al. (A&A 636, A74 (2020))",HARPS,ThAr,Trifonov,0.585550003,0.001380347,7.563526796,-0.017913641,63.1,900.0003,,-21.53543958
2456457.938,-9.58,2.005,La Silla Observatory,HIP96240,BJD,"Trifonov et al. (A&A 636, A74 (2020))",HARPS,ThAr,Trifonov,0.600242825,0.002431867,6.664705263,0.043147603,38.1,446.7306,,13.71175237
2456497.812,-9.785,1.932,La Silla Observatory,HIP96240,BJD,"Trifonov et al. (A&A 636, A74 (2020))",HARPS,ThAr,Trifonov,0.584306066,0.002178385,6.676940701,0.02633379,41.0,900.0016,,-5.410001042
2456506.779,-13.119,1.348,La Silla Observatory,HIP96240,BJD,"Trifonov et al. (A&A 636, A74 (2020))",HARPS,ThAr,Trifonov,0.598477003,0.001569818,6.737439283,0.040430983,56.7,1500.0008,,-9.712297161
