Time,RV,Uncertainty,Observatory_Site,Star_Name,Time_Convention,Reference,Instrument,Wavelength_Calibration_Technique,Source,Halpha_Index,Halpha_Index_Error,Full_Width_Half_Maximum,Bisetor,Signal_to_noise_ratio_in_order_55,Exposure_Time,Airmass,Barycentric_Earth_Radial_Velocity
2455846.568,-2309.386,1.353,"La Silla Observatory, Chile",HD200565,BJD,"Trifonov et al. (A&A 636, A74 (2020))",HARPS,ThAr,Trifonov,0.423543703,0.000906251,7.298440747,-0.014673875,83.8,900.0054,,-24.25956696
2455847.583,-2293.561,3.616,"La Silla Observatory, Chile",HD200565,BJD,"Trifonov et al. (A&A 636, A74 (2020))",HARPS,ThAr,Trifonov,0.427769889,0.003073678,7.302847231,0.014960772,27.2,900.0054,,-24.55353154
2455850.563,-2302.735,1.085,"La Silla Observatory, Chile",HD200565,BJD,"Trifonov et al. (A&A 636, A74 (2020))",HARPS,ThAr,Trifonov,0.425208443,0.000565265,7.31563073,-0.011598933,135.4,900.0056,,-25.22640218
2455851.561,-2301.455,0.934,"La Silla Observatory, Chile",HD200565,BJD,"Trifonov et al. (A&A 636, A74 (2020))",HARPS,ThAr,Trifonov,0.425178624,0.000525178,7.316029991,-0.010457379,147.0,900.0057,,-25.45128226
2455852.552,-2296.622,1.074,"La Silla Observatory, Chile",HD200565,BJD,"Trifonov et al. (A&A 636, A74 (2020))",HARPS,ThAr,Trifonov,0.42354891,0.000723735,7.308092094,-0.011362687,106.3,900.0057,,-25.64739605
2456162.662,-1526.956,1.756,"La Silla Observatory, Chile",HD200565,BJD,"Trifonov et al. (A&A 636, A74 (2020))",HARPS,ThAr,Trifonov,0.427629247,0.001276278,8.501007374,-0.100546249,61.3,900.0002,,-5.39764246
2456164.706,-1513.253,1.479,"La Silla Observatory, Chile",HD200565,BJD,"Trifonov et al. (A&A 636, A74 (2020))",HARPS,ThAr,Trifonov,0.429319971,0.000984481,8.519986694,-0.113051051,79.3,900.0002,,-6.46382534
2456165.686,-1526.169,1.186,"La Silla Observatory, Chile",HD200565,BJD,"Trifonov et al. (A&A 636, A74 (2020))",HARPS,ThAr,Trifonov,0.427768362,0.000643029,8.530894962,-0.107143427,121.5,900.0003,,-6.870932194
