Time,RV,Uncertainty,Observatory_Site,Star_Name,Time_Convention,Reference,Instrument,Wavelength_Calibration_Technique,Source,Halpha_Index,Halpha_Index_Error,Full_Width_Half_Maximum,Bisetor,Signal_to_noise_ratio_in_order_55,Exposure_Time,Airmass,Barycentric_Earth_Radial_Velocity
2453008.711,19431.017,2.174,"La Silla Observatory, Chile",HD54521,BJD,"Trifonov et al. (A&A 636, A74 (2020))",HARPS,ThAr,Trifonov,0.40165118,0.001660993,7.239497787,-0.017999945,44.7,211.1881,,3.579075298
2453015.733,19429.533,2.121,"La Silla Observatory, Chile",HD54521,BJD,"Trifonov et al. (A&A 636, A74 (2020))",HARPS,ThAr,Trifonov,0.406955395,0.001688007,7.250934607,-0.007437199,45.4,101.1016,,1.116368398
2453360.747,19433.982,2.887,"La Silla Observatory, Chile",HD54521,BJD,"Trifonov et al. (A&A 636, A74 (2020))",HARPS,ThAr,Trifonov,0.40293971,0.002286894,7.245404004,-0.015466244,34.2,77.6011,,7.886517648
2453361.774,19430.604,2.534,"La Silla Observatory, Chile",HD54521,BJD,"Trifonov et al. (A&A 636, A74 (2020))",HARPS,ThAr,Trifonov,0.404721585,0.002016606,7.247805724,0.004115661,38.5,77.6021,,7.497941424
2453362.795,19425.338,1.583,"La Silla Observatory, Chile",HD54521,BJD,"Trifonov et al. (A&A 636, A74 (2020))",HARPS,ThAr,Trifonov,0.405246507,0.001227181,7.24722539,-0.00528839,61.2,77.6021,,7.123394022
2453374.74,19430.131,2.898,"La Silla Observatory, Chile",HD54521,BJD,"Trifonov et al. (A&A 636, A74 (2020))",HARPS,ThAr,Trifonov,0.398559974,0.002210215,7.256141229,-0.007245813,34.7,77.5759,,3.26260496
2453836.586,19431.922,1.698,"La Silla Observatory, Chile",HD54521,BJD,"Trifonov et al. (A&A 636, A74 (2020))",HARPS,ThAr,Trifonov,0.405107094,0.001478113,7.240873411,-0.010965297,51.0,77.6019,,-19.40848295
2455876.787,19117.732,7.929,"La Silla Observatory, Chile",HD54521,BJD,"Trifonov et al. (A&A 636, A74 (2020))",HARPS,ThAr,Trifonov,0.422913119,0.023167929,7.507755734,0.006553058,4.9,465.8057,,17.6676577
