Time,RV,Uncertainty,Observatory_Site,Star_Name,Time_Convention,Reference,Instrument,Wavelength_Calibration_Technique,Source,Halpha_Index,Halpha_Index_Error,Full_Width_Half_Maximum,Bisetor,Signal_to_noise_ratio_in_order_55,Exposure_Time,Airmass,Barycentric_Earth_Radial_Velocity
2455846.751,6816.694,1.246,"La Silla Observatory, Chile",HD8291,BJD,"Trifonov et al. (A&A 636, A74 (2020))",HARPS,ThAr,Trifonov,0.430399808,0.000747107,7.06294042,-0.023912775,102.1,900.0053,,0.397269259
2455850.717,6811.93,1.168,"La Silla Observatory, Chile",HD8291,BJD,"Trifonov et al. (A&A 636, A74 (2020))",HARPS,ThAr,Trifonov,0.430450412,0.000768454,7.063918193,-0.007720637,101.3,900.0061,,-1.570459348
2455851.712,6806.487,1.009,"La Silla Observatory, Chile",HD8291,BJD,"Trifonov et al. (A&A 636, A74 (2020))",HARPS,ThAr,Trifonov,0.429568299,0.000682472,7.056124502,-0.013247451,113.5,900.0057,,-2.072794469
2455852.705,6800.756,1.14,"La Silla Observatory, Chile",HD8291,BJD,"Trifonov et al. (A&A 636, A74 (2020))",HARPS,ThAr,Trifonov,0.426119603,0.000876885,7.05531516,-0.01464354,88.7,900.0058,,-2.570343838
2456164.85,6201.124,1.253,"La Silla Observatory, Chile",HD8291,BJD,"Trifonov et al. (A&A 636, A74 (2020))",HARPS,ThAr,Trifonov,0.429243523,0.000812364,7.060859297,-0.020970379,96.0,900.0002,,21.51216736
2456165.854,6200.468,1.189,"La Silla Observatory, Chile",HD8291,BJD,"Trifonov et al. (A&A 636, A74 (2020))",HARPS,ThAr,Trifonov,0.426335769,0.000815465,7.059427138,-0.017741268,96.5,900.0005,,21.15468548
2456298.565,5961.948,1.046,"La Silla Observatory, Chile",HD8291,BJD,"Trifonov et al. (A&A 636, A74 (2020))",HARPS,ThAr,Trifonov,0.428187778,0.000752538,7.07909874,-0.012978217,102.1,900.0006,,-30.31431876
