Time,RV,Uncertainty,Observatory_Name,Star_Name,Time_Convention,Reference,Instrument,Wavelength_Calibration_Technique,Source,Halpha_Index,Halpha_Index_Error,Full_Width_Half_Maximum,Bisetor,Signal_to_noise_ratio_in_order_55,Exposure_Time,Airmass,Barycentric_Earth_Radial_Velocity
2454045.682,0.809,0.895,La Silla Observatory,HD18322,BJD,"Trifonov et al. (A&A 636, A74 (2020))",HARPS,ThAr,Trifonov,0.442167677,0.000213755,7.242313454,0.079303767,336.7,90.0023,,-2.60909903
2454085.602,-25.801,0.893,La Silla Observatory,HD18322,BJD,"Trifonov et al. (A&A 636, A74 (2020))",HARPS,ThAr,Trifonov,0.440073763,0.000157101,7.238787284,0.079955264,462.4,90.0017,,-19.64214939
2454370.756,13.533,0.89,La Silla Observatory,HD18322,BJD,"Trifonov et al. (A&A 636, A74 (2020))",HARPS,ThAr,Trifonov,0.445376227,0.000188797,7.251875729,0.0786461,386.9,90.001,,15.29270011
2454371.732,18.349,0.892,La Silla Observatory,HD18322,BJD,"Trifonov et al. (A&A 636, A74 (2020))",HARPS,ThAr,Trifonov,0.450350999,0.000203901,7.258378327,0.07910807,358.3,90.0009,,14.97339552
2454684.849,-8.843,0.895,La Silla Observatory,HD18322,BJD,"Trifonov et al. (A&A 636, A74 (2020))",HARPS,ThAr,Trifonov,0.441856997,0.00019696,7.240925638,0.078222132,369.5,90.0,,26.79692991
2454685.778,1.406,0.91,La Silla Observatory,HD18322,BJD,"Trifonov et al. (A&A 636, A74 (2020))",HARPS,ThAr,Trifonov,0.442971652,0.000262235,7.233741172,0.078553813,274.7,90.0,,26.86970719
2454787.623,4.749,0.894,La Silla Observatory,HD18322,BJD,"Trifonov et al. (A&A 636, A74 (2020))",HARPS,ThAr,Trifonov,0.447889506,0.000208571,7.242159169,0.076623874,355.3,90.0,,-7.875834314
2454788.721,10.932,0.895,La Silla Observatory,HD18322,BJD,"Trifonov et al. (A&A 636, A74 (2020))",HARPS,ThAr,Trifonov,0.448128949,0.000177968,7.247830334,0.077920948,416.7,90.0,,-8.626840773
2454891.544,-15.773,0.91,La Silla Observatory,HD18322,BJD,"Trifonov et al. (A&A 636, A74 (2020))",HARPS,ThAr,Trifonov,0.446628499,0.00029982,7.254643202,0.080212802,258.4,90.0,,-23.81777717
