Time,RV,Uncertainty,Observatory_Name,Star_Name,Time_Convention,Reference,Instrument,Wavelength_Calibration_Technique,Source,Halpha_Index,Halpha_Index_Error,Full_Width_Half_Maximum,Bisetor,Signal_to_noise_ratio_in_order_55,Exposure_Time,Airmass,Barycentric_Earth_Radial_Velocity
2457488.903,1641.875,0.575,La Silla Observatory,GJ9673,BJD,"Trifonov et al. (A&A 636, A74 (2020))",HARPS,ThAr,Trifonov,0.413758005,0.000205509,7.656512084,0.00627154,381.0,99.9983,,29.59061804
2457489.819,1565.445,0.541,La Silla Observatory,GJ9673,BJD,"Trifonov et al. (A&A 636, A74 (2020))",HARPS,ThAr,Trifonov,0.414437662,0.000263901,7.65674055,0.006441522,298.0,149.9983,,29.76663936
2457489.867,1564.928,1.372,La Silla Observatory,GJ9673,BJD,"Trifonov et al. (A&A 636, A74 (2020))",HARPS,ThAr,Trifonov,0.415363958,0.001258494,7.656180268,0.010014675,65.1,99.9983,,29.69286003
2457491.896,1405.403,1.023,La Silla Observatory,GJ9673,BJD,"Trifonov et al. (A&A 636, A74 (2020))",HARPS,ThAr,Trifonov,0.418095431,0.000244372,7.661583132,0.005260981,317.9,99.9983,,29.67817912
2457504.922,-5.14,0.8,La Silla Observatory,GJ9673,BJD,"Trifonov et al. (A&A 636, A74 (2020))",HARPS,ThAr,Trifonov,0.415969541,0.000384576,7.625984845,0.019493359,200.6,119.9983,,29.05625059
2457512.898,-1340.474,0.441,La Silla Observatory,GJ9673,BJD,"Trifonov et al. (A&A 636, A74 (2020))",HARPS,ThAr,Trifonov,0.416453102,0.000241759,7.646138553,0.016767224,320.2,119.9983,,28.08620619
2457573.825,-18887.143,1.838,La Silla Observatory,GJ9673,BJD,"Trifonov et al. (A&A 636, A74 (2020))",HARPS,ThAr,Trifonov,0.416571322,0.001369388,7.688183163,0.164759031,58.1,64.8683,,6.548853225
