Time,RV,Uncertainty,Observatory_Site,Star_Name,Time_Convention,Reference,Instrument,Wavelength_Calibration_Technique,Source,Halpha_Index,Halpha_Index_Error,Full_Width_Half_Maximum,Bisetor,Signal_to_noise_ratio_in_order_55,Exposure_Time,Airmass,Barycentric_Earth_Radial_Velocity
2452985.794,44351.998,8.805,"La Silla Observatory, Chile",GJ1123,BJD,"Trifonov et al. (A&A 636, A74 (2020))",HARPS,ThAr,Trifonov,0.973441711,0.01349088,2.903736593,0.024245428,4.3,899.9967,,3.437110837
2452989.821,44361.032,7.778,"La Silla Observatory, Chile",GJ1123,BJD,"Trifonov et al. (A&A 636, A74 (2020))",HARPS,ThAr,Trifonov,0.964136659,0.0085377,2.92341788,-0.012797279,6.8,899.9957,,4.017765469
2453366.829,44372.157,4.312,"La Silla Observatory, Chile",GJ1123,BJD,"Trifonov et al. (A&A 636, A74 (2020))",HARPS,ThAr,Trifonov,0.978400408,0.004417876,2.920833227,-0.01005572,15.2,900.0013,,5.632041393
2453512.548,44347.801,6.52,"La Silla Observatory, Chile",GJ1123,BJD,"Trifonov et al. (A&A 636, A74 (2020))",HARPS,ThAr,Trifonov,0.999079237,0.00723836,2.911539999,-0.015278437,9.2,899.9814,,-0.325451305
2453817.633,44366.025,5.917,"La Silla Observatory, Chile",GJ1123,BJD,"Trifonov et al. (A&A 636, A74 (2020))",HARPS,ThAr,Trifonov,0.975593515,0.006808841,2.898657681,-0.010139169,9.6,900.0001,,7.713280044
2454173.618,44362.254,5.922,"La Silla Observatory, Chile",GJ1123,BJD,"Trifonov et al. (A&A 636, A74 (2020))",HARPS,ThAr,Trifonov,0.981160377,0.006699541,2.91964122,-0.003067072,9.9,899.9952,,8.451195159
2455233.683,44366.217,6.497,"La Silla Observatory, Chile",GJ1123,BJD,"Trifonov et al. (A&A 636, A74 (2020))",HARPS,ThAr,Trifonov,0.951786242,0.008565349,2.933575071,-0.005263534,8.0,900.0019,,9.09828517
