Time,RV,Uncertainty,Observatory_Site,Star_Name,Time_Convention,Reference,Instrument,Wavelength_Calibration_Technique,Source,Halpha_Index,Halpha_Index_Error,Full_Width_Half_Maximum,Bisetor,Signal_to_noise_ratio_in_order_55,Exposure_Time,Airmass,Barycentric_Earth_Radial_Velocity
2453033.773,18542.861,1.56,"La Silla Observatory, Chile",HD84687,BJD,"Trifonov et al. (A&A 636, A74 (2020))",HARPS,ThAr,Trifonov,0.385695237,0.000713155,11.87420385,-2.388341127,107.6,119.9953,,12.69099778
2453038.769,18530.635,1.805,"La Silla Observatory, Chile",HD84687,BJD,"Trifonov et al. (A&A 636, A74 (2020))",HARPS,ThAr,Trifonov,0.385237388,0.001069093,11.86341203,-2.390230515,70.8,119.9955,,11.14565824
2453372.825,18494.225,1.573,"La Silla Observatory, Chile",HD84687,BJD,"Trifonov et al. (A&A 636, A74 (2020))",HARPS,ThAr,Trifonov,0.385372063,0.000884402,11.75900995,0.03695974,85.2,59.9768,,18.91041046
2454902.797,18481.863,2.665,"La Silla Observatory, Chile",HD84687,BJD,"Trifonov et al. (A&A 636, A74 (2020))",HARPS,ThAr,Trifonov,0.38609016,0.002014995,11.71052249,0.053425326,42.1,30.0,,-2.285608024
2455314.582,18486.41,2.476,"La Silla Observatory, Chile",HD84687,BJD,"Trifonov et al. (A&A 636, A74 (2020))",HARPS,ThAr,Trifonov,0.384744468,0.001768714,11.74827932,0.066896933,47.2,60.0071,,-16.28638067
2455588.763,18488.471,1.823,"La Silla Observatory, Chile",HD84687,BJD,"Trifonov et al. (A&A 636, A74 (2020))",HARPS,ThAr,Trifonov,0.386153598,0.001071658,11.78876147,0.030412181,74.1,300.0011,,13.26122107
2455673.526,18484.1,2.169,"La Silla Observatory, Chile",HD84687,BJD,"Trifonov et al. (A&A 636, A74 (2020))",HARPS,ThAr,Trifonov,0.382410865,0.001437205,11.76872345,0.054627488,56.4,150.0002,,-14.68357908
