Time,RV,Uncertainty,Observatory_Site,Star_Name,Time_Convention,Reference,Instrument,Wavelength_Calibration_Technique,Source,Halpha_Index,Halpha_Index_Error,Full_Width_Half_Maximum,Bisetor,Signal_to_noise_ratio_in_order_55,Exposure_Time,Airmass,Barycentric_Earth_Radial_Velocity
2453145.684,-182438.296,2.028,"La Silla Observatory, Chile",HIP67126,BJD,"Trifonov et al. (A&A 636, A74 (2020))",HARPS,ThAr,Trifonov,0.567780795,0.002014986,107.5434501,0.0,41.4,673.4999,,-3.4114461
2453147.626,-43181.452,2.258,"La Silla Observatory, Chile",HIP67126,BJD,"Trifonov et al. (A&A 636, A74 (2020))",HARPS,ThAr,Trifonov,0.579030715,0.002131605,6.094535464,0.027313295,39.2,549.3947,,-4.03763933
2453150.705,-26365.226,1.657,"La Silla Observatory, Chile",HIP67126,BJD,"Trifonov et al. (A&A 636, A74 (2020))",HARPS,ThAr,Trifonov,0.571640168,0.001574602,26.97890373,0.0,51.1,612.3003,,-5.229415097
2453151.661,-43176.794,4.635,"La Silla Observatory, Chile",HIP67126,BJD,"Trifonov et al. (A&A 636, A74 (2020))",HARPS,ThAr,Trifonov,0.580270498,0.003698421,6.127032126,-0.006302048,22.0,224.6005,,-5.515604731
2453152.53,34163.457,1.218,"La Silla Observatory, Chile",HIP67126,BJD,"Trifonov et al. (A&A 636, A74 (2020))",HARPS,ThAr,Trifonov,0.576140979,0.001190371,19.6962712,-1.445441022,68.1,899.9959,,-5.650341996
2454137.885,-43178.523,1.302,"La Silla Observatory, Chile",HIP67126,BJD,"Trifonov et al. (A&A 636, A74 (2020))",HARPS,ThAr,Trifonov,0.584547353,0.00159942,6.122420459,0.033308164,53.9,385.5973,,21.78901582
2454985.693,-43185.458,1.903,"La Silla Observatory, Chile",HIP67126,BJD,"Trifonov et al. (A&A 636, A74 (2020))",HARPS,ThAr,Trifonov,0.577208715,0.001948796,6.14984635,0.033247408,44.3,385.6,,-8.191623885
2455290.77,-43181.942,1.463,"La Silla Observatory, Chile",HIP67126,BJD,"Trifonov et al. (A&A 636, A74 (2020))",HARPS,ThAr,Trifonov,0.571063064,0.001725907,6.095244924,0.026185404,50.6,385.5997,,12.77832729
2456732.698,-43181.53,1.104,"La Silla Observatory, Chile",HIP67126,BJD,"Trifonov et al. (A&A 636, A74 (2020))",HARPS,ThAr,Trifonov,0.587646026,0.00127481,6.157655199,0.006946307,68.1,1195.1011,,17.90638862
