Time,RV,Uncertainty,Observatory_Site,Star_Name,Time_Convention,Reference,Instrument,Wavelength_Calibration_Technique,Source,Halpha_Index,Halpha_Index_Error,Full_Width_Half_Maximum,Bisetor,Signal_to_noise_ratio_in_order_55,Exposure_Time,Airmass,Barycentric_Earth_Radial_Velocity
2456414.521,16.033,2.144,"La Silla Observatory, Chile",HD298541,BJD,"Trifonov et al. (A&A 636, A74 (2020))",HARPS,ThAr,Trifonov,0.421463559,0.001430141,9.233569836,0.055650252,54.7,800.0009,,-9.414777377
2456646.786,7.572,1.659,"La Silla Observatory, Chile",HD298541,BJD,"Trifonov et al. (A&A 636, A74 (2020))",HARPS,ThAr,Trifonov,0.413650166,0.001058274,9.216645414,0.040633008,72.2,900.0014,,14.52470347
2456647.725,9.762,1.491,"La Silla Observatory, Chile",HD298541,BJD,"Trifonov et al. (A&A 636, A74 (2020))",HARPS,ThAr,Trifonov,0.408816638,0.000908475,9.213833502,0.043015006,82.6,1200.0005,,14.60041008
2456670.86,20.083,1.838,"La Silla Observatory, Chile",HD298541,BJD,"Trifonov et al. (A&A 636, A74 (2020))",HARPS,ThAr,Trifonov,0.414884424,0.001177612,9.240196336,0.04336723,65.9,900.0028,,13.11523141
2456972.761,-19.414,1.732,"La Silla Observatory, Chile",HD298541,BJD,"Trifonov et al. (A&A 636, A74 (2020))",HARPS,ThAr,Trifonov,0.420764558,0.001085553,9.197247522,0.045317261,70.0,1800.0004,,11.25051437
2457017.872,-8.792,3.333,"La Silla Observatory, Chile",HD298541,BJD,"Trifonov et al. (A&A 636, A74 (2020))",HARPS,ThAr,Trifonov,0.422688684,0.00238047,9.203882232,0.020984532,35.6,180.0008,,14.3246601
2457111.608,-22.38,1.55,"La Silla Observatory, Chile",HD298541,BJD,"Trifonov et al. (A&A 636, A74 (2020))",HARPS,ThAr,Trifonov,0.424388716,0.001051219,9.20435731,0.052860475,76.3,1200.0008,,-2.224085606
