Time,RV,Uncertainty,Observatory_Site,Star_Name,Time_Convention,Reference,Instrument,Wavelength_Calibration_Technique,Source,Halpha_Index,Halpha_Index_Error,Full_Width_Half_Maximum,Bisetor,Signal_to_noise_ratio_in_order_55,Exposure_Time,Airmass,Barycentric_Earth_Radial_Velocity
2453145.713,-48408.916,3.321,"La Silla Observatory, Chile",HD122308,BJD,"Trifonov et al. (A&A 636, A74 (2020))",HARPS,ThAr,Trifonov,0.473067626,0.002676309,6.521344686,-0.025693056,29.8,578.1018,,-4.132472438
2453147.657,-48407.95,2.304,"La Silla Observatory, Chile",HD122308,BJD,"Trifonov et al. (A&A 636, A74 (2020))",HARPS,ThAr,Trifonov,0.480657282,0.001960569,6.485138759,-0.032170637,40.3,647.5008,,-4.822109046
2453917.526,-48412.039,1.841,"La Silla Observatory, Chile",HD122308,BJD,"Trifonov et al. (A&A 636, A74 (2020))",HARPS,ThAr,Trifonov,0.486038932,0.001683329,6.495405622,-0.048201164,47.5,899.9998,,-17.86054183
2453950.513,-48413.104,1.709,"La Silla Observatory, Chile",HD122308,BJD,"Trifonov et al. (A&A 636, A74 (2020))",HARPS,ThAr,Trifonov,0.482623268,0.001557347,6.488061476,-0.041151569,51.1,432.4986,,-23.24359871
2454233.659,-48407.341,2.209,"La Silla Observatory, Chile",HD122308,BJD,"Trifonov et al. (A&A 636, A74 (2020))",HARPS,ThAr,Trifonov,0.469202543,0.002062228,6.477458586,-0.03487535,39.0,600.0053,,-0.907139692
2455313.691,-48412.908,2.29,"La Silla Observatory, Chile",HD122308,BJD,"Trifonov et al. (A&A 636, A74 (2020))",HARPS,ThAr,Trifonov,0.484846917,0.002078945,6.515610812,-0.031963247,40.2,665.5067,,5.366943222
2455353.476,-48411.422,2.393,"La Silla Observatory, Chile",HD122308,BJD,"Trifonov et al. (A&A 636, A74 (2020))",HARPS,ThAr,Trifonov,0.477875177,0.002147422,6.492860761,-0.043787972,38.4,366.0064,,-9.920302567
2455664.789,-48413.755,1.963,"La Silla Observatory, Chile",HD122308,BJD,"Trifonov et al. (A&A 636, A74 (2020))",HARPS,ThAr,Trifonov,0.478542672,0.001832362,6.489848151,-0.035750046,45.5,330.9066,,10.65447491
