Time,RV,Uncertainty,Observatory_Site,Star_Name,Time_Convention,Reference,Instrument,Wavelength_Calibration_Technique,Source,Halpha_Index,Halpha_Index_Error,Full_Width_Half_Maximum,Bisetor,Signal_to_noise_ratio_in_order_55,Exposure_Time,Airmass,Barycentric_Earth_Radial_Velocity
2454365.863,-17692.317,1.071,"La Silla Observatory, Chile",HD38467,BJD,"Trifonov et al. (A&A 636, A74 (2020))",HARPS,ThAr,Trifonov,0.416211599,0.000654533,7.35535378,0.871324977,115.5,900.0006,,17.81660052
2454577.5,100013954.5,1.089,"La Silla Observatory, Chile",HD38467,BJD,"Trifonov et al. (A&A 636, A74 (2020))",HARPS,ThAr,Trifonov,0.416884495,0.000480697,8.089799773,0.238534512,154.3,900.0,,-14.64338576
2454578.508,-17713.117,1.164,"La Silla Observatory, Chile",HD38467,BJD,"Trifonov et al. (A&A 636, A74 (2020))",HARPS,ThAr,Trifonov,0.415634302,0.000669561,7.356304247,-0.013714765,110.3,900.0,,-14.47273639
2455651.51,-17705.414,1.008,"La Silla Observatory, Chile",HD38467,BJD,"Trifonov et al. (A&A 636, A74 (2020))",HARPS,ThAr,Trifonov,0.416755239,0.000474891,7.361528479,-0.009942163,167.4,900.0035,,-17.47712116
2455992.498,-17711.773,1.088,"La Silla Observatory, Chile",HD38467,BJD,"Trifonov et al. (A&A 636, A74 (2020))",HARPS,ThAr,Trifonov,0.415739227,0.000484583,7.364625215,-0.008549967,160.9,899.9998,,-17.72669551
2455993.495,-17713.004,1.073,"La Silla Observatory, Chile",HD38467,BJD,"Trifonov et al. (A&A 636, A74 (2020))",HARPS,ThAr,Trifonov,0.414053665,0.000434486,7.367604917,-0.009283631,178.5,900.0053,,-17.76950888
2455994.621,-17709.47,1.105,"La Silla Observatory, Chile",HD38467,BJD,"Trifonov et al. (A&A 636, A74 (2020))",HARPS,ThAr,Trifonov,0.412813305,0.000791955,7.367177494,-0.012005844,97.9,899.994,,-18.0543319
2456184.786,-17715.966,1.274,"La Silla Observatory, Chile",HD38467,BJD,"Trifonov et al. (A&A 636, A74 (2020))",HARPS,ThAr,Trifonov,0.421068936,0.000895334,7.46899782,-0.00253725,85.3,900.0007,,18.01192193
