Time,RV,Uncertainty,Observatory_Site,Star_Name,Time_Convention,Reference,Instrument,Wavelength_Calibration_Technique,Source,Halpha_Index,Halpha_Index_Error,Full_Width_Half_Maximum,Bisetor,Signal_to_noise_ratio_in_order_55,Exposure_Time,Airmass,Barycentric_Earth_Radial_Velocity
2454786.65,14264.324,2.566,"La Silla Observatory, Chile",TYC8870-372-1,BJD,"Trifonov et al. (A&A 636, A74 (2020))",HARPS,ThAr,Trifonov,0.775423066,0.002116014,27.29583367,4.515589392,48.1,1800.0,,-7.069157211
2454787.639,14391.723,1.894,"La Silla Observatory, Chile",TYC8870-372-1,BJD,"Trifonov et al. (A&A 636, A74 (2020))",HARPS,ThAr,Trifonov,0.731406071,0.001354,27.54281294,1.115349555,72.7,1800.0,,-7.129044716
2454788.662,14594.437,1.907,"La Silla Observatory, Chile",TYC8870-372-1,BJD,"Trifonov et al. (A&A 636, A74 (2020))",HARPS,ThAr,Trifonov,0.765345601,0.001412952,25.71559514,-0.002075881,71.9,1800.0,,-7.226078463
2454875.555,14442.03,2.967,"La Silla Observatory, Chile",TYC8870-372-1,BJD,"Trifonov et al. (A&A 636, A74 (2020))",HARPS,ThAr,Trifonov,0.759732164,0.00253814,25.36947387,1.407842944,41.0,600.0,,-4.185970457
2454876.556,14412.67,3.262,"La Silla Observatory, Chile",TYC8870-372-1,BJD,"Trifonov et al. (A&A 636, A74 (2020))",HARPS,ThAr,Trifonov,0.752574787,0.002835137,26.71291822,0.337877012,36.5,600.0,,-4.064810899
2454877.534,14662.887,3.142,"La Silla Observatory, Chile",TYC8870-372-1,BJD,"Trifonov et al. (A&A 636, A74 (2020))",HARPS,ThAr,Trifonov,0.756978562,0.002679961,26.1270416,0.361133272,38.4,600.0,,-3.925278053
2454891.517,14296.6,3.235,"La Silla Observatory, Chile",TYC8870-372-1,BJD,"Trifonov et al. (A&A 636, A74 (2020))",HARPS,ThAr,Trifonov,0.796286065,0.002860819,25.57701621,1.371708769,37.0,600.0,,-2.089663227
2454892.547,14017.292,3.349,"La Silla Observatory, Chile",TYC8870-372-1,BJD,"Trifonov et al. (A&A 636, A74 (2020))",HARPS,ThAr,Trifonov,0.779494178,0.002929582,26.58709133,0.399300481,35.7,600.0,,-1.973185644
