Time,RV,Uncertainty,Observatory_Site,Star_Name,Time_Convention,Reference,Instrument,Wavelength_Calibration_Technique,Source,Halpha_Index,Halpha_Index_Error,Full_Width_Half_Maximum,Bisetor,Signal_to_noise_ratio_in_order_55,Exposure_Time,Airmass,Barycentric_Earth_Radial_Velocity
2454044.77,-1.114,1.207,"La Silla Observatory, Chile",HD29291,BJD,"Trifonov et al. (A&A 636, A74 (2020))",HARPS,ThAr,Trifonov,0.419636866,0.000776962,8.477086898,0.055224378,91.6,20.0006,,5.26271381
2454085.795,10.597,0.968,"La Silla Observatory, Chile",HD29291,BJD,"Trifonov et al. (A&A 636, A74 (2020))",HARPS,ThAr,Trifonov,0.416925166,0.000410113,8.471888598,0.05462008,173.4,20.0008,,-8.016465274
2454370.806,1.059,0.982,"La Silla Observatory, Chile",HD29291,BJD,"Trifonov et al. (A&A 636, A74 (2020))",HARPS,ThAr,Trifonov,0.413260268,0.000437171,8.475230966,0.055331338,163.2,20.0009,,15.2321731
2454684.908,-4.812,0.946,"La Silla Observatory, Chile",HD29291,BJD,"Trifonov et al. (A&A 636, A74 (2020))",HARPS,ThAr,Trifonov,0.418226405,0.000364124,8.485853015,0.057389821,197.0,20.0,,17.73461057
2454685.837,0.775,1.029,"La Silla Observatory, Chile",HD29291,BJD,"Trifonov et al. (A&A 636, A74 (2020))",HARPS,ThAr,Trifonov,0.414756013,0.00050424,8.486527581,0.057906112,140.0,20.0,,17.90543053
2454786.669,-8.496,1.017,"La Silla Observatory, Chile",HD29291,BJD,"Trifonov et al. (A&A 636, A74 (2020))",HARPS,ThAr,Trifonov,0.419026111,0.000523094,8.467244143,0.057195541,138.5,20.0,,1.813154888
2454788.787,-7.645,0.933,"La Silla Observatory, Chile",HD29291,BJD,"Trifonov et al. (A&A 636, A74 (2020))",HARPS,ThAr,Trifonov,0.419016289,0.000358376,8.4703976,0.054714187,205.3,20.0,,0.865541172
2454892.585,-1.215,1.017,"La Silla Observatory, Chile",HD29291,BJD,"Trifonov et al. (A&A 636, A74 (2020))",HARPS,ThAr,Trifonov,0.416061118,0.000501193,8.473251564,0.054705126,143.5,20.0,,-18.52391682
2454894.549,10.39,0.964,"La Silla Observatory, Chile",HD29291,BJD,"Trifonov et al. (A&A 636, A74 (2020))",HARPS,ThAr,Trifonov,0.418413626,0.000417234,8.473965434,0.055619111,175.7,20.0,,-18.33459818
