Time,RV,Uncertainty,Observatory_Site,Star_Name,Time_Convention,Reference,Instrument,Wavelength_Calibration_Technique,Source,Halpha_Index,Halpha_Index_Error,Full_Width_Half_Maximum,Bisetor,Signal_to_noise_ratio_in_order_55,Exposure_Time,Airmass,Barycentric_Earth_Radial_Velocity
2454437.843,-14973.946,1.187,"La Silla Observatory, Chile",HD84937,BJD,"Trifonov et al. (A&A 636, A74 (2020))",HARPS,ThAr,Trifonov,0.425211329,0.000304801,7.279184958,0.090014175,249.9,2700.0,,29.16200992
2454465.767,-14985.834,1.191,"La Silla Observatory, Chile",HD84937,BJD,"Trifonov et al. (A&A 636, A74 (2020))",HARPS,ThAr,Trifonov,0.427327769,0.000314649,7.285222573,0.096603896,245.1,2700.0,,21.83844317
2454465.798,-14984.686,1.181,"La Silla Observatory, Chile",HD84937,BJD,"Trifonov et al. (A&A 636, A74 (2020))",HARPS,ThAr,Trifonov,0.427037045,0.000305348,7.284420323,0.074008842,253.9,2700.0,,21.7526237
2454465.831,-14989.189,1.206,"La Silla Observatory, Chile",HD84937,BJD,"Trifonov et al. (A&A 636, A74 (2020))",HARPS,ThAr,Trifonov,0.426220339,0.000328998,7.282677689,0.079357243,235.8,2700.0,,21.66094234
2454898.643,-14971.306,1.298,"La Silla Observatory, Chile",HD84937,BJD,"Trifonov et al. (A&A 636, A74 (2020))",HARPS,ThAr,Trifonov,0.424540404,0.000396429,7.255255518,0.087991907,193.5,2700.0,,-11.18246469
2454898.672,-14985.471,1.328,"La Silla Observatory, Chile",HD84937,BJD,"Trifonov et al. (A&A 636, A74 (2020))",HARPS,ThAr,Trifonov,0.422919307,0.000422384,7.265460829,0.106357043,181.4,2700.0,,-11.26763766
2454899.636,-14835.162,0.965,"La Silla Observatory, Chile",HD84937,BJD,"Trifonov et al. (A&A 636, A74 (2020))",HARPS,ThAr,Trifonov,0.423620354,0.000318469,7.476724348,0.168957843,241.6,2700.0,,-11.64128493
2454899.666,-14829.134,0.941,"La Silla Observatory, Chile",HD84937,BJD,"Trifonov et al. (A&A 636, A74 (2020))",HARPS,ThAr,Trifonov,0.423044556,0.000301098,7.484413043,0.178732457,256.5,2700.0,,-11.73192395
