Time,RV,Uncertainty,Observatory_Site,Star_Name,Time_Convention,Reference,Instrument,Wavelength_Calibration_Technique,Source,Halpha_Index,Halpha_Index_Error,Full_Width_Half_Maximum,Bisetor,Signal_to_noise_ratio_in_order_55,Exposure_Time,Airmass,Barycentric_Earth_Radial_Velocity
2452945.673,21182.625,1.122,"La Silla Observatory, Chile",GJ3091,BJD,"Trifonov et al. (A&A 636, A74 (2020))",HARPS,ThAr,Trifonov,0.533440053,0.000729613,6.214828678,0.018186504,108.2,899.996,,-13.75642951
2453217.937,21189.077,1.116,"La Silla Observatory, Chile",GJ3091,BJD,"Trifonov et al. (A&A 636, A74 (2020))",HARPS,ThAr,Trifonov,0.537264525,0.000714796,6.264503092,0.019133262,112.0,899.9957,,20.95305725
2453287.721,21180.149,1.118,"La Silla Observatory, Chile",GJ3091,BJD,"Trifonov et al. (A&A 636, A74 (2020))",HARPS,ThAr,Trifonov,0.530926114,0.000751802,6.226007145,0.01781375,104.9,899.9782,,-4.30359056
2453696.539,21183.826,1.183,"La Silla Observatory, Chile",GJ3091,BJD,"Trifonov et al. (A&A 636, A74 (2020))",HARPS,ThAr,Trifonov,0.528413958,0.000993747,6.192870079,0.011248177,81.1,270.0011,,-20.18090536
2453696.543,21184.404,1.181,"La Silla Observatory, Chile",GJ3091,BJD,"Trifonov et al. (A&A 636, A74 (2020))",HARPS,ThAr,Trifonov,0.529971018,0.000986048,6.2001287,0.00884327,81.9,269.9994,,-20.18961954
2453696.546,21184.849,1.231,"La Silla Observatory, Chile",GJ3091,BJD,"Trifonov et al. (A&A 636, A74 (2020))",HARPS,ThAr,Trifonov,0.530810513,0.001098665,6.194952124,0.007960622,73.6,270.0026,,-20.19777384
2453946.858,21176.766,1.106,"La Silla Observatory, Chile",GJ3091,BJD,"Trifonov et al. (A&A 636, A74 (2020))",HARPS,ThAr,Trifonov,0.536358071,0.000736782,6.185563074,0.011528572,110.0,900.0004,,21.47708141
2453951.906,21179.928,1.747,"La Silla Observatory, Chile",GJ3091,BJD,"Trifonov et al. (A&A 636, A74 (2020))",HARPS,ThAr,Trifonov,0.532661176,0.001915432,6.186188952,-0.000293441,43.7,900.0005,,20.2053841
