Time,RV,Uncertainty,Observatory_Site,Star_Name,Time_Convention,Reference,Instrument,Wavelength_Calibration_Technique,Source,Halpha_Index,Halpha_Index_Error,Full_Width_Half_Maximum,Bisetor,Signal_to_noise_ratio_in_order_55,Exposure_Time,Airmass,Barycentric_Earth_Radial_Velocity
2453882.713,0.093,1.241,"La Silla Observatory, Chile",HD151692,BJD,"Trifonov et al. (A&A 636, A74 (2020))",HARPS,ThAr,Trifonov,0.596518204,0.001456307,6.132480774,0.021223223,58.6,300.0014,,4.604619196
2453883.754,0.535,1.15,"La Silla Observatory, Chile",HD151692,BJD,"Trifonov et al. (A&A 636, A74 (2020))",HARPS,ThAr,Trifonov,0.591849763,0.001517818,6.129066848,0.019344307,57.7,299.9986,,3.986769579
2453887.731,-2.042,1.143,"La Silla Observatory, Chile",HD151692,BJD,"Trifonov et al. (A&A 636, A74 (2020))",HARPS,ThAr,Trifonov,0.59432696,0.001268913,6.146548656,0.01545718,67.2,300.0024,,2.03136321
2455299.729,3.595,2.538,"La Silla Observatory, Chile",HD151692,BJD,"Trifonov et al. (A&A 636, A74 (2020))",HARPS,ThAr,Trifonov,0.595096988,0.003500984,6.213213222,0.037114549,26.8,300.7078,,23.65835786
2455308.832,0.065,1.119,"La Silla Observatory, Chile",HD151692,BJD,"Trifonov et al. (A&A 636, A74 (2020))",HARPS,ThAr,Trifonov,0.595473522,0.001379918,6.18460378,0.027678854,63.1,349.9996,,20.1867737
2455311.894,-1.184,1.145,"La Silla Observatory, Chile",HD151692,BJD,"Trifonov et al. (A&A 636, A74 (2020))",HARPS,ThAr,Trifonov,0.599016728,0.001302674,6.192239684,0.022043101,67.1,601.306,,18.85568174
2456092.743,1.949,7.113,"La Silla Observatory, Chile",HD151692,BJD,"Trifonov et al. (A&A 636, A74 (2020))",HARPS,ThAr,Trifonov,0.586243526,0.008662998,6.208795384,0.02673591,11.4,300.7002,,-4.72298885
2456367.864,2.461,1.35,"La Silla Observatory, Chile",HD151692,BJD,"Trifonov et al. (A&A 636, A74 (2020))",HARPS,ThAr,Trifonov,0.597476248,0.001822198,6.188826609,0.020831154,48.6,276.7109,,29.52319284
