Time,RV,Uncertainty,Observatory_Site,Star_Name,Time_Convention,Reference,Instrument,Wavelength_Calibration_Technique,Source,Halpha_Index,Halpha_Index_Error,Full_Width_Half_Maximum,Bisetor,Signal_to_noise_ratio_in_order_55,Exposure_Time,Airmass,Barycentric_Earth_Radial_Velocity
2454085.696,11634.483,1.035,"La Silla Observatory, Chile",HD81169,BJD,"Trifonov et al. (A&A 636, A74 (2020))",HARPS,ThAr,Trifonov,0.427988283,0.000281619,7.944542434,0.036006905,252.6,119.9992,,21.71238529
2454163.687,11594.484,0.663,"La Silla Observatory, Chile",HD81169,BJD,"Trifonov et al. (A&A 636, A74 (2020))",HARPS,ThAr,Trifonov,0.424646652,0.00030314,7.943401083,0.034834573,237.6,90.0033,,-2.922950611
2454163.688,11594.442,0.664,"La Silla Observatory, Chile",HD81169,BJD,"Trifonov et al. (A&A 636, A74 (2020))",HARPS,ThAr,Trifonov,0.424574454,0.00030808,7.943994269,0.035293158,234.1,89.9994,,-2.926478152
2454163.689,11594.11,0.663,"La Silla Observatory, Chile",HD81169,BJD,"Trifonov et al. (A&A 636, A74 (2020))",HARPS,ThAr,Trifonov,0.424394688,0.000304718,7.944108297,0.032822922,236.9,89.9978,,-2.930085465
2454163.691,11594.715,0.661,"La Silla Observatory, Chile",HD81169,BJD,"Trifonov et al. (A&A 636, A74 (2020))",HARPS,ThAr,Trifonov,0.424691756,0.000299918,7.943494836,0.033603575,240.3,90.0017,,-2.933658813
2454163.692,11594.145,0.657,"La Silla Observatory, Chile",HD81169,BJD,"Trifonov et al. (A&A 636, A74 (2020))",HARPS,ThAr,Trifonov,0.424060028,0.00028854,7.943354966,0.033384646,249.6,90.0029,,-2.937198843
2454622.539,11453.084,1.047,"La Silla Observatory, Chile",HD81169,BJD,"Trifonov et al. (A&A 636, A74 (2020))",HARPS,ThAr,Trifonov,0.419787296,0.000328323,7.94828695,0.032502581,218.5,120.0,,-21.9950355
2454787.85,11401.325,1.071,"La Silla Observatory, Chile",HD81169,BJD,"Trifonov et al. (A&A 636, A74 (2020))",HARPS,ThAr,Trifonov,0.430222833,0.000423489,7.945814321,0.030436675,173.3,45.0,,22.45224592
