Time,RV,Uncertainty,Observatory_Site,Star_Name,Time_Convention,Reference,Instrument,Wavelength_Calibration_Technique,Source,Halpha_Index,Halpha_Index_Error,Full_Width_Half_Maximum,Bisetor,Signal_to_noise_ratio_in_order_55,Exposure_Time,Airmass,Barycentric_Earth_Radial_Velocity
2452988.729,-0.544,1.469,"La Silla Observatory, Chile",HIP25654,BJD,"Trifonov et al. (A&A 636, A74 (2020))",HARPS,ThAr,Trifonov,0.459723743,0.001739317,6.832729949,-0.034414393,44.4,206.1959,,-1.133122778
2453001.692,9.12,1.865,"La Silla Observatory, Chile",HIP25654,BJD,"Trifonov et al. (A&A 636, A74 (2020))",HARPS,ThAr,Trifonov,0.460668015,0.002442104,6.858112033,-0.027984274,31.9,212.195,,-6.571371612
2453288.87,4.052,1.177,"La Silla Observatory, Chile",HIP25654,BJD,"Trifonov et al. (A&A 636, A74 (2020))",HARPS,ThAr,Trifonov,0.461721363,0.001237476,6.838224233,-0.033850729,61.8,240.0008,,21.1928987
2453832.481,3.775,0.955,"La Silla Observatory, Chile",HIP25654,BJD,"Trifonov et al. (A&A 636, A74 (2020))",HARPS,ThAr,Trifonov,0.460426171,0.001257648,6.838757422,-0.042559918,62.1,207.9997,,-21.74972849
2455490.883,-9.398,1.413,"La Silla Observatory, Chile",HIP25654,BJD,"Trifonov et al. (A&A 636, A74 (2020))",HARPS,ThAr,Trifonov,0.468128216,0.001649521,6.818505249,-0.044228721,50.2,312.0007,,18.76620141
2455543.677,-6.445,1.581,"La Silla Observatory, Chile",HIP25654,BJD,"Trifonov et al. (A&A 636, A74 (2020))",HARPS,ThAr,Trifonov,0.461365284,0.001783422,6.834516457,-0.045573645,45.3,900.0003,,-0.247661446
2455903.827,-6.3,1.714,"La Silla Observatory, Chile",HIP25654,BJD,"Trifonov et al. (A&A 636, A74 (2020))",HARPS,ThAr,Trifonov,0.457891867,0.002007742,6.844823985,-0.041995979,41.6,207.9995,,1.603349004
2457433.561,0.351,0.572,"La Silla Observatory, Chile",HIP25654,BJD,"Trifonov et al. (A&A 636, A74 (2020))",HARPS,ThAr,Trifonov,0.464084262,0.001348306,6.869830213,-0.027809053,60.9,239.9983,,-21.87358413
2458159.605,-1.246,1.078,"La Silla Observatory, Chile",HIP25654,BJD,"Trifonov et al. (A&A 636, A74 (2020))",HARPS,ThAr,Trifonov,0.464246129,0.001730696,6.852256836,-0.030729056,47.1,229.5981,,-21.08448072
