Time,RV,Uncertainty,Observatory_Site,Star_Name,Time_Convention,Reference,Instrument,Wavelength_Calibration_Technique,Source,Halpha_Index,Halpha_Index_Error,Full_Width_Half_Maximum,Bisetor,Signal_to_noise_ratio_in_order_55,Exposure_Time,Airmass,Barycentric_Earth_Radial_Velocity
2453701.666,-7872.612,1.087,"La Silla Observatory, Chile",HD9920,BJD,"Trifonov et al. (A&A 636, A74 (2020))",HARPS,ThAr,Trifonov,0.387257588,0.000387703,8.20248985,0.035946902,188.0,900.0006,,-19.92534117
2453703.619,-7875.942,0.963,"La Silla Observatory, Chile",HD9920,BJD,"Trifonov et al. (A&A 636, A74 (2020))",HARPS,ThAr,Trifonov,0.387429243,0.000347927,8.205426912,0.033798125,208.9,900.0016,,-20.60201171
2453704.61,-7877.717,0.699,"La Silla Observatory, Chile",HD9920,BJD,"Trifonov et al. (A&A 636, A74 (2020))",HARPS,ThAr,Trifonov,0.38809665,0.000363116,8.207025305,0.033815919,198.6,899.9997,,-20.96976356
2453706.605,-7881.747,0.796,"La Silla Observatory, Chile",HD9920,BJD,"Trifonov et al. (A&A 636, A74 (2020))",HARPS,ThAr,Trifonov,0.388969522,0.000591932,8.202702295,0.029164428,123.6,900.0013,,-21.72658596
2453707.615,-7880.378,0.727,"La Silla Observatory, Chile",HD9920,BJD,"Trifonov et al. (A&A 636, A74 (2020))",HARPS,ThAr,Trifonov,0.388076553,0.000381731,8.207336193,0.030736243,187.4,900.0018,,-22.12916521
2453708.628,-7880.915,0.725,"La Silla Observatory, Chile",HD9920,BJD,"Trifonov et al. (A&A 636, A74 (2020))",HARPS,ThAr,Trifonov,0.389323943,0.000514667,8.207553379,0.030688467,139.9,900.0022,,-22.53147032
2453709.627,-7880.219,0.916,"La Silla Observatory, Chile",HD9920,BJD,"Trifonov et al. (A&A 636, A74 (2020))",HARPS,ThAr,Trifonov,0.38726951,0.000509052,8.204480187,0.029774456,141.9,900.0011,,-22.88926848
2453710.626,-7877.853,0.688,"La Silla Observatory, Chile",HD9920,BJD,"Trifonov et al. (A&A 636, A74 (2020))",HARPS,ThAr,Trifonov,0.389159469,0.00045136,8.209436836,0.029498514,160.0,900.0013,,-23.23804284
2453758.532,-7879.954,1.13,"La Silla Observatory, Chile",HD9920,BJD,"Trifonov et al. (A&A 636, A74 (2020))",HARPS,ThAr,Trifonov,0.384671704,0.000473965,8.210755925,0.036134133,152.1,900.0012,,-30.14055761
