Time,RV,Uncertainty,Observatory_Name,Star_Name,Time_Convention,Reference,Instrument,Wavelength_Calibration_Technique,Source,Halpha_Index,Halpha_Index_Error,Full_Width_Half_Maximum,Bisetor,Signal_to_noise_ratio_in_order_55,Exposure_Time,Airmass,Barycentric_Earth_Radial_Velocity
2454045.646,-6.096,1.125,La Silla Observatory,HD2114,BJD,"Trifonov et al. (A&A 636, A74 (2020))",HARPS,ThAr,Trifonov,0.383015056,0.000543467,8.88311872,0.0777783,124.6,149.999,,-18.49670492
2454085.552,-1.105,0.983,La Silla Observatory,HD2114,BJD,"Trifonov et al. (A&A 636, A74 (2020))",HARPS,ThAr,Trifonov,0.379810292,0.000353129,8.869170245,0.08262001,191.3,149.9998,,-29.72669746
2454370.644,-4.119,0.969,La Silla Observatory,HD2114,BJD,"Trifonov et al. (A&A 636, A74 (2020))",HARPS,ThAr,Trifonov,0.383860618,0.000337961,8.885268997,0.079694381,202.3,150.0004,,1.239830871
2454371.617,-7.181,0.996,La Silla Observatory,HD2114,BJD,"Trifonov et al. (A&A 636, A74 (2020))",HARPS,ThAr,Trifonov,0.385179437,0.000384645,8.885637222,0.084178108,178.5,150.0004,,0.800931505
2454622.876,0.705,1.033,La Silla Observatory,HD2114,BJD,"Trifonov et al. (A&A 636, A74 (2020))",HARPS,ThAr,Trifonov,0.389269964,0.000426345,8.898384508,0.07775821,161.9,150.0,,27.49643422
2454623.881,5.629,1.144,La Silla Observatory,HD2114,BJD,"Trifonov et al. (A&A 636, A74 (2020))",HARPS,ThAr,Trifonov,0.386958083,0.000570881,8.904050382,0.081634879,121.2,150.0,,27.66325035
2454684.783,2.189,0.957,La Silla Observatory,HD2114,BJD,"Trifonov et al. (A&A 636, A74 (2020))",HARPS,ThAr,Trifonov,0.385245391,0.000320179,8.878466483,0.084643355,217.7,150.0,,23.290931
2454786.55,5.33,1.049,La Silla Observatory,HD2114,BJD,"Trifonov et al. (A&A 636, A74 (2020))",HARPS,ThAr,Trifonov,0.382767483,0.000464917,8.87333323,0.082466467,149.6,150.0,,-22.34929998
2454787.539,5.058,0.968,La Silla Observatory,HD2114,BJD,"Trifonov et al. (A&A 636, A74 (2020))",HARPS,ThAr,Trifonov,0.382721445,0.000346571,8.873054246,0.081325471,201.2,150.0,,-22.67607518
