Time,RV,Uncertainty,Observatory_Name,Star_Name,Time_Convention,Reference,Instrument,Wavelength_Calibration_Technique,Source,Halpha_Index,Halpha_Index_Error,Full_Width_Half_Maximum,Bisetor,Signal_to_noise_ratio_in_order_55,Exposure_Time,Airmass,Barycentric_Earth_Radial_Velocity
2456390.679,-46.249,1.059,La Silla Observatory,HIP55789,BJD,"Trifonov et al. (A&A 636, A74 (2020))",HARPS,ThAr,Trifonov,0.423437783,0.001182228,8.535669162,0.069360814,64.3,1200.0001,,-1.570819419
2456480.484,-23.865,1.767,La Silla Observatory,HIP55789,BJD,"Trifonov et al. (A&A 636, A74 (2020))",HARPS,ThAr,Trifonov,0.417006427,0.001771514,8.533103932,0.070599094,41.8,799.9998,,-21.89766291
2456647.785,9.65,1.112,La Silla Observatory,HIP55789,BJD,"Trifonov et al. (A&A 636, A74 (2020))",HARPS,ThAr,Trifonov,0.424392516,0.000889926,8.586570919,0.068726749,80.7,1199.9935,,21.9977468
2456668.832,-35.748,1.124,La Silla Observatory,HIP55789,BJD,"Trifonov et al. (A&A 636, A74 (2020))",HARPS,ThAr,Trifonov,0.426640838,0.000937523,8.568216884,0.069438823,77.8,1425.9707,,22.32597012
2456983.874,13247.715,12.832,La Silla Observatory,HIP55789,BJD,"Trifonov et al. (A&A 636, A74 (2020))",HARPS,ThAr,Trifonov,0.427212427,0.007976327,6.930612018,-0.254362116,11.9,600.0006,,16.54424655
2457017.868,-62.215,4.809,La Silla Observatory,HIP55789,BJD,"Trifonov et al. (A&A 636, A74 (2020))",HARPS,ThAr,Trifonov,0.432116504,0.005011929,8.53922067,0.061451827,17.1,180.0006,,22.24769535
2457112.821,-23.977,1.693,La Silla Observatory,HIP55789,BJD,"Trifonov et al. (A&A 636, A74 (2020))",HARPS,ThAr,Trifonov,0.429598845,0.001600294,8.570732851,0.059594456,46.8,1000.0022,,1.427460097
