Time,RV,Uncertainty,Observatory_Site,Star_Name,Time_Convention,Reference,Instrument,Wavelength_Calibration_Technique,Source,Halpha_Index,Halpha_Index_Error,Full_Width_Half_Maximum,Bisetor,Signal_to_noise_ratio_in_order_55,Exposure_Time,Airmass,Barycentric_Earth_Radial_Velocity
2453501.749,-1.311,0.81,"La Silla Observatory, Chile",HD154160,BJD,"Trifonov et al. (A&A 636, A74 (2020))",HARPS,ThAr,Trifonov,0.436914257,0.000628246,7.377258616,-0.014130561,118.7,450.0009,,9.195129574
2453501.755,-4.565,0.756,"La Silla Observatory, Chile",HD154160,BJD,"Trifonov et al. (A&A 636, A74 (2020))",HARPS,ThAr,Trifonov,0.438878975,0.000546766,7.377896054,-0.014594288,136.9,450.0011,,9.179423714
2453502.77,3.612,0.562,"La Silla Observatory, Chile",HD154160,BJD,"Trifonov et al. (A&A 636, A74 (2020))",HARPS,ThAr,Trifonov,0.433365666,0.000249157,7.377134354,-0.015397271,302.7,449.999,,8.75566823
2453502.776,-1.216,0.562,"La Silla Observatory, Chile",HD154160,BJD,"Trifonov et al. (A&A 636, A74 (2020))",HARPS,ThAr,Trifonov,0.433688057,0.000246966,7.376091055,-0.013031018,305.5,449.9999,,8.739748892
2453504.773,-0.15,0.727,"La Silla Observatory, Chile",HD154160,BJD,"Trifonov et al. (A&A 636, A74 (2020))",HARPS,ThAr,Trifonov,0.438235212,0.000520623,7.377737617,-0.015810189,143.3,180.0004,,7.977730873
2453506.859,0.898,0.845,"La Silla Observatory, Chile",HD154160,BJD,"Trifonov et al. (A&A 636, A74 (2020))",HARPS,ThAr,Trifonov,0.435159801,0.000670013,7.379008583,-0.014963318,109.4,180.0003,,6.973465768
2453508.841,-0.969,1.163,"La Silla Observatory, Chile",HD154160,BJD,"Trifonov et al. (A&A 636, A74 (2020))",HARPS,ThAr,Trifonov,0.439570898,0.00104188,7.374442013,-0.018090866,72.8,180.0004,,6.237552942
2453509.716,1.26,0.766,"La Silla Observatory, Chile",HD154160,BJD,"Trifonov et al. (A&A 636, A74 (2020))",HARPS,ThAr,Trifonov,0.438717836,0.000599309,7.381635133,-0.017047616,124.0,180.0014,,6.195116579
