Time,RV,Uncertainty,Observatory_Site,Star_Name,Time_Convention,Reference,Instrument,Wavelength_Calibration_Technique,Source,Halpha_Index,Halpha_Index_Error,Full_Width_Half_Maximum,Bisetor,Signal_to_noise_ratio_in_order_55,Exposure_Time,Airmass,Barycentric_Earth_Radial_Velocity
2454045.651,-19332.78,1.141,"La Silla Observatory, Chile",HD5722,BJD,"Trifonov et al. (A&A 636, A74 (2020))",HARPS,ThAr,Trifonov,0.413944861,0.00060294,7.910134802,0.048568982,115.5,90.003,,-16.76551338
2454085.561,-19370.961,1.054,"La Silla Observatory, Chile",HD5722,BJD,"Trifonov et al. (A&A 636, A74 (2020))",HARPS,ThAr,Trifonov,0.412049921,0.000371004,7.904508563,0.055602309,190.1,90.0022,,-28.23202584
2454370.667,-19352.43,1.122,"La Silla Observatory, Chile",HD5722,BJD,"Trifonov et al. (A&A 636, A74 (2020))",HARPS,ThAr,Trifonov,0.415771241,0.000573674,7.921358855,0.058138423,123.9,89.9998,,2.354445473
2454371.65,-19347.729,1.108,"La Silla Observatory, Chile",HD5722,BJD,"Trifonov et al. (A&A 636, A74 (2020))",HARPS,ThAr,Trifonov,0.412511503,0.000528425,7.907641244,0.057747306,133.4,90.0004,,1.909426324
2454622.884,-19350.848,1.079,"La Silla Observatory, Chile",HD5722,BJD,"Trifonov et al. (A&A 636, A74 (2020))",HARPS,ThAr,Trifonov,0.412930851,0.000444126,7.898463875,0.049223224,159.6,120.0,,25.97243563
2454623.89,-19352.801,1.153,"La Silla Observatory, Chile",HD5722,BJD,"Trifonov et al. (A&A 636, A74 (2020))",HARPS,ThAr,Trifonov,0.412157625,0.00064278,7.896945792,0.052855483,110.7,90.0,,26.15086257
2454684.776,-19318.904,1.067,"La Silla Observatory, Chile",HD5722,BJD,"Trifonov et al. (A&A 636, A74 (2020))",HARPS,ThAr,Trifonov,0.409859672,0.000405914,7.914956361,0.041505182,174.4,90.0,,23.12847866
2454786.553,-19339.602,1.111,"La Silla Observatory, Chile",HD5722,BJD,"Trifonov et al. (A&A 636, A74 (2020))",HARPS,ThAr,Trifonov,0.415524991,0.000546579,7.899955784,0.056361337,131.1,90.0,,-20.59394689
2454788.581,-19323.71,1.064,"La Silla Observatory, Chile",HD5722,BJD,"Trifonov et al. (A&A 636, A74 (2020))",HARPS,ThAr,Trifonov,0.415297578,0.000410471,7.90308005,0.052142595,175.4,90.0,,-21.3890606
