Time,RV,Uncertainty,Observatory_Name,Star_Name,Time_Convention,Reference,Instrument,Wavelength_Calibration_Technique,Source,Halpha_Index,Halpha_Index_Error,Full_Width_Half_Maximum,Bisetor,Signal_to_noise_ratio_in_order_55,Exposure_Time,Airmass,Barycentric_Earth_Radial_Velocity
2454044.684,15.496,1.183,La Silla Observatory,HD29399,BJD,"Trifonov et al. (A&A 636, A74 (2020))",HARPS,ThAr,Trifonov,0.474696576,0.001021201,9.228068268,-1.832726676,74.0,89.9998,,-2.590967982
2454370.803,25.475,0.955,La Silla Observatory,HD29399,BJD,"Trifonov et al. (A&A 636, A74 (2020))",HARPS,ThAr,Trifonov,0.476859403,0.000533465,6.739738609,0.043235388,141.4,90.0013,,0.735206903
2454371.783,15.142,0.973,La Silla Observatory,HD29399,BJD,"Trifonov et al. (A&A 636, A74 (2020))",HARPS,ThAr,Trifonov,0.477119184,0.000576795,6.741007189,0.0429887,130.1,90.0003,,0.668412496
2454684.906,-21.48,1.005,La Silla Observatory,HD29399,BJD,"Trifonov et al. (A&A 636, A74 (2020))",HARPS,ThAr,Trifonov,0.477370811,0.000667254,6.745624799,0.037244721,114.9,45.0,,4.366547215
2454786.669,-16.364,1.042,La Silla Observatory,HD29399,BJD,"Trifonov et al. (A&A 636, A74 (2020))",HARPS,ThAr,Trifonov,0.474666025,0.000751949,6.738124646,0.039687082,101.2,90.0,,-3.439107585
2454788.788,-21.29,0.926,La Silla Observatory,HD29399,BJD,"Trifonov et al. (A&A 636, A74 (2020))",HARPS,ThAr,Trifonov,0.475134047,0.000444195,6.732463172,0.040318703,171.3,90.0,,-3.720770784
2454892.58,-2.717,1.005,La Silla Observatory,HD29399,BJD,"Trifonov et al. (A&A 636, A74 (2020))",HARPS,ThAr,Trifonov,0.476306153,0.000659272,6.741413247,0.040223673,116.2,90.0,,-2.823616585
2454894.551,8.497,0.98,La Silla Observatory,HD29399,BJD,"Trifonov et al. (A&A 636, A74 (2020))",HARPS,ThAr,Trifonov,0.475631249,0.000592277,6.737891109,0.037611028,128.9,90.0,,-2.650576327
