Time,RV,Uncertainty,Observatory_Name,Star_Name,Time_Convention,Reference,Instrument,Wavelength_Calibration_Technique,Source,Halpha_Index,Halpha_Index_Error,Full_Width_Half_Maximum,Bisetor,Signal_to_noise_ratio_in_order_55,Exposure_Time,Airmass,Barycentric_Earth_Radial_Velocity
2453017.821,-572.019,1.765,La Silla Observatory,HIP48953,BJD,"Trifonov et al. (A&A 636, A74 (2020))",HARPS,ThAr,Trifonov,0.640939311,0.002007406,233.5337662,-74.87525445,42.9,336.7019,,19.38830747
2453054.701,-707.22,2.031,La Silla Observatory,HIP48953,BJD,"Trifonov et al. (A&A 636, A74 (2020))",HARPS,ThAr,Trifonov,0.643769653,0.00227697,6.358698746,0.043925177,37.5,351.1961,,3.070031229
2453055.77,-718.021,1.35,La Silla Observatory,HIP48953,BJD,"Trifonov et al. (A&A 636, A74 (2020))",HARPS,ThAr,Trifonov,0.645727162,0.00151703,6.344139439,0.043293991,57.5,543.2971,,2.366313335
2453057.728,-718.346,1.234,La Silla Observatory,HIP48953,BJD,"Trifonov et al. (A&A 636, A74 (2020))",HARPS,ThAr,Trifonov,0.636062396,0.001319286,6.324704309,0.037370908,65.2,814.9968,,1.488202996
2453147.475,-987.154,1.725,La Silla Observatory,HIP48953,BJD,"Trifonov et al. (A&A 636, A74 (2020))",HARPS,ThAr,Trifonov,0.644114521,0.00204409,6.345439957,0.036096164,42.0,623.6959,,-27.60072139
2453367.821,-4.196,1.081,La Silla Observatory,HIP48953,BJD,"Trifonov et al. (A&A 636, A74 (2020))",HARPS,ThAr,Trifonov,0.646469497,0.001020956,6.316333202,0.025981402,85.2,900.0012,,24.27447748
2453371.874,69.661,1.348,La Silla Observatory,HIP48953,BJD,"Trifonov et al. (A&A 636, A74 (2020))",HARPS,ThAr,Trifonov,0.656244251,0.001474209,6.383672466,0.027559244,59.6,392.695,,23.00857575
2453374.847,115.823,1.462,La Silla Observatory,HIP48953,BJD,"Trifonov et al. (A&A 636, A74 (2020))",HARPS,ThAr,Trifonov,0.668519675,0.001628947,6.399243894,0.039180286,54.0,390.5775,,22.16925179
2453468.608,1941.928,1.152,La Silla Observatory,HIP48953,BJD,"Trifonov et al. (A&A 636, A74 (2020))",HARPS,ThAr,Trifonov,0.647402037,0.00125796,6.328076552,0.044444709,67.8,589.1012,,-18.78439191
