Time,RV,Uncertainty,Observatory_Name,Star_Name,Time_Convention,Reference,Instrument,Wavelength_Calibration_Technique,Source,Halpha_Index,Halpha_Index_Error,Full_Width_Half_Maximum,Bisetor,Signal_to_noise_ratio_in_order_55,Exposure_Time,Airmass,Barycentric_Earth_Radial_Velocity
2454658.864,5881.496,2.205,La Silla Observatory,GJ9732,BJD,"Trifonov et al. (A&A 636, A74 (2020))",HARPS,ThAr,Trifonov,0.770505463,0.002823979,3.33860685,-0.012504273,29.0,900.0,,2.21199924
2455294.93,-498.96,1.38,La Silla Observatory,GJ9732,BJD,"Trifonov et al. (A&A 636, A74 (2020))",HARPS,ThAr,Trifonov,0.763055064,0.001682099,3.309073738,-0.010643334,49.6,900.0053,,19.5057056
2455295.886,-739.032,1.288,La Silla Observatory,GJ9732,BJD,"Trifonov et al. (A&A 636, A74 (2020))",HARPS,ThAr,Trifonov,0.766030561,0.001618665,3.30357144,-0.011080597,51.3,900.0065,,19.57590807
2455297.921,-1241.826,1.301,La Silla Observatory,GJ9732,BJD,"Trifonov et al. (A&A 636, A74 (2020))",HARPS,ThAr,Trifonov,0.775371045,0.001564311,3.301245815,-0.009412711,53.0,900.0063,,19.62279009
2455298.92,-1487.033,1.26,La Silla Observatory,GJ9732,BJD,"Trifonov et al. (A&A 636, A74 (2020))",HARPS,ThAr,Trifonov,0.796530051,0.001670057,3.309570247,-0.006616816,50.9,900.007,,19.64840776
2455300.908,-1961.019,1.454,La Silla Observatory,GJ9732,BJD,"Trifonov et al. (A&A 636, A74 (2020))",HARPS,ThAr,Trifonov,0.770712452,0.001843639,3.305884856,-0.004614825,45.2,900.0073,,19.68905839
2455301.917,-2193.477,2.193,La Silla Observatory,GJ9732,BJD,"Trifonov et al. (A&A 636, A74 (2020))",HARPS,ThAr,Trifonov,0.762782797,0.002959549,3.317636959,-0.011101671,28.0,900.0076,,19.68884288
2455456.558,7678.274,1.735,La Silla Observatory,GJ9732,BJD,"Trifonov et al. (A&A 636, A74 (2020))",HARPS,ThAr,Trifonov,0.746978357,0.002234478,3.273162209,-0.006329466,36.4,900.0008,,-16.63845441
