Time,RV,Uncertainty,Observatory_Site,Star_Name,Time_Convention,Reference,Instrument,Wavelength_Calibration_Technique,Source,Halpha_Index,Halpha_Index_Error,Full_Width_Half_Maximum,Bisetor,Signal_to_noise_ratio_in_order_55,Exposure_Time,Airmass,Barycentric_Earth_Radial_Velocity
2454370.49,20.371,0.902,"La Silla Observatory, Chile",HD160635,BJD,"Trifonov et al. (A&A 636, A74 (2020))",HARPS,ThAr,Trifonov,0.413064856,0.000124631,8.639162726,0.12907232,563.9,119.9998,,-22.23654433
2454370.493,19.579,0.906,"La Silla Observatory, Chile",HD160635,BJD,"Trifonov et al. (A&A 636, A74 (2020))",HARPS,ThAr,Trifonov,0.399068399,0.000137372,8.660773493,0.130667617,493.7,90.0004,,-22.23869767
2454622.72,-26.454,0.918,"La Silla Observatory, Chile",HD160635,BJD,"Trifonov et al. (A&A 636, A74 (2020))",HARPS,ThAr,Trifonov,0.405751592,0.000255308,8.652370461,0.139147004,274.0,60.0,,5.217857859
2454623.807,-31.303,0.928,"La Silla Observatory, Chile",HD160635,BJD,"Trifonov et al. (A&A 636, A74 (2020))",HARPS,ThAr,Trifonov,0.40139711,0.000277206,8.634983554,0.141931064,248.0,60.0,,4.723393855
2454684.559,12.209,0.907,"La Silla Observatory, Chile",HD160635,BJD,"Trifonov et al. (A&A 636, A74 (2020))",HARPS,ThAr,Trifonov,0.39905763,0.000221872,8.644673214,0.133097555,305.2,45.0,,-15.95925687
2454684.67,0.143,0.924,"La Silla Observatory, Chile",HD160635,BJD,"Trifonov et al. (A&A 636, A74 (2020))",HARPS,ThAr,Trifonov,0.39842919,0.00025163,8.644080616,0.134251772,260.9,45.0,,-16.101139
2454684.671,3.187,0.999,"La Silla Observatory, Chile",HD160635,BJD,"Trifonov et al. (A&A 636, A74 (2020))",HARPS,ThAr,Trifonov,0.399335227,0.000395107,8.639230203,0.135532045,164.0,20.0,,-16.10226118
2454685.67,0.807,0.974,"La Silla Observatory, Chile",HD160635,BJD,"Trifonov et al. (A&A 636, A74 (2020))",HARPS,ThAr,Trifonov,0.398230055,0.0003762,8.628620074,0.137605076,177.5,20.0,,-16.35979876
2454891.844,-0.148,0.913,"La Silla Observatory, Chile",HD160635,BJD,"Trifonov et al. (A&A 636, A74 (2020))",HARPS,ThAr,Trifonov,0.40767881,0.0002505,8.638323352,0.135330167,279.0,45.0,,21.62682085
