Time,RV,Uncertainty,Observatory_Site,Star_Name,Time_Convention,Reference,Instrument,Wavelength_Calibration_Technique,Source,Halpha_Index,Halpha_Index_Error,Full_Width_Half_Maximum,Bisetor,Signal_to_noise_ratio_in_order_55,Exposure_Time,Airmass,Barycentric_Earth_Radial_Velocity
2454045.616,31599.712,2.201,"La Silla Observatory, Chile",HD13263,BJD,"Trifonov et al. (A&A 636, A74 (2020))",HARPS,ThAr,Trifonov,0.420114221,0.001743257,7.979902556,0.035450438,42.1,150.0003,,-10.79920052
2454371.686,31603.475,1.187,"La Silla Observatory, Chile",HD13263,BJD,"Trifonov et al. (A&A 636, A74 (2020))",HARPS,ThAr,Trifonov,0.420885166,0.000675596,7.985869556,0.02861724,104.0,150.0014,,-5.82742518
2454623.918,31598.815,1.204,"La Silla Observatory, Chile",HD13263,BJD,"Trifonov et al. (A&A 636, A74 (2020))",HARPS,ThAr,Trifonov,0.414546272,0.000718494,7.997275773,0.041550672,99.4,180.0,,11.21378206
2454684.803,31584.931,1.121,"La Silla Observatory, Chile",HD13263,BJD,"Trifonov et al. (A&A 636, A74 (2020))",HARPS,ThAr,Trifonov,0.412122286,0.000513122,7.988083246,0.036270696,135.7,150.0,,3.921343654
2454786.588,31598.774,1.234,"La Silla Observatory, Chile",HD13263,BJD,"Trifonov et al. (A&A 636, A74 (2020))",HARPS,ThAr,Trifonov,0.415154002,0.000779987,7.996938996,0.029627492,91.6,150.0,,-11.36555163
2454788.677,31608.976,1.105,"La Silla Observatory, Chile",HD13263,BJD,"Trifonov et al. (A&A 636, A74 (2020))",HARPS,ThAr,Trifonov,0.416492016,0.000494296,7.994606243,0.032389678,145.0,150.0,,-11.53390985
2454892.522,31605.482,1.205,"La Silla Observatory, Chile",HD13263,BJD,"Trifonov et al. (A&A 636, A74 (2020))",HARPS,ThAr,Trifonov,0.414355775,0.000719854,7.991575084,0.028526903,99.6,150.0,,1.119148838
