Time,RV,Uncertainty,Observatory_Name,Star_Name,Time_Convention,Reference,Instrument,Wavelength_Calibration_Technique,Source,Halpha_Index,Halpha_Index_Error,Full_Width_Half_Maximum,Bisetor,Signal_to_noise_ratio_in_order_55,Exposure_Time,Airmass,Barycentric_Earth_Radial_Velocity
2454594.561,6198.791,31.945,La Silla Observatory,HIP58285,BJD,"Trifonov et al. (A&A 636, A74 (2020))",HARPS,ThAr,Trifonov,6.867609695,0.04007262,2.078572214,0.0,6.9,900.0,,3.864801114
2454594.576,887.252,23.387,La Silla Observatory,HIP58285,BJD,"Trifonov et al. (A&A 636, A74 (2020))",HARPS,ThAr,Trifonov,6.95484054,0.029838397,20.06380668,0.812780786,9.9,1500.0,,3.85450308
2454594.598,747.431,24.944,La Silla Observatory,HIP58285,BJD,"Trifonov et al. (A&A 636, A74 (2020))",HARPS,ThAr,Trifonov,7.409792173,0.032734533,45.33425091,1.924009711,9.2,1500.0,,3.839321253
2454594.751,-9630.39,7.117,La Silla Observatory,HIP58285,BJD,"Trifonov et al. (A&A 636, A74 (2020))",HARPS,ThAr,Trifonov,3.260076447,0.01547561,26.42623608,17.19684577,12.0,1200.0,,3.752787465
2454595.526,511.649,2.074,La Silla Observatory,HIP58285,BJD,"Trifonov et al. (A&A 636, A74 (2020))",HARPS,ThAr,Trifonov,1.122393367,0.003206651,20.39300205,3.618891732,33.6,1500.0,,3.67745938
2454595.646,-507.993,1.968,La Silla Observatory,HIP58285,BJD,"Trifonov et al. (A&A 636, A74 (2020))",HARPS,ThAr,Trifonov,1.093753749,0.003147684,21.27287064,-0.716024152,34.2,1500.0,,3.5980871
2454595.755,-2119.49,2.34,La Silla Observatory,HIP58285,BJD,"Trifonov et al. (A&A 636, A74 (2020))",HARPS,ThAr,Trifonov,0.787396446,0.003163911,41.31503852,9.858772711,29.0,1500.0,,3.541695695
2454596.544,530.263,1.494,La Silla Observatory,HIP58285,BJD,"Trifonov et al. (A&A 636, A74 (2020))",HARPS,ThAr,Trifonov,0.718769055,0.002024328,14.85868162,0.988249745,42.1,1500.0,,3.454519675
2454596.661,3330.444,3.117,La Silla Observatory,HIP58285,BJD,"Trifonov et al. (A&A 636, A74 (2020))",HARPS,ThAr,Trifonov,0.806895036,0.003759177,26.79710085,1.572588873,23.9,900.0,,3.378067011
