Time,RV,Uncertainty,Observatory_Site,Star_Name,Time_Convention,Reference,Instrument,Wavelength_Calibration_Technique,Source,Halpha_Index,Halpha_Index_Error,Full_Width_Half_Maximum,Bisetor,Signal_to_noise_ratio_in_order_55,Exposure_Time,Airmass,Barycentric_Earth_Radial_Velocity
2456137.6,315.982,3.097,"La Silla Observatory, Chile",HD198748,BJD,"Trifonov et al. (A&A 636, A74 (2020))",HARPS,ThAr,Trifonov,0.600671402,0.002099442,14.02447115,-0.015830063,45.8,900.0002,,2.264991102
2456137.675,-11.754,2.749,"La Silla Observatory, Chile",HD198748,BJD,"Trifonov et al. (A&A 636, A74 (2020))",HARPS,ThAr,Trifonov,0.610377551,0.001811666,14.17214492,-0.073285584,53.8,960.0005,,2.072202192
2456137.778,-53.058,2.924,"La Silla Observatory, Chile",HD198748,BJD,"Trifonov et al. (A&A 636, A74 (2020))",HARPS,ThAr,Trifonov,0.626770277,0.001826693,14.16634923,-0.109507177,55.7,960.0001,,1.775804087
2456138.586,147.852,2.65,"La Silla Observatory, Chile",HD198748,BJD,"Trifonov et al. (A&A 636, A74 (2020))",HARPS,ThAr,Trifonov,0.613841471,0.001711054,14.20669933,0.053171926,56.4,899.9941,,1.79754526
2456138.68,-50.815,2.715,"La Silla Observatory, Chile",HD198748,BJD,"Trifonov et al. (A&A 636, A74 (2020))",HARPS,ThAr,Trifonov,0.589426486,0.001850112,14.24140058,0.082153619,52.4,900.0002,,1.558745675
2456138.799,-56.319,2.785,"La Silla Observatory, Chile",HD198748,BJD,"Trifonov et al. (A&A 636, A74 (2020))",HARPS,ThAr,Trifonov,0.562379574,0.001470536,14.31337219,-0.016956673,65.7,1019.9942,,1.218860226
2456178.673,-2262.402,8.397,"La Silla Observatory, Chile",HD198748,BJD,"Trifonov et al. (A&A 636, A74 (2020))",HARPS,ThAr,Trifonov,0.628491835,0.006001316,14.18861693,-0.345106004,18.0,1200.0004,,-17.5502047
