Time,RV,Uncertainty,Observatory_Site,Star_Name,Time_Convention,Reference,Instrument,Wavelength_Calibration_Technique,Source,Halpha_Index,Halpha_Index_Error,Full_Width_Half_Maximum,Bisetor,Signal_to_noise_ratio_in_order_55,Exposure_Time,Airmass,Barycentric_Earth_Radial_Velocity
2454369.88,26438.027,1.235,"La Silla Observatory, Chile",HD10188,BJD,"Trifonov et al. (A&A 636, A74 (2020))",HARPS,ThAr,Trifonov,0.41417449,0.000799703,7.94052492,-0.000864066,93.6,899.9962,,1.288939337
2454724.803,26438.52,0.999,"La Silla Observatory, Chile",HD10188,BJD,"Trifonov et al. (A&A 636, A74 (2020))",HARPS,ThAr,Trifonov,0.418678575,0.00079592,7.929454275,-0.001888175,98.3,900.0,,5.437477477
2454725.786,26434.493,1.063,"La Silla Observatory, Chile",HD10188,BJD,"Trifonov et al. (A&A 636, A74 (2020))",HARPS,ThAr,Trifonov,0.416209991,0.000680987,7.928542122,0.001979488,113.0,900.0,,5.099524679
2455787.883,26430.934,1.187,"La Silla Observatory, Chile",HD10188,BJD,"Trifonov et al. (A&A 636, A74 (2020))",HARPS,ThAr,Trifonov,0.417814933,0.000764153,7.931541195,-4.82e-05,104.8,900.0003,,16.12177738
2456183.812,26439.7,0.92,"La Silla Observatory, Chile",HD10188,BJD,"Trifonov et al. (A&A 636, A74 (2020))",HARPS,ThAr,Trifonov,0.416721377,0.000600176,7.944459151,0.001232909,130.0,900.0002,,6.20257007
2456184.854,26429.487,1.426,"La Silla Observatory, Chile",HD10188,BJD,"Trifonov et al. (A&A 636, A74 (2020))",HARPS,ThAr,Trifonov,0.414962073,0.001117151,7.944124062,-0.00117207,70.5,900.0005,,5.723684407
2456271.67,26435.374,1.153,"La Silla Observatory, Chile",HD10188,BJD,"Trifonov et al. (A&A 636, A74 (2020))",HARPS,ThAr,Trifonov,0.416179232,0.000605051,7.94900861,1.16e-05,129.1,900.0007,,-22.09381016
2456561.793,26439.984,1.176,"La Silla Observatory, Chile",HD10188,BJD,"Trifonov et al. (A&A 636, A74 (2020))",HARPS,ThAr,Trifonov,0.412780392,0.000661076,7.951395447,-0.000459929,118.0,900.0009,,1.328558647
2456562.599,26440.413,1.149,"La Silla Observatory, Chile",HD10188,BJD,"Trifonov et al. (A&A 636, A74 (2020))",HARPS,ThAr,Trifonov,0.419265872,0.000773513,7.9461796,0.008238046,98.2,899.9996,,1.374432657
