Time,RV,Uncertainty,Observatory_Site,Star_Name,Time_Convention,Reference,Instrument,Wavelength_Calibration_Technique,Source,Halpha_Index,Halpha_Index_Error,Full_Width_Half_Maximum,Bisetor,Signal_to_noise_ratio_in_order_55,Exposure_Time,Airmass,Barycentric_Earth_Radial_Velocity
2453007.843,86854.726,1.957,"La Silla Observatory, Chile",HD87320,BJD,"Trifonov et al. (A&A 636, A74 (2020))",HARPS,ThAr,Trifonov,0.426927384,0.001602631,6.717334182,-0.021997643,46.9,112.1964,,21.32100987
2453054.723,86853.027,1.845,"La Silla Observatory, Chile",HD87320,BJD,"Trifonov et al. (A&A 636, A74 (2020))",HARPS,ThAr,Trifonov,0.428541806,0.001615389,6.712337348,-0.024119942,47.0,119.9959,,6.684768892
2453760.738,86852.17,1.597,"La Silla Observatory, Chile",HD87320,BJD,"Trifonov et al. (A&A 636, A74 (2020))",HARPS,ThAr,Trifonov,0.42779153,0.001470867,6.719217129,-0.025426646,50.9,76.2024,,15.7174483
2454902.79,86852.535,2.298,"La Silla Observatory, Chile",HD87320,BJD,"Trifonov et al. (A&A 636, A74 (2020))",HARPS,ThAr,Trifonov,0.424458885,0.002118963,6.733614462,-0.031866031,38.5,76.2,,-2.435190917
2455588.783,86851.331,1.163,"La Silla Observatory, Chile",HD87320,BJD,"Trifonov et al. (A&A 636, A74 (2020))",HARPS,ThAr,Trifonov,0.424515465,0.000663263,6.73723582,-0.020252704,114.5,899.9998,,15.03225727
2455664.651,86850.622,2.537,"La Silla Observatory, Chile",HD87320,BJD,"Trifonov et al. (A&A 636, A74 (2020))",HARPS,ThAr,Trifonov,0.426138582,0.002101257,6.729107755,-0.02651226,37.7,76.2057,,-14.04484889
2455880.861,86845.773,2.511,"La Silla Observatory, Chile",HD87320,BJD,"Trifonov et al. (A&A 636, A74 (2020))",HARPS,ThAr,Trifonov,0.424303311,0.002054678,6.747490677,-0.014893683,38.4,119.9997,,22.17234786
2456021.601,86852.18,1.571,"La Silla Observatory, Chile",HD87320,BJD,"Trifonov et al. (A&A 636, A74 (2020))",HARPS,ThAr,Trifonov,0.422146151,0.001411357,6.750169907,-0.031020371,55.6,150.0053,,-11.08794339
2456388.556,86852.743,1.641,"La Silla Observatory, Chile",HD87320,BJD,"Trifonov et al. (A&A 636, A74 (2020))",HARPS,ThAr,Trifonov,0.426116356,0.001542801,6.743722931,-0.026939261,51.1,120.0004,,-11.58769495
