Time,RV,Uncertainty,Observatory_Name,Star_Name,Time_Convention,Reference,Instrument,Wavelength_Calibration_Technique,Source,Halpha_Index,Halpha_Index_Error,Full_Width_Half_Maximum,Bisetor,Signal_to_noise_ratio_in_order_55,Exposure_Time,Airmass,Barycentric_Earth_Radial_Velocity
2457131.485,-51.7,0.909,La Silla Observatory,HD86997,BJD,"Trifonov et al. (A&A 636, A74 (2020))",HARPS,ThAr,Trifonov,0.380316424,0.000372035,10.09382574,0.055431834,201.6,1166.0005,,-3.260845075
2457131.5,-52.272,0.918,La Silla Observatory,HD86997,BJD,"Trifonov et al. (A&A 636, A74 (2020))",HARPS,ThAr,Trifonov,0.37996597,0.000377504,10.09543302,0.054436328,198.4,1165.9997,,-3.282291203
2457132.491,-12.545,1.211,La Silla Observatory,HD86997,BJD,"Trifonov et al. (A&A 636, A74 (2020))",HARPS,ThAr,Trifonov,0.382013855,0.000496585,10.08504272,0.053222855,151.0,1166.0005,,-3.498357503
2457133.48,32.297,1.561,La Silla Observatory,HD86997,BJD,"Trifonov et al. (A&A 636, A74 (2020))",HARPS,ThAr,Trifonov,0.381574426,0.000650811,10.08055144,0.047454942,115.6,1166.0006,,-3.710284732
2457133.494,29.086,1.353,La Silla Observatory,HD86997,BJD,"Trifonov et al. (A&A 636, A74 (2020))",HARPS,ThAr,Trifonov,0.381741087,0.000554919,10.09315426,0.043609683,135.3,1166.0004,,-3.730524775
2457134.487,66.403,1.138,La Silla Observatory,HD86997,BJD,"Trifonov et al. (A&A 636, A74 (2020))",HARPS,ThAr,Trifonov,0.376742657,0.000479269,10.08163272,0.055911787,155.8,1166.0009,,-3.946371236
2457134.502,66.086,1.119,La Silla Observatory,HD86997,BJD,"Trifonov et al. (A&A 636, A74 (2020))",HARPS,ThAr,Trifonov,0.377072839,0.000471085,10.08807663,0.045610012,158.8,1166.0001,,-3.967512012
