Time,RV,Uncertainty,Observatory_Name,Star_Name,Time_Convention,Reference,Instrument,Wavelength_Calibration_Technique,Source,Halpha_Index,Halpha_Index_Error,Full_Width_Half_Maximum,Bisetor,Signal_to_noise_ratio_in_order_55,Exposure_Time,Airmass,Barycentric_Earth_Radial_Velocity
2453578.582,-4.468,1.217,La Silla Observatory,HIP81465,BJD,"Trifonov et al. (A&A 636, A74 (2020))",HARPS,ThAr,Trifonov,0.639519189,0.001422236,106.2320169,0.0,60.2,622.4008,,-23.26909861
2453918.638,-5.399,1.24,La Silla Observatory,HIP81465,BJD,"Trifonov et al. (A&A 636, A74 (2020))",HARPS,ThAr,Trifonov,0.635344676,0.001737078,150.566909,0.0,50.2,619.0995,,-14.61821314
2454902.916,2.177,1.024,La Silla Observatory,HIP81465,BJD,"Trifonov et al. (A&A 636, A74 (2020))",HARPS,ThAr,Trifonov,0.627329726,0.001409514,6.222804973,0.032903793,62.8,622.4,,28.03451684
2455429.544,8.858,1.617,La Silla Observatory,HIP81465,BJD,"Trifonov et al. (A&A 636, A74 (2020))",HARPS,ThAr,Trifonov,0.635157295,0.001905349,6.266636556,0.049471562,46.0,622.4004,,-27.85569457
2455683.66,4.608,1.342,La Silla Observatory,HIP81465,BJD,"Trifonov et al. (A&A 636, A74 (2020))",HARPS,ThAr,Trifonov,0.628337533,0.001497858,6.272590674,0.029457152,58.1,614.2998,,13.71076534
2456114.634,0.11,1.415,La Silla Observatory,HIP81465,BJD,"Trifonov et al. (A&A 636, A74 (2020))",HARPS,ThAr,Trifonov,0.644377958,0.00167857,6.282199081,0.034369863,53.3,899.4001,,-16.37155146
2456456.651,-6.357,2.16,La Silla Observatory,HIP81465,BJD,"Trifonov et al. (A&A 636, A74 (2020))",HARPS,ThAr,Trifonov,0.637719393,0.002744476,6.250022929,0.049135426,33.3,600.001,,-6.305199119
2456755.901,-3.702,1.525,La Silla Observatory,HIP81465,BJD,"Trifonov et al. (A&A 636, A74 (2020))",HARPS,ThAr,Trifonov,0.641846652,0.001893891,6.272597684,0.027848073,48.1,899.994,,22.09112088
2456766.764,1.584,1.062,La Silla Observatory,HIP81465,BJD,"Trifonov et al. (A&A 636, A74 (2020))",HARPS,ThAr,Trifonov,0.640557929,0.001389086,6.276132222,0.032843011,64.7,900.0005,,18.63973053
