Time,RV,Uncertainty,Observatory_Site,Star_Name,Time_Convention,Reference,Instrument,Wavelength_Calibration_Technique,Source,Halpha_Index,Halpha_Index_Error,Full_Width_Half_Maximum,Bisetor,Signal_to_noise_ratio_in_order_55,Exposure_Time,Airmass,Barycentric_Earth_Radial_Velocity
2453278.865,-130.224,3.517,"La Silla Observatory, Chile",HD29875,BJD,"Trifonov et al. (A&A 636, A74 (2020))",HARPS,ThAr,Trifonov,0.437575088,0.000162396,28.39929345,-2.752009044,506.6,241.5954,,10.00969822
2453278.871,-101.33,3.578,"La Silla Observatory, Chile",HD29875,BJD,"Trifonov et al. (A&A 636, A74 (2020))",HARPS,ThAr,Trifonov,0.43733709,0.000167359,39.99736172,0.463733923,488.3,241.601,,9.998932978
2453278.874,-106.309,3.569,"La Silla Observatory, Chile",HD29875,BJD,"Trifonov et al. (A&A 636, A74 (2020))",HARPS,ThAr,Trifonov,0.437249125,0.000172937,58.80703392,0.0,473.2,241.6013,,9.992357679
2453602.882,-88.653,1.314,"La Silla Observatory, Chile",HD29875,BJD,"Trifonov et al. (A&A 636, A74 (2020))",HARPS,ThAr,Trifonov,0.439358573,0.00021949,317.7951919,0.0,374.1,240.0019,,13.53773498
2453602.885,-84.013,1.886,"La Silla Observatory, Chile",HD29875,BJD,"Trifonov et al. (A&A 636, A74 (2020))",HARPS,ThAr,Trifonov,0.439823833,0.000345664,332.712218,0.0,241.1,239.999,,13.53299787
2453602.898,-71.03,2.888,"La Silla Observatory, Chile",HD29875,BJD,"Trifonov et al. (A&A 636, A74 (2020))",HARPS,ThAr,Trifonov,0.440790047,0.000563868,58.33483224,-34.15977192,149.7,199.9999,,13.51239971
2453602.901,-89.43,4.012,"La Silla Observatory, Chile",HD29875,BJD,"Trifonov et al. (A&A 636, A74 (2020))",HARPS,ThAr,Trifonov,0.440976422,0.000786326,52.59878045,262.9314731,106.8,200.0009,,13.50785187
2453603.834,468.396,2.991,"La Silla Observatory, Chile",HD29875,BJD,"Trifonov et al. (A&A 636, A74 (2020))",HARPS,ThAr,Trifonov,0.431424455,0.000443064,294.6565416,0.0,186.3,120.7993,,13.59490595
2453603.836,562.619,2.978,"La Silla Observatory, Chile",HD29875,BJD,"Trifonov et al. (A&A 636, A74 (2020))",HARPS,ThAr,Trifonov,0.43108654,0.000421517,340.8642527,0.0,193.4,120.7997,,13.59274756
