Time,RV,Uncertainty,Observatory_Site,Star_Name,Time_Convention,Reference,Instrument,Wavelength_Calibration_Technique,Source,Halpha_Index,Halpha_Index_Error,Full_Width_Half_Maximum,Bisetor,Signal_to_noise_ratio_in_order_55,Exposure_Time,Airmass,Barycentric_Earth_Radial_Velocity
2453047.847,25978.265,1.57,"La Silla Observatory, Chile",HIP61406,BJD,"Trifonov et al. (A&A 636, A74 (2020))",HARPS,ThAr,Trifonov,0.577495695,0.001540185,52.32180147,-1994.824856,53.7,538.9962,,21.57025761
2453066.838,31147.624,1.568,"La Silla Observatory, Chile",HIP61406,BJD,"Trifonov et al. (A&A 636, A74 (2020))",HARPS,ThAr,Trifonov,0.57605961,0.001663592,6.214610379,0.014609152,50.9,899.9943,,17.37397918
2454171.817,31154.705,1.321,"La Silla Observatory, Chile",HIP61406,BJD,"Trifonov et al. (A&A 636, A74 (2020))",HARPS,ThAr,Trifonov,0.57341776,0.00146409,6.25924233,0.022378441,57.4,396.9957,,14.70179305
2454922.742,31196.833,1.665,"La Silla Observatory, Chile",HIP61406,BJD,"Trifonov et al. (A&A 636, A74 (2020))",HARPS,ThAr,Trifonov,0.572656575,0.001741607,6.205124042,0.014624655,49.8,396.4,,7.602227414
2457059.793,31152.29,1.503,"La Silla Observatory, Chile",HIP61406,BJD,"Trifonov et al. (A&A 636, A74 (2020))",HARPS,ThAr,Trifonov,0.575378178,0.001522724,6.274585644,0.020593563,57.3,900.0012,,22.49727475
2457060.788,31154.283,1.274,"La Silla Observatory, Chile",HIP61406,BJD,"Trifonov et al. (A&A 636, A74 (2020))",HARPS,ThAr,Trifonov,0.571213063,0.001173437,6.269524498,0.014116164,73.5,900.0023,,22.3819281
2457086.821,31150.872,1.279,"La Silla Observatory, Chile",HIP61406,BJD,"Trifonov et al. (A&A 636, A74 (2020))",HARPS,ThAr,Trifonov,0.57506121,0.001278342,6.25783562,0.018321692,70.3,900.0023,,16.79803839
