Time,RV,Uncertainty,Observatory_Site,Star_Name,Time_Convention,Reference,Instrument,Wavelength_Calibration_Technique,Source,Halpha_Index,Halpha_Index_Error,Full_Width_Half_Maximum,Bisetor,Signal_to_noise_ratio_in_order_55,Exposure_Time,Airmass,Barycentric_Earth_Radial_Velocity
2454198.549,3295.421,1.491,"La Silla Observatory, Chile",HD49212,BJD,"Trifonov et al. (A&A 636, A74 (2020))",HARPS,ThAr,Trifonov,0.392513894,0.001575491,9.034355016,0.121950982,46.5,45.2023,,-21.75644265
2454225.519,2186.04,1.31,"La Silla Observatory, Chile",HD49212,BJD,"Trifonov et al. (A&A 636, A74 (2020))",HARPS,ThAr,Trifonov,0.392982628,0.001048895,9.091537195,0.12728094,65.2,120.0012,,-19.15399739
2454385.852,-720.188,2.374,"La Silla Observatory, Chile",HD49212,BJD,"Trifonov et al. (A&A 636, A74 (2020))",HARPS,ThAr,Trifonov,0.396189468,0.002204661,9.04434699,0.129527291,33.7,59.9964,,21.71203325
2454422.768,-1000.536,1.817,"La Silla Observatory, Chile",HD49212,BJD,"Trifonov et al. (A&A 636, A74 (2020))",HARPS,ThAr,Trifonov,0.397441336,0.00168449,9.061327896,0.13441907,42.9,34.7983,,16.58509857
2454446.798,-1174.769,1.56,"La Silla Observatory, Chile",HD49212,BJD,"Trifonov et al. (A&A 636, A74 (2020))",HARPS,ThAr,Trifonov,0.39445988,0.001332391,9.061209135,0.12459009,53.1,52.2,,9.159096322
2454480.625,-1298.893,1.399,"La Silla Observatory, Chile",HD49212,BJD,"Trifonov et al. (A&A 636, A74 (2020))",HARPS,ThAr,Trifonov,0.392549443,0.001338533,9.06364141,0.127918368,53.1,60.0,,-3.300467766
2454521.611,-1420.996,2.209,"La Silla Observatory, Chile",HD49212,BJD,"Trifonov et al. (A&A 636, A74 (2020))",HARPS,ThAr,Trifonov,0.401217764,0.002075383,9.124935276,0.087520445,35.6,34.6,,-16.77547913
2454549.605,-1488.998,3.688,"La Silla Observatory, Chile",HD49212,BJD,"Trifonov et al. (A&A 636, A74 (2020))",HARPS,ThAr,Trifonov,0.395908918,0.003305305,9.140589036,0.13572276,23.3,30.0,,-21.3815315
2454566.507,-1523.987,1.399,"La Silla Observatory, Chile",HD49212,BJD,"Trifonov et al. (A&A 636, A74 (2020))",HARPS,ThAr,Trifonov,0.397643295,0.001372696,9.068116508,0.137570157,51.8,45.0,,-21.63097538
