Time,RV,Uncertainty,Observatory_Site,Star_Name,Time_Convention,Reference,Instrument,Wavelength_Calibration_Technique,Source,Halpha_Index,Halpha_Index_Error,Full_Width_Half_Maximum,Bisetor,Signal_to_noise_ratio_in_order_55,Exposure_Time,Airmass,Barycentric_Earth_Radial_Velocity
2457131.782,4516.862,0.773,"La Silla Observatory, Chile",HD147644,BJD,"Trifonov et al. (A&A 636, A74 (2020))",HARPS,ThAr,Trifonov,0.395737132,0.000542351,7.120446233,0.007331495,141.5,1134.0001,,16.49484989
2457131.795,4518.643,0.786,"La Silla Observatory, Chile",HD147644,BJD,"Trifonov et al. (A&A 636, A74 (2020))",HARPS,ThAr,Trifonov,0.395450421,0.000558551,7.123410712,0.011468355,137.2,1134.0011,,16.4545984
2457132.727,4518.807,0.847,"La Silla Observatory, Chile",HD147644,BJD,"Trifonov et al. (A&A 636, A74 (2020))",HARPS,ThAr,Trifonov,0.395105681,0.000601605,7.124782939,0.011510303,125.3,1134.0007,,16.24884683
2457132.741,4516.941,0.847,"La Silla Observatory, Chile",HD147644,BJD,"Trifonov et al. (A&A 636, A74 (2020))",HARPS,ThAr,Trifonov,0.39514515,0.000606149,7.125241113,0.013766911,124.8,1134.0009,,16.21117014
2457134.735,4518.652,0.799,"La Silla Observatory, Chile",HD147644,BJD,"Trifonov et al. (A&A 636, A74 (2020))",HARPS,ThAr,Trifonov,0.394198175,0.000585956,7.122578448,0.015089338,127.9,1200.0008,,15.41445666
2457134.75,4517.634,0.75,"La Silla Observatory, Chile",HD147644,BJD,"Trifonov et al. (A&A 636, A74 (2020))",HARPS,ThAr,Trifonov,0.394158181,0.000529195,7.125382797,0.01304901,142.2,1200.001,,15.37429747
2457134.764,4519.195,0.76,"La Silla Observatory, Chile",HD147644,BJD,"Trifonov et al. (A&A 636, A74 (2020))",HARPS,ThAr,Trifonov,0.39575946,0.000547548,7.123583218,0.013325601,138.0,1200.0004,,15.33427289
