Time,RV,Uncertainty,Observatory_Site,Star_Name,Time_Convention,Reference,Instrument,Wavelength_Calibration_Technique,Source,Halpha_Index,Halpha_Index_Error,Full_Width_Half_Maximum,Bisetor,Signal_to_noise_ratio_in_order_55,Exposure_Time,Airmass,Barycentric_Earth_Radial_Velocity
2456391.699,76.542,1.168,"La Silla Observatory, Chile",HIP55787,BJD,"Trifonov et al. (A&A 636, A74 (2020))",HARPS,ThAr,Trifonov,0.430823003,0.001369851,7.908615578,0.042006771,56.2,1199.9939,,-2.0114219
2456480.508,24.148,2.618,"La Silla Observatory, Chile",HIP55787,BJD,"Trifonov et al. (A&A 636, A74 (2020))",HARPS,ThAr,Trifonov,0.430835191,0.002790993,7.937135998,0.044063054,28.1,1200.0005,,-21.94096954
2456647.846,-42.249,1.352,"La Silla Observatory, Chile",HIP55787,BJD,"Trifonov et al. (A&A 636, A74 (2020))",HARPS,ThAr,Trifonov,0.438723851,0.001284986,7.936058418,0.031347019,58.0,1199.9999,,21.93027102
2456668.789,-32.729,1.28,"La Silla Observatory, Chile",HIP55787,BJD,"Trifonov et al. (A&A 636, A74 (2020))",HARPS,ThAr,Trifonov,0.441968117,0.001207364,7.943326233,0.037486446,61.7,1800.0012,,22.41192968
2457011.777,-32.026,1.176,"La Silla Observatory, Chile",HIP55787,BJD,"Trifonov et al. (A&A 636, A74 (2020))",HARPS,ThAr,Trifonov,0.432049282,0.00107424,7.929491482,0.033861006,68.8,2400.0025,,21.91567901
2457112.839,19.256,1.703,"La Silla Observatory, Chile",HIP55787,BJD,"Trifonov et al. (A&A 636, A74 (2020))",HARPS,ThAr,Trifonov,0.434006299,0.001711156,7.919964055,0.041477646,44.4,2000.0007,,1.393173206
2458201.721,1.123,0.998,"La Silla Observatory, Chile",HIP55787,BJD,"Trifonov et al. (A&A 636, A74 (2020))",HARPS,ThAr,Trifonov,0.441148471,0.001641177,7.929690674,0.027026668,45.9,899.9983,,4.194229347
2458201.732,-1.13,1.001,"La Silla Observatory, Chile",HIP55787,BJD,"Trifonov et al. (A&A 636, A74 (2020))",HARPS,ThAr,Trifonov,0.44727216,0.001866903,7.92871952,0.038377494,40.8,749.9982,,4.171662884
