Time,RV,Uncertainty,Observatory_Name,Star_Name,Time_Convention,Reference,Instrument,Wavelength_Calibration_Technique,Source,Halpha_Index,Halpha_Index_Error,Full_Width_Half_Maximum,Bisetor,Signal_to_noise_ratio_in_order_55,Exposure_Time,Airmass,Barycentric_Earth_Radial_Velocity
2453484.699,-14.872,1.484,La Silla Observatory,HIP59925,BJD,"Trifonov et al. (A&A 636, A74 (2020))",HARPS,ThAr,Trifonov,0.668090366,0.0018002,6.769860322,0.024463689,49.8,498.9828,,-9.299832427
2453489.657,8.709,1.761,La Silla Observatory,HIP59925,BJD,"Trifonov et al. (A&A 636, A74 (2020))",HARPS,ThAr,Trifonov,0.68996248,0.002010975,6.801724492,0.032574159,43.7,873.1824,,-11.40547871
2453491.652,-3.6,1.356,La Silla Observatory,HIP59925,BJD,"Trifonov et al. (A&A 636, A74 (2020))",HARPS,ThAr,Trifonov,0.675437696,0.001486873,6.801412456,0.05114281,59.4,498.9807,,-12.25696292
2453544.522,0.143,1.157,La Silla Observatory,HIP59925,BJD,"Trifonov et al. (A&A 636, A74 (2020))",HARPS,ThAr,Trifonov,0.665842853,0.001227823,6.715554376,0.036019639,71.6,772.0002,,-26.97019163
2453550.56,-13.221,2.144,La Silla Observatory,HIP59925,BJD,"Trifonov et al. (A&A 636, A74 (2020))",HARPS,ThAr,Trifonov,0.679486476,0.002419016,6.773331879,0.045451716,36.4,900.0015,,-27.54955516
2453789.843,-4.268,1.673,La Silla Observatory,HIP59925,BJD,"Trifonov et al. (A&A 636, A74 (2020))",HARPS,ThAr,Trifonov,0.689569503,0.001955754,6.780066883,0.0404903,46.8,492.5011,,18.12165113
2456080.528,11.409,1.058,La Silla Observatory,HIP59925,BJD,"Trifonov et al. (A&A 636, A74 (2020))",HARPS,ThAr,Trifonov,0.69528636,0.00137534,6.786453056,0.018771391,69.0,600.006,,-23.20947219
