Time,RV,Uncertainty,Observatory_Name,Star_Name,Time_Convention,Reference,Instrument,Wavelength_Calibration_Technique,Source,Halpha_Index,Halpha_Index_Error,Full_Width_Half_Maximum,Bisetor,Signal_to_noise_ratio_in_order_55,Exposure_Time,Airmass,Barycentric_Earth_Radial_Velocity
2453017.816,3.51,1.734,La Silla Observatory,HIP48762,BJD,"Trifonov et al. (A&A 636, A74 (2020))",HARPS,ThAr,Trifonov,0.552568977,0.002053673,6.105562995,0.014482626,40.0,353.0009,,19.20877596
2453049.753,1.012,1.17,La Silla Observatory,HIP48762,BJD,"Trifonov et al. (A&A 636, A74 (2020))",HARPS,ThAr,Trifonov,0.550408703,0.001394725,6.052860221,0.022274294,58.6,749.0971,,5.574018878
2453373.851,0.183,1.219,La Silla Observatory,HIP48762,BJD,"Trifonov et al. (A&A 636, A74 (2020))",HARPS,ThAr,Trifonov,0.54552645,0.001318388,6.043267195,0.019974528,62.0,753.9773,,22.17430265
2454172.651,-2.505,1.297,La Silla Observatory,HIP48762,BJD,"Trifonov et al. (A&A 636, A74 (2020))",HARPS,ThAr,Trifonov,0.546892613,0.001427108,6.059374959,0.019417555,58.5,418.8975,,-7.234768942
2454173.657,-1.344,1.574,La Silla Observatory,HIP48762,BJD,"Trifonov et al. (A&A 636, A74 (2020))",HARPS,ThAr,Trifonov,0.545330616,0.002021212,6.053191667,0.016400028,41.7,416.5952,,-7.717454531
2454902.78,-0.981,1.612,La Silla Observatory,HIP48762,BJD,"Trifonov et al. (A&A 636, A74 (2020))",HARPS,ThAr,Trifonov,0.547294455,0.002108819,6.043416309,0.00971176,41.3,418.9,,-7.348573941
2455263.667,0.45,1.09,La Silla Observatory,HIP48762,BJD,"Trifonov et al. (A&A 636, A74 (2020))",HARPS,ThAr,Trifonov,0.534323489,0.001067409,6.010744405,0.010066704,78.4,900.0013,,-5.049249556
