Time,RV,Uncertainty,Observatory_Site,Star_Name,Time_Convention,Reference,Instrument,Wavelength_Calibration_Technique,Source,Halpha_Index,Halpha_Index_Error,Full_Width_Half_Maximum,Bisetor,Signal_to_noise_ratio_in_order_55,Exposure_Time,Airmass,Barycentric_Earth_Radial_Velocity
2454369.88,2.145,1.221,"La Silla Observatory, Chile",HD10188,BJD,"Trifonov et al. (A&A 636, A74 (2020))",HARPS,ThAr,Trifonov,0.41417449,0.000799703,7.94052492,-0.000864066,93.6,899.9962,,1.288939337
2454724.803,0.971,0.956,"La Silla Observatory, Chile",HD10188,BJD,"Trifonov et al. (A&A 636, A74 (2020))",HARPS,ThAr,Trifonov,0.418678575,0.00079592,7.929454275,-0.001888175,98.3,900.0,,5.437477477
2454725.786,-2.247,0.881,"La Silla Observatory, Chile",HD10188,BJD,"Trifonov et al. (A&A 636, A74 (2020))",HARPS,ThAr,Trifonov,0.416209991,0.000680987,7.928542122,0.001979488,113.0,900.0,,5.099524679
2455787.883,-5.219,1.132,"La Silla Observatory, Chile",HD10188,BJD,"Trifonov et al. (A&A 636, A74 (2020))",HARPS,ThAr,Trifonov,0.417814933,0.000764153,7.931541195,-4.82e-05,104.8,900.0003,,16.12177738
2456183.812,1.817,0.805,"La Silla Observatory, Chile",HD10188,BJD,"Trifonov et al. (A&A 636, A74 (2020))",HARPS,ThAr,Trifonov,0.416721377,0.000600176,7.944459151,0.001232909,130.0,900.0002,,6.20257007
2456184.854,-7.801,1.501,"La Silla Observatory, Chile",HD10188,BJD,"Trifonov et al. (A&A 636, A74 (2020))",HARPS,ThAr,Trifonov,0.414962073,0.001117151,7.944124062,-0.00117207,70.5,900.0005,,5.723684407
2456271.67,-1.171,1.075,"La Silla Observatory, Chile",HD10188,BJD,"Trifonov et al. (A&A 636, A74 (2020))",HARPS,ThAr,Trifonov,0.416179232,0.000605051,7.94900861,1.16e-05,129.1,900.0007,,-22.09381016
2456561.793,2.1,0.908,"La Silla Observatory, Chile",HD10188,BJD,"Trifonov et al. (A&A 636, A74 (2020))",HARPS,ThAr,Trifonov,0.412780392,0.000661076,7.951395447,-0.000459929,118.0,900.0009,,1.328558647
2456562.599,5.515,1.24,"La Silla Observatory, Chile",HD10188,BJD,"Trifonov et al. (A&A 636, A74 (2020))",HARPS,ThAr,Trifonov,0.419265872,0.000773513,7.9461796,0.008238046,98.2,899.9996,,1.374432657
