Time,RV,Uncertainty,Observatory_Site,Star_Name,Time_Convention,Reference,Instrument,Wavelength_Calibration_Technique,Source,Halpha_Index,Halpha_Index_Error,Full_Width_Half_Maximum,Bisetor,Signal_to_noise_ratio_in_order_55,Exposure_Time,Airmass,Barycentric_Earth_Radial_Velocity
2452942.789,20315.649,3.233,"La Silla Observatory, Chile",HD26430,BJD,"Trifonov et al. (A&A 636, A74 (2020))",HARPS,ThAr,Trifonov,0.528035937,0.002565536,5.963579236,0.017061623,31.5,286.3959,,-1.294433112
2452991.707,20317.442,3.395,"La Silla Observatory, Chile",HD26430,BJD,"Trifonov et al. (A&A 636, A74 (2020))",HARPS,ThAr,Trifonov,0.516727004,0.002746355,5.985118501,0.011190479,29.1,275.1957,,-8.143318145
2452998.629,20326.944,2.919,"La Silla Observatory, Chile",HD26430,BJD,"Trifonov et al. (A&A 636, A74 (2020))",HARPS,ThAr,Trifonov,0.525630542,0.002458981,5.997713405,0.007128128,32.8,266.0959,,-8.65309809
2453007.57,20319.685,1.688,"La Silla Observatory, Chile",HD26430,BJD,"Trifonov et al. (A&A 636, A74 (2020))",HARPS,ThAr,Trifonov,0.523105848,0.001523901,5.971791764,0.009390833,51.8,541.2922,,-9.166621647
2453015.603,20324.319,2.514,"La Silla Observatory, Chile",HD26430,BJD,"Trifonov et al. (A&A 636, A74 (2020))",HARPS,ThAr,Trifonov,0.525551968,0.002341012,5.996585458,0.006528827,35.4,532.3016,,-9.568151552
2453781.619,20320.414,1.446,"La Silla Observatory, Chile",HD26430,BJD,"Trifonov et al. (A&A 636, A74 (2020))",HARPS,ThAr,Trifonov,0.509121449,0.001310764,6.002513063,0.012212732,60.2,600.002,,-8.843709683
2454757.887,20317.057,1.444,"La Silla Observatory, Chile",HD26430,BJD,"Trifonov et al. (A&A 636, A74 (2020))",HARPS,ThAr,Trifonov,0.525163421,0.001393939,5.98853688,0.006435426,59.5,562.6,,0.454410186
2454902.491,20317.816,1.298,"La Silla Observatory, Chile",HD26430,BJD,"Trifonov et al. (A&A 636, A74 (2020))",HARPS,ThAr,Trifonov,0.521674581,0.001304077,5.997633472,0.004312636,63.7,375.1,,-6.167571212
