Time,RV,Uncertainty,Observatory_Name,Star_Name,Time_Convention,Reference,Instrument,Wavelength_Calibration_Technique,Source,Halpha_Index,Halpha_Index_Error,Full_Width_Half_Maximum,Bisetor,Signal_to_noise_ratio_in_order_55,Exposure_Time,Airmass,Barycentric_Earth_Radial_Velocity
2453703.656,-0.603,0.979,La Silla Observatory,HD11271,BJD,"Trifonov et al. (A&A 636, A74 (2020))",HARPS,ThAr,Trifonov,0.395638985,0.000433013,7.932768135,0.017831317,167.5,900.0014,,-19.26934351
2453704.645,-2.402,0.697,La Silla Observatory,HD11271,BJD,"Trifonov et al. (A&A 636, A74 (2020))",HARPS,ThAr,Trifonov,0.391595533,0.000410413,7.929042294,0.014943092,175.1,899.999,,-19.65541188
2453705.629,-1.505,0.965,La Silla Observatory,HD11271,BJD,"Trifonov et al. (A&A 636, A74 (2020))",HARPS,ThAr,Trifonov,0.393108864,0.000563819,7.92942353,0.017411742,130.3,899.9995,,-20.01842443
2453706.629,0.682,0.999,La Silla Observatory,HD11271,BJD,"Trifonov et al. (A&A 636, A74 (2020))",HARPS,ThAr,Trifonov,0.393055774,0.000594053,7.932487871,0.016089305,123.0,900.0007,,-20.42240546
2453707.64,0.587,0.882,La Silla Observatory,HD11271,BJD,"Trifonov et al. (A&A 636, A74 (2020))",HARPS,ThAr,Trifonov,0.390392917,0.00045815,7.930863138,0.014096228,156.2,899.9991,,-20.84897515
2453708.641,2.112,0.78,La Silla Observatory,HD11271,BJD,"Trifonov et al. (A&A 636, A74 (2020))",HARPS,ThAr,Trifonov,0.391309983,0.000476915,7.93277756,0.020201667,151.5,900.0027,,-21.24013125
2453709.64,2.115,1.013,La Silla Observatory,HD11271,BJD,"Trifonov et al. (A&A 636, A74 (2020))",HARPS,ThAr,Trifonov,0.392748285,0.000595409,7.93144258,0.016469887,122.4,899.9998,,-21.6220711
2453710.639,0.26,1.07,La Silla Observatory,HD11271,BJD,"Trifonov et al. (A&A 636, A74 (2020))",HARPS,ThAr,Trifonov,0.395281863,0.000505004,7.932039748,0.017420744,143.3,899.999,,-21.99317299
