Time,RV,Uncertainty,Observatory_Site,Star_Name,Time_Convention,Reference,Instrument,Wavelength_Calibration_Technique,Source,Halpha_Index,Halpha_Index_Error,Full_Width_Half_Maximum,Bisetor,Signal_to_noise_ratio_in_order_55,Exposure_Time,Airmass,Barycentric_Earth_Radial_Velocity
2456137.587,1520.86,5.437,"La Silla Observatory, Chile",HD197777,BJD,"Trifonov et al. (A&A 636, A74 (2020))",HARPS,ThAr,Trifonov,0.637214792,0.001797241,6.731946788,-0.014894281,53.3,900.0001,,2.469856704
2456137.662,-591.419,5.441,"La Silla Observatory, Chile",HD197777,BJD,"Trifonov et al. (A&A 636, A74 (2020))",HARPS,ThAr,Trifonov,0.646081252,0.001653432,6.666338426,-0.017629724,59.6,900.0004,,2.27601754
2456137.756,4028.803,5.951,"La Silla Observatory, Chile",HD197777,BJD,"Trifonov et al. (A&A 636, A74 (2020))",HARPS,ThAr,Trifonov,0.684407352,0.001716913,6.754675147,-0.005798131,60.3,900.0001,,1.99864938
2456138.575,3707.599,5.076,"La Silla Observatory, Chile",HD197777,BJD,"Trifonov et al. (A&A 636, A74 (2020))",HARPS,ThAr,Trifonov,0.689891707,0.001699645,6.723264102,-0.034292725,58.8,900.0003,,2.000720689
2456138.668,-913.772,4.941,"La Silla Observatory, Chile",HD197777,BJD,"Trifonov et al. (A&A 636, A74 (2020))",HARPS,ThAr,Trifonov,0.691365705,0.001726978,6.674827629,0.023600229,59.7,900.0005,,1.76314764
2456138.786,1398.43,4.103,"La Silla Observatory, Chile",HD197777,BJD,"Trifonov et al. (A&A 636, A74 (2020))",HARPS,ThAr,Trifonov,0.701696954,0.001327731,6.723282553,-0.007868155,80.1,1020.0002,,1.414812237
2456179.509,-3059.51,5.73,"La Silla Observatory, Chile",HD197777,BJD,"Trifonov et al. (A&A 636, A74 (2020))",HARPS,ThAr,Trifonov,0.741953057,0.002015818,6.735003354,-0.038459933,52.3,900.0003,,-17.26513933
2456179.605,-3166.918,4.954,"La Silla Observatory, Chile",HD197777,BJD,"Trifonov et al. (A&A 636, A74 (2020))",HARPS,ThAr,Trifonov,0.746878399,0.00172976,6.726614611,-0.037491393,62.3,900.0,,-17.5312893
2456179.737,-3157.608,5.297,"La Silla Observatory, Chile",HD197777,BJD,"Trifonov et al. (A&A 636, A74 (2020))",HARPS,ThAr,Trifonov,0.752844602,0.001859733,6.664407572,-0.050717065,57.5,1200.0002,,-17.87555291
