Time,RV,Uncertainty,Observatory_Site,Star_Name,Time_Convention,Reference,Instrument,Wavelength_Calibration_Technique,Source,Halpha_Index,Halpha_Index_Error,Full_Width_Half_Maximum,Bisetor,Signal_to_noise_ratio_in_order_55,Exposure_Time,Airmass,Barycentric_Earth_Radial_Velocity
2453875.5,2237.707,1.278,"La Silla Observatory, Chile",HD96819,BJD,"Trifonov et al. (A&A 636, A74 (2020))",HARPS,ThAr,Trifonov,0.741210041,0.000495794,2.686751745,-10.11731239,257.9,176.4019,,-21.34969955
2453875.502,15096.516,1.247,"La Silla Observatory, Chile",HD96819,BJD,"Trifonov et al. (A&A 636, A74 (2020))",HARPS,ThAr,Trifonov,0.740950321,0.000458569,1.973623588,-0.60969614,276.9,176.4012,,-21.35585714
2453875.609,-16555.221,1.139,"La Silla Observatory, Chile",HD96819,BJD,"Trifonov et al. (A&A 636, A74 (2020))",HARPS,ThAr,Trifonov,0.741907206,0.000333405,22.58082657,751.6049769,374.3,264.5998,,-21.6043805
2453875.612,-8948.667,1.138,"La Silla Observatory, Chile",HD96819,BJD,"Trifonov et al. (A&A 636, A74 (2020))",HARPS,ThAr,Trifonov,0.741284328,0.000333419,45.60010155,-6.22899773,372.9,264.5985,,-21.61123855
2453876.525,-148929.999,1.229,"La Silla Observatory, Chile",HD96819,BJD,"Trifonov et al. (A&A 636, A74 (2020))",HARPS,ThAr,Trifonov,0.743039289,0.000437542,132.7323555,0.0,286.0,176.1007,,-21.64442539
2453876.528,-13191.14,1.199,"La Silla Observatory, Chile",HD96819,BJD,"Trifonov et al. (A&A 636, A74 (2020))",HARPS,ThAr,Trifonov,0.742194303,0.00040141,28.60099653,22.42085945,311.6,176.1,,-21.65038385
2453880.501,-1052.101,1.479,"La Silla Observatory, Chile",HD96819,BJD,"Trifonov et al. (A&A 636, A74 (2020))",HARPS,ThAr,Trifonov,0.742003353,0.000741832,11.17219052,-3.100587929,173.2,176.1001,,-22.4496326
2453880.503,17616.8,1.508,"La Silla Observatory, Chile",HD96819,BJD,"Trifonov et al. (A&A 636, A74 (2020))",HARPS,ThAr,Trifonov,0.744333816,0.000778117,2.688587855,0.476169527,164.4,176.1014,,-22.4559714
