Time,RV,Uncertainty,Observatory_Site,Star_Name,Time_Convention,Reference,Instrument,Wavelength_Calibration_Technique,Source,Halpha_Index,Halpha_Index_Error,Full_Width_Half_Maximum,Bisetor,Signal_to_noise_ratio_in_order_55,Exposure_Time,Airmass,Barycentric_Earth_Radial_Velocity
2454044.64,-1348.809,1.23,"La Silla Observatory, Chile",HD6245,BJD,"Trifonov et al. (A&A 636, A74 (2020))",HARPS,ThAr,Trifonov,0.404164645,0.000684912,8.642345596,0.041562724,102.3,90.0001,,-16.25905516
2454370.671,-1344.986,1.099,"La Silla Observatory, Chile",HD6245,BJD,"Trifonov et al. (A&A 636, A74 (2020))",HARPS,ThAr,Trifonov,0.408887874,0.000421457,8.66289823,0.038328997,167.3,90.0,,-4.911941828
2454371.654,-1338.858,1.105,"La Silla Observatory, Chile",HD6245,BJD,"Trifonov et al. (A&A 636, A74 (2020))",HARPS,ThAr,Trifonov,0.410066667,0.000428638,8.659037318,0.03843479,163.5,90.0004,,-5.215396075
2454622.864,-1362.147,1.078,"La Silla Observatory, Chile",HD6245,BJD,"Trifonov et al. (A&A 636, A74 (2020))",HARPS,ThAr,Trifonov,0.418004102,0.000375101,8.624332303,0.027767279,190.6,90.0,,19.94424842
2454684.734,-1310.108,1.079,"La Silla Observatory, Chile",HD6245,BJD,"Trifonov et al. (A&A 636, A74 (2020))",HARPS,ThAr,Trifonov,0.412118022,0.00036341,8.690336495,0.032437231,194.5,90.0,,11.70157361
2454785.628,-1335.512,1.001,"La Silla Observatory, Chile",HD6245,BJD,"Trifonov et al. (A&A 636, A74 (2020))",HARPS,ThAr,Trifonov,0.408556455,0.00060243,8.640254095,0.038679085,117.9,90.0,,-18.25459451
2454787.581,-1334.544,1.131,"La Silla Observatory, Chile",HD6245,BJD,"Trifonov et al. (A&A 636, A74 (2020))",HARPS,ThAr,Trifonov,0.405975922,0.000492465,8.647185947,0.037188471,144.5,90.0,,-18.48636111
2454788.585,-1327.387,1.071,"La Silla Observatory, Chile",HD6245,BJD,"Trifonov et al. (A&A 636, A74 (2020))",HARPS,ThAr,Trifonov,0.40671576,0.000351435,8.647521621,0.039107017,203.0,90.0,,-18.64568983
