Time,RV,Uncertainty,Observatory_Name,Star_Name,Time_Convention,Reference,Instrument,Wavelength_Calibration_Technique,Source,Halpha_Index,Halpha_Index_Error,Full_Width_Half_Maximum,Bisetor,Signal_to_noise_ratio_in_order_55,Exposure_Time,Airmass,Barycentric_Earth_Radial_Velocity
2454900.726,3.72,1.536,La Silla Observatory,HD108177,BJD,"Trifonov et al. (A&A 636, A74 (2020))",HARPS,ThAr,Trifonov,0.422751808,0.000504713,6.552383141,0.057527803,148.9,2700.0,,8.627235069
2454900.758,3.212,1.443,La Silla Observatory,HD108177,BJD,"Trifonov et al. (A&A 636, A74 (2020))",HARPS,ThAr,Trifonov,0.422469371,0.000479281,6.559139689,0.047883825,157.7,2700.0,,8.530061298
2454900.789,-2.364,1.388,La Silla Observatory,HD108177,BJD,"Trifonov et al. (A&A 636, A74 (2020))",HARPS,ThAr,Trifonov,0.424530749,0.000456723,6.572704306,0.045972018,165.4,2700.0,,8.435133621
2454900.821,-0.358,1.406,La Silla Observatory,HD108177,BJD,"Trifonov et al. (A&A 636, A74 (2020))",HARPS,ThAr,Trifonov,0.422527516,0.000458035,6.57001153,0.049033534,164.9,2700.0,,8.342749698
2454901.711,-2.881,1.571,La Silla Observatory,HD108177,BJD,"Trifonov et al. (A&A 636, A74 (2020))",HARPS,ThAr,Trifonov,0.42300859,0.000527068,6.553368749,0.054194745,143.6,2700.0,,8.168806231
2454901.742,-1.416,1.615,La Silla Observatory,HD108177,BJD,"Trifonov et al. (A&A 636, A74 (2020))",HARPS,ThAr,Trifonov,0.423748874,0.00054674,6.576089142,0.055187419,138.8,2700.0,,8.074243708
